[15:43:04] [ServerMain/INFO]: Building unoptimized datafixer
[15:43:06] [ServerMain/INFO]: Environment: authHost='https://authserver.mojang.com', accountsHost='https://api.mojang.com', sessionHost='https://sessionserver.mojang.com', servicesHost='https://api.minecraftservices.com', name='PROD'
[15:43:09] [ServerMain/INFO]: Loaded 7 recipes
[15:43:13] [Server thread/INFO]: Starting minecraft server version 1.19.2
[15:43:13] [Server thread/INFO]: Loading properties
[15:43:13] [Server thread/INFO]: This server is running CraftBukkit version 3610-Spigot-6198b5a-19df23a (MC: 1.19.2) (Implementing API version 1.19.2-R0.1-SNAPSHOT)
[15:43:13] [Server thread/INFO]: Debug logging is disabled
[15:43:13] [Server thread/INFO]: Server Ping Player Sample Count: 12
[15:43:13] [Server thread/INFO]: Using 4 threads for Netty based IO
[15:43:13] [Server thread/INFO]: Default game type: SURVIVAL
[15:43:13] [Server thread/INFO]: Generating keypair
[15:43:13] [Server thread/INFO]: Starting Minecraft server on *:25565
[15:43:13] [Server thread/INFO]: Using default channel type
[15:43:15] [Server thread/WARN]: Initializing Legacy Material Support. Unless you have legacy plugins and/or data this is a bug!
[15:43:23] [Server thread/WARN]: Legacy plugin AdvancedAchievements-LuckPerms-Hook v1.1.0 does not specify an api-version.
[15:43:23] [Server thread/INFO]: [LuckPerms] Loading LuckPerms v5.4.58
[15:43:25] [Server thread/INFO]: [PlaceholderAPI] Loading PlaceholderAPI v2.11.2
[15:43:25] [Server thread/INFO]: [NametagEdit] Loading NametagEdit v4.5.14
[15:43:25] [Server thread/INFO]: [Vault] Loading Vault v1.7.3-b131
[15:43:25] [Server thread/INFO]: [LoneLibs] Loading LoneLibs v1.0.21
[15:43:25] [Server thread/INFO]: [Multiverse-Core] Loading Multiverse-Core v4.3.1-b861
[15:43:25] [Server thread/INFO]: [ProtocolLib] Loading ProtocolLib v5.0.0-SNAPSHOT-b600
[15:43:25] [Server thread/WARN]: [ProtocolLib] Version (MC: 1.19.2) has not yet been tested! Proceed with caution.
[15:43:27] [Server thread/INFO]: [AdvancedHelp] Loading AdvancedHelp v1.12.7
[15:43:27] [Server thread/INFO]: [CrazyEnchantments] Loading CrazyEnchantments v1.9.8
[15:43:27] [Server thread/INFO]: [SimpleScore] Loading SimpleScore v3.12.2
[15:43:27] [Server thread/INFO]: [Essentials] Loading Essentials v2.19.7
[15:43:27] [Server thread/INFO]: [AdvancedAchievements] Loading AdvancedAchievements v6.2.1
[15:43:27] [Server thread/INFO]: [EssentialsChat] Loading EssentialsChat v2.17.0.0
[15:43:27] [Server thread/INFO]: [TAB] Loading TAB v3.2.1
[15:43:27] [Server thread/INFO]: [AdvancedAchievements-LuckPerms-Hook] Loading AdvancedAchievements-LuckPerms-Hook v1.1.0
[15:43:27] [Server thread/INFO]: [ItemJoin] Loading ItemJoin v5.2.5-RELEASE-b850
[15:43:27] [Server thread/INFO]: [ItemsAdder] Loading ItemsAdder v3.2.5-beta5
[15:43:27] [Server thread/INFO]: [BossShopPro] Loading BossShopPro v2.1.0-SNAPSHOT
[15:43:27] [Server thread/INFO]: [BlockSounds] Loading BlockSounds v1.3
[15:43:27] [Server thread/INFO]: [LuckPerms] Enabling LuckPerms v5.4.58
[15:43:29] [Server thread/INFO]:         __    
[15:43:29] [Server thread/INFO]:   |    |__)   LuckPerms v5.4.58
[15:43:29] [Server thread/INFO]:   |___ |      Running on Bukkit - CraftBukkit
[15:43:29] [Server thread/INFO]: 
[15:43:29] [Server thread/INFO]: [LuckPerms] Loading configuration...
[15:43:30] [Server thread/INFO]: [LuckPerms] Loading storage provider... [H2]
[15:43:31] [Server thread/INFO]: [LuckPerms] Loading internal permission managers...
[15:43:31] [Server thread/INFO]: [LuckPerms] Performing initial data load...
[15:43:31] [Server thread/INFO]: [LuckPerms] Successfully enabled. (took 4032ms)
[15:43:31] [Server thread/INFO]: [Vault] Enabling Vault v1.7.3-b131
[15:43:31] [Server thread/WARN]: [Vault] Loaded class com.earth2me.essentials.api.Economy from Essentials v2.19.7 which is not a depend or softdepend of this plugin.
[15:43:31] [Server thread/INFO]: [Vault] [Economy] Essentials Economy found: Waiting
[15:43:31] [Server thread/INFO]: [Vault] [Permission] SuperPermissions loaded as backup permission system.
[15:43:31] [Server thread/INFO]: [Vault] Enabled Version 1.7.3-b131
[15:43:32] [Server thread/INFO]: [LuckPerms] Registered Vault permission & chat hook.
[15:43:32] [Server thread/INFO]: [LoneLibs] Enabling LoneLibs v1.0.21
[15:43:32] [Server thread/INFO]: [ProtocolLib] Enabling ProtocolLib v5.0.0-SNAPSHOT-b600
[15:43:32] [Server thread/INFO]: [ItemJoin] Enabling ItemJoin v5.2.5-RELEASE-b850
[15:43:32] [Server thread/INFO]: Preparing level "world"
[15:43:32] [Server thread/INFO]: -------- World Settings For [world] --------
[15:43:32] [Server thread/INFO]: Simulation Distance: 10
[15:43:32] [Server thread/INFO]: View Distance: 10
[15:43:32] [Server thread/INFO]: Allow Zombie Pigmen to spawn from portal blocks: true
[15:43:32] [Server thread/INFO]: Item Despawn Rate: 6000
[15:43:32] [Server thread/INFO]: Item Merge Radius: 2.5
[15:43:32] [Server thread/INFO]: Nerfing mobs spawned from spawners: false
[15:43:32] [Server thread/INFO]: Zombie Aggressive Towards Villager: true
[15:43:32] [Server thread/INFO]: Mob Spawn Range: 6
[15:43:32] [Server thread/INFO]: Experience Merge Radius: 3.0
[15:43:32] [Server thread/INFO]: Entity Activation Range: An 32 / Mo 32 / Ra 48 / Mi 16 / Tiv true / Isa false
[15:43:32] [Server thread/INFO]: Cactus Growth Modifier: 100%
[15:43:32] [Server thread/INFO]: Cane Growth Modifier: 100%
[15:43:32] [Server thread/INFO]: Melon Growth Modifier: 100%
[15:43:32] [Server thread/INFO]: Mushroom Growth Modifier: 100%
[15:43:32] [Server thread/INFO]: Pumpkin Growth Modifier: 100%
[15:43:32] [Server thread/INFO]: Sapling Growth Modifier: 100%
[15:43:32] [Server thread/INFO]: Beetroot Growth Modifier: 100%
[15:43:32] [Server thread/INFO]: Carrot Growth Modifier: 100%
[15:43:32] [Server thread/INFO]: Potato Growth Modifier: 100%
[15:43:32] [Server thread/INFO]: Wheat Growth Modifier: 100%
[15:43:32] [Server thread/INFO]: NetherWart Growth Modifier: 100%
[15:43:32] [Server thread/INFO]: Vine Growth Modifier: 100%
[15:43:32] [Server thread/INFO]: Cocoa Growth Modifier: 100%
[15:43:32] [Server thread/INFO]: Bamboo Growth Modifier: 100%
[15:43:32] [Server thread/INFO]: SweetBerry Growth Modifier: 100%
[15:43:32] [Server thread/INFO]: Kelp Growth Modifier: 100%
[15:43:32] [Server thread/INFO]: TwistingVines Growth Modifier: 100%
[15:43:32] [Server thread/INFO]: WeepingVines Growth Modifier: 100%
[15:43:32] [Server thread/INFO]: CaveVines Growth Modifier: 100%
[15:43:32] [Server thread/INFO]: Entity Tracking Range: Pl 48 / An 48 / Mo 48 / Mi 32 / Other 64
[15:43:32] [Server thread/INFO]: Hopper Transfer: 8 Hopper Check: 1 Hopper Amount: 1 Hopper Can Load Chunks: false
[15:43:32] [Server thread/INFO]: Custom Map Seeds:  Village: 10387312 Desert: 14357617 Igloo: 14357618 Jungle: 14357619 Swamp: 14357620 Monument: 10387313 Ocean: 14357621 Shipwreck: 165745295 End City: 10387313 Slime: 987234911 Nether: 30084232 Mansion: 10387319 Fossil: 14357921 Portal: 34222645
[15:43:32] [Server thread/INFO]: Max TNT Explosions: 100
[15:43:32] [Server thread/INFO]: Tile Max Tick Time: 50ms Entity max Tick Time: 50ms
[15:43:32] [Server thread/INFO]: Arrow Despawn Rate: 1200 Trident Respawn Rate:1200
[15:43:33] [Server thread/INFO]: -------- World Settings For [world_nether] --------
[15:43:33] [Server thread/INFO]: Simulation Distance: 10
[15:43:33] [Server thread/INFO]: View Distance: 10
[15:43:33] [Server thread/INFO]: Allow Zombie Pigmen to spawn from portal blocks: true
[15:43:33] [Server thread/INFO]: Item Despawn Rate: 6000
[15:43:33] [Server thread/INFO]: Item Merge Radius: 2.5
[15:43:33] [Server thread/INFO]: Nerfing mobs spawned from spawners: false
[15:43:33] [Server thread/INFO]: Zombie Aggressive Towards Villager: true
[15:43:33] [Server thread/INFO]: Mob Spawn Range: 6
[15:43:33] [Server thread/INFO]: Experience Merge Radius: 3.0
[15:43:33] [Server thread/INFO]: Entity Activation Range: An 32 / Mo 32 / Ra 48 / Mi 16 / Tiv true / Isa false
[15:43:33] [Server thread/INFO]: Cactus Growth Modifier: 100%
[15:43:33] [Server thread/INFO]: Cane Growth Modifier: 100%
[15:43:33] [Server thread/INFO]: Melon Growth Modifier: 100%
[15:43:33] [Server thread/INFO]: Mushroom Growth Modifier: 100%
[15:43:33] [Server thread/INFO]: Pumpkin Growth Modifier: 100%
[15:43:33] [Server thread/INFO]: Sapling Growth Modifier: 100%
[15:43:33] [Server thread/INFO]: Beetroot Growth Modifier: 100%
[15:43:33] [Server thread/INFO]: Carrot Growth Modifier: 100%
[15:43:33] [Server thread/INFO]: Potato Growth Modifier: 100%
[15:43:33] [Server thread/INFO]: Wheat Growth Modifier: 100%
[15:43:33] [Server thread/INFO]: NetherWart Growth Modifier: 100%
[15:43:33] [Server thread/INFO]: Vine Growth Modifier: 100%
[15:43:33] [Server thread/INFO]: Cocoa Growth Modifier: 100%
[15:43:33] [Server thread/INFO]: Bamboo Growth Modifier: 100%
[15:43:33] [Server thread/INFO]: SweetBerry Growth Modifier: 100%
[15:43:33] [Server thread/INFO]: Kelp Growth Modifier: 100%
[15:43:33] [Server thread/INFO]: TwistingVines Growth Modifier: 100%
[15:43:33] [Server thread/INFO]: WeepingVines Growth Modifier: 100%
[15:43:33] [Server thread/INFO]: CaveVines Growth Modifier: 100%
[15:43:33] [Server thread/INFO]: Entity Tracking Range: Pl 48 / An 48 / Mo 48 / Mi 32 / Other 64
[15:43:33] [Server thread/INFO]: Hopper Transfer: 8 Hopper Check: 1 Hopper Amount: 1 Hopper Can Load Chunks: false
[15:43:33] [Server thread/INFO]: Custom Map Seeds:  Village: 10387312 Desert: 14357617 Igloo: 14357618 Jungle: 14357619 Swamp: 14357620 Monument: 10387313 Ocean: 14357621 Shipwreck: 165745295 End City: 10387313 Slime: 987234911 Nether: 30084232 Mansion: 10387319 Fossil: 14357921 Portal: 34222645
[15:43:33] [Server thread/INFO]: Max TNT Explosions: 100
[15:43:33] [Server thread/INFO]: Tile Max Tick Time: 50ms Entity max Tick Time: 50ms
[15:43:33] [Server thread/INFO]: Arrow Despawn Rate: 1200 Trident Respawn Rate:1200
[15:43:33] [Server thread/INFO]: -------- World Settings For [world_the_end] --------
[15:43:33] [Server thread/INFO]: Simulation Distance: 10
[15:43:33] [Server thread/INFO]: View Distance: 10
[15:43:33] [Server thread/INFO]: Allow Zombie Pigmen to spawn from portal blocks: true
[15:43:33] [Server thread/INFO]: Item Despawn Rate: 6000
[15:43:33] [Server thread/INFO]: Item Merge Radius: 2.5
[15:43:33] [Server thread/INFO]: Nerfing mobs spawned from spawners: false
[15:43:33] [Server thread/INFO]: Zombie Aggressive Towards Villager: true
[15:43:33] [Server thread/INFO]: Mob Spawn Range: 6
[15:43:33] [Server thread/INFO]: Experience Merge Radius: 3.0
[15:43:33] [Server thread/INFO]: Entity Activation Range: An 32 / Mo 32 / Ra 48 / Mi 16 / Tiv true / Isa false
[15:43:33] [Server thread/INFO]: Cactus Growth Modifier: 100%
[15:43:33] [Server thread/INFO]: Cane Growth Modifier: 100%
[15:43:33] [Server thread/INFO]: Melon Growth Modifier: 100%
[15:43:33] [Server thread/INFO]: Mushroom Growth Modifier: 100%
[15:43:33] [Server thread/INFO]: Pumpkin Growth Modifier: 100%
[15:43:33] [Server thread/INFO]: Sapling Growth Modifier: 100%
[15:43:33] [Server thread/INFO]: Beetroot Growth Modifier: 100%
[15:43:33] [Server thread/INFO]: Carrot Growth Modifier: 100%
[15:43:33] [Server thread/INFO]: Potato Growth Modifier: 100%
[15:43:33] [Server thread/INFO]: Wheat Growth Modifier: 100%
[15:43:33] [Server thread/INFO]: NetherWart Growth Modifier: 100%
[15:43:33] [Server thread/INFO]: Vine Growth Modifier: 100%
[15:43:33] [Server thread/INFO]: Cocoa Growth Modifier: 100%
[15:43:33] [Server thread/INFO]: Bamboo Growth Modifier: 100%
[15:43:33] [Server thread/INFO]: SweetBerry Growth Modifier: 100%
[15:43:33] [Server thread/INFO]: Kelp Growth Modifier: 100%
[15:43:33] [Server thread/INFO]: TwistingVines Growth Modifier: 100%
[15:43:33] [Server thread/INFO]: WeepingVines Growth Modifier: 100%
[15:43:33] [Server thread/INFO]: CaveVines Growth Modifier: 100%
[15:43:33] [Server thread/INFO]: Entity Tracking Range: Pl 48 / An 48 / Mo 48 / Mi 32 / Other 64
[15:43:33] [Server thread/INFO]: Hopper Transfer: 8 Hopper Check: 1 Hopper Amount: 1 Hopper Can Load Chunks: false
[15:43:33] [Server thread/INFO]: Custom Map Seeds:  Village: 10387312 Desert: 14357617 Igloo: 14357618 Jungle: 14357619 Swamp: 14357620 Monument: 10387313 Ocean: 14357621 Shipwreck: 165745295 End City: 10387313 Slime: 987234911 Nether: 30084232 Mansion: 10387319 Fossil: 14357921 Portal: 34222645
[15:43:33] [Server thread/INFO]: Max TNT Explosions: 100
[15:43:33] [Server thread/INFO]: Tile Max Tick Time: 50ms Entity max Tick Time: 50ms
[15:43:33] [Server thread/INFO]: Arrow Despawn Rate: 1200 Trident Respawn Rate:1200
[15:43:33] [Server thread/INFO]: Preparing start region for dimension minecraft:overworld
[15:43:37] [Worker-Main-6/INFO]: Preparing spawn area: 0%
[15:43:37] [Worker-Main-6/INFO]: Preparing spawn area: 0%
[15:43:37] [Worker-Main-1/INFO]: Preparing spawn area: 0%
[15:43:37] [Worker-Main-3/INFO]: Preparing spawn area: 0%
[15:43:37] [Worker-Main-3/INFO]: Preparing spawn area: 0%
[15:43:37] [Worker-Main-7/INFO]: Preparing spawn area: 0%
[15:43:37] [Worker-Main-7/INFO]: Preparing spawn area: 0%
[15:43:37] [Worker-Main-2/INFO]: Preparing spawn area: 0%
[15:43:38] [Worker-Main-3/INFO]: Preparing spawn area: 0%
[15:43:38] [Worker-Main-5/INFO]: Preparing spawn area: 0%
[15:43:38] [Worker-Main-2/INFO]: Preparing spawn area: 0%
[15:43:39] [Worker-Main-7/INFO]: Preparing spawn area: 0%
[15:43:39] [Worker-Main-7/INFO]: Preparing spawn area: 2%
[15:43:40] [Worker-Main-6/INFO]: Preparing spawn area: 4%
[15:43:40] [Worker-Main-7/INFO]: Preparing spawn area: 4%
[15:43:41] [Worker-Main-1/INFO]: Preparing spawn area: 6%
[15:43:41] [Worker-Main-7/INFO]: Preparing spawn area: 9%
[15:43:42] [Worker-Main-1/INFO]: Preparing spawn area: 12%
[15:43:42] [Worker-Main-6/INFO]: Preparing spawn area: 18%
[15:43:43] [Worker-Main-1/INFO]: Preparing spawn area: 22%
[15:43:43] [Worker-Main-5/INFO]: Preparing spawn area: 66%
[15:43:44] [Server thread/INFO]: Time elapsed: 10500 ms
[15:43:44] [Server thread/INFO]: Preparing start region for dimension minecraft:the_nether
[15:43:47] [Worker-Main-2/INFO]: Preparing spawn area: 0%
[15:43:47] [Worker-Main-7/INFO]: Preparing spawn area: 0%
[15:43:47] [Worker-Main-7/INFO]: Preparing spawn area: 0%
[15:43:47] [Worker-Main-7/INFO]: Preparing spawn area: 0%
[15:43:47] [Worker-Main-7/INFO]: Preparing spawn area: 0%
[15:43:47] [Worker-Main-7/INFO]: Preparing spawn area: 0%
[15:43:47] [Worker-Main-1/INFO]: Preparing spawn area: 0%
[15:43:48] [Worker-Main-1/INFO]: Preparing spawn area: 2%
[15:43:48] [Worker-Main-6/INFO]: Preparing spawn area: 5%
[15:43:49] [Worker-Main-5/INFO]: Preparing spawn area: 7%
[15:43:49] [Worker-Main-5/INFO]: Preparing spawn area: 17%
[15:43:50] [Worker-Main-5/INFO]: Preparing spawn area: 39%
[15:43:50] [Worker-Main-5/INFO]: Preparing spawn area: 55%
[15:43:51] [Worker-Main-5/INFO]: Preparing spawn area: 86%
[15:43:51] [Server thread/INFO]: Time elapsed: 6653 ms
[15:43:51] [Server thread/INFO]: Preparing start region for dimension minecraft:the_end
[15:43:54] [Worker-Main-2/INFO]: Preparing spawn area: 0%
[15:43:54] [Worker-Main-2/INFO]: Preparing spawn area: 0%
[15:43:54] [Worker-Main-2/INFO]: Preparing spawn area: 0%
[15:43:54] [Worker-Main-3/INFO]: Preparing spawn area: 0%
[15:43:54] [Worker-Main-3/INFO]: Preparing spawn area: 0%
[15:43:54] [Worker-Main-6/INFO]: Preparing spawn area: 0%
[15:43:54] [Worker-Main-6/INFO]: Preparing spawn area: 0%
[15:43:54] [Worker-Main-7/INFO]: Preparing spawn area: 0%
[15:43:55] [Worker-Main-1/INFO]: Preparing spawn area: 0%
[15:43:55] [Worker-Main-1/INFO]: Preparing spawn area: 0%
[15:43:56] [Worker-Main-3/INFO]: Preparing spawn area: 1%
[15:43:56] [Worker-Main-2/INFO]: Preparing spawn area: 49%
[15:43:57] [Worker-Main-5/INFO]: Preparing spawn area: 99%
[15:43:57] [Server thread/INFO]: Time elapsed: 6004 ms
[15:43:57] [Server thread/INFO]: [PlaceholderAPI] Enabling PlaceholderAPI v2.11.2
[15:43:57] [Server thread/INFO]: [PlaceholderAPI] Fetching available expansion information...
[15:43:57] [Server thread/INFO]: [NametagEdit] Enabling NametagEdit v4.5.14
[15:43:57] [Server thread/INFO]: [NametagEdit] Successfully loaded using bukkit version: v1_19_R1
[15:43:57] [Server thread/INFO]: [NametagEdit] Found LuckPerms! Hooking in.
[15:43:57] [Server thread/INFO]: [Multiverse-Core] Enabling Multiverse-Core v4.3.1-b861
[15:43:57] [Server thread/WARN]: [Multiverse-Core] "Multiverse-Core v4.3.1-b861" has registered a listener for org.bukkit.event.entity.EntityCreatePortalEvent on method "public void com.onarandombox.MultiverseCore.listeners.MVPortalListener.entityPortalCreate(org.bukkit.event.entity.EntityCreatePortalEvent)", but the event is Deprecated. "Server performance will be affected"; please notify the authors [dumptruckman, Rigby, fernferret, lithium3141, main--].
[15:43:57] [Server thread/INFO]: [Multiverse-Core] §aWe are aware of the warning about the deprecated event. There is no alternative that allows us to do what we need to do and performance impact is negligible. It is safe to ignore.
[15:43:58] [Server thread/INFO]: -------- World Settings For [Superflat] --------
[15:43:58] [Server thread/INFO]: Simulation Distance: 10
[15:43:58] [Server thread/INFO]: View Distance: 10
[15:43:58] [Server thread/INFO]: Allow Zombie Pigmen to spawn from portal blocks: true
[15:43:58] [Server thread/INFO]: Item Despawn Rate: 6000
[15:43:58] [Server thread/INFO]: Item Merge Radius: 2.5
[15:43:58] [Server thread/INFO]: Nerfing mobs spawned from spawners: false
[15:43:58] [Server thread/INFO]: Zombie Aggressive Towards Villager: true
[15:43:58] [Server thread/INFO]: Mob Spawn Range: 6
[15:43:58] [Server thread/INFO]: Experience Merge Radius: 3.0
[15:43:58] [Server thread/INFO]: Entity Activation Range: An 32 / Mo 32 / Ra 48 / Mi 16 / Tiv true / Isa false
[15:43:58] [Server thread/INFO]: Cactus Growth Modifier: 100%
[15:43:58] [Server thread/INFO]: Cane Growth Modifier: 100%
[15:43:58] [Server thread/INFO]: Melon Growth Modifier: 100%
[15:43:58] [Server thread/INFO]: Mushroom Growth Modifier: 100%
[15:43:58] [Server thread/INFO]: Pumpkin Growth Modifier: 100%
[15:43:58] [Server thread/INFO]: Sapling Growth Modifier: 100%
[15:43:58] [Server thread/INFO]: Beetroot Growth Modifier: 100%
[15:43:58] [Server thread/INFO]: Carrot Growth Modifier: 100%
[15:43:58] [Server thread/INFO]: Potato Growth Modifier: 100%
[15:43:58] [Server thread/INFO]: Wheat Growth Modifier: 100%
[15:43:58] [Server thread/INFO]: NetherWart Growth Modifier: 100%
[15:43:58] [Server thread/INFO]: Vine Growth Modifier: 100%
[15:43:58] [Server thread/INFO]: Cocoa Growth Modifier: 100%
[15:43:58] [Server thread/INFO]: Bamboo Growth Modifier: 100%
[15:43:58] [Server thread/INFO]: SweetBerry Growth Modifier: 100%
[15:43:58] [Server thread/INFO]: Kelp Growth Modifier: 100%
[15:43:58] [Server thread/INFO]: TwistingVines Growth Modifier: 100%
[15:43:58] [Server thread/INFO]: WeepingVines Growth Modifier: 100%
[15:43:58] [Server thread/INFO]: CaveVines Growth Modifier: 100%
[15:43:58] [Server thread/INFO]: Entity Tracking Range: Pl 48 / An 48 / Mo 48 / Mi 32 / Other 64
[15:43:58] [Server thread/INFO]: Hopper Transfer: 8 Hopper Check: 1 Hopper Amount: 1 Hopper Can Load Chunks: false
[15:43:58] [Server thread/INFO]: Custom Map Seeds:  Village: 10387312 Desert: 14357617 Igloo: 14357618 Jungle: 14357619 Swamp: 14357620 Monument: 10387313 Ocean: 14357621 Shipwreck: 165745295 End City: 10387313 Slime: 987234911 Nether: 30084232 Mansion: 10387319 Fossil: 14357921 Portal: 34222645
[15:43:58] [Server thread/INFO]: Max TNT Explosions: 100
[15:43:58] [Server thread/INFO]: Tile Max Tick Time: 50ms Entity max Tick Time: 50ms
[15:43:58] [Server thread/INFO]: Arrow Despawn Rate: 1200 Trident Respawn Rate:1200
[15:43:58] [Server thread/INFO]: Preparing start region for dimension minecraft:superflat
[15:44:00] [Worker-Main-7/INFO]: Preparing spawn area: 0%
[15:44:00] [Worker-Main-3/INFO]: Preparing spawn area: 0%
[15:44:00] [Worker-Main-3/INFO]: Preparing spawn area: 0%
[15:44:00] [Worker-Main-3/INFO]: Preparing spawn area: 0%
[15:44:00] [Worker-Main-7/INFO]: Preparing spawn area: 0%
[15:44:00] [Worker-Main-2/INFO]: Preparing spawn area: 1%
[15:44:01] [Worker-Main-7/INFO]: Preparing spawn area: 4%
[15:44:01] [Worker-Main-2/INFO]: Preparing spawn area: 12%
[15:44:02] [Worker-Main-7/INFO]: Preparing spawn area: 25%
[15:44:02] [Worker-Main-6/INFO]: Preparing spawn area: 46%
[15:44:03] [Worker-Main-6/INFO]: Preparing spawn area: 60%
[15:44:03] [Worker-Main-3/INFO]: Preparing spawn area: 86%
[15:44:03] [Server thread/INFO]: Time elapsed: 5706 ms
[15:44:03] [Server thread/INFO]: [Multiverse-Core] 4 - World(s) loaded.
[15:44:03] [Server thread/WARN]: [Multiverse-Core] Buscript failed to load! The script command will be disabled! If you would like not to see this message, use `/mv conf enablebuscript false` to disable Buscript from loading.
[15:44:03] [Server thread/INFO]: [Multiverse-Core] Version 4.3.1-b861 (API v24) Enabled - By dumptruckman, Rigby, fernferret, lithium3141 and main--
[15:44:03] [Server thread/INFO]: [AdvancedHelp] Enabling AdvancedHelp v1.12.7
[15:44:04] [Server thread/INFO]: [AdvancedHelp] PlaceholderAPI Hooked!
[15:44:04] [Server thread/INFO]: [AdvancedHelp] Plugin is up to date! -1.12.7
[15:44:04] [Server thread/INFO]: [AdvancedHelp] Successfully Enabled!
[15:44:04] [Server thread/INFO]: [CrazyEnchantments] Enabling CrazyEnchantments v1.9.8
[15:44:04] [Server thread/INFO]: [CrazyEnchantments] Loading the config.yml.
[15:44:04] [Server thread/INFO]: [CrazyEnchantments] Successfully loaded config.yml.
[15:44:04] [Server thread/INFO]: [CrazyEnchantments] Loading the BlockList.yml.
[15:44:04] [Server thread/INFO]: [CrazyEnchantments] Successfully loaded BlockList.yml.
[15:44:04] [Server thread/INFO]: [CrazyEnchantments] Loading the Data.yml.
[15:44:04] [Server thread/INFO]: [CrazyEnchantments] Successfully loaded Data.yml.
[15:44:04] [Server thread/INFO]: [CrazyEnchantments] Loading the Enchantments.yml.
[15:44:04] [Server thread/INFO]: [CrazyEnchantments] Successfully loaded Enchantments.yml.
[15:44:04] [Server thread/INFO]: [CrazyEnchantments] Loading the GKitz.yml.
[15:44:04] [Server thread/INFO]: [CrazyEnchantments] Successfully loaded GKitz.yml.
[15:44:04] [Server thread/INFO]: [CrazyEnchantments] Loading the Messages.yml.
[15:44:04] [Server thread/INFO]: [CrazyEnchantments] Successfully loaded Messages.yml.
[15:44:04] [Server thread/INFO]: [CrazyEnchantments] Loading the Enchantment-Types.yml.
[15:44:04] [Server thread/INFO]: [CrazyEnchantments] Successfully loaded Enchantment-Types.yml.
[15:44:04] [Server thread/INFO]: [CrazyEnchantments] Loading the Tinker.yml.
[15:44:04] [Server thread/INFO]: [CrazyEnchantments] Successfully loaded Tinker.yml.
[15:44:05] [Server thread/INFO]: [CrazyEnchantments] §8§l=== §e§lCrazyEnchantment Hook Status §8§l===
[15:44:05] [Server thread/INFO]: [CrazyEnchantments] §6§lSUPERIORSKYBLOCK §c§lNOT FOUND
[15:44:05] [Server thread/INFO]: [CrazyEnchantments] §6§lGRIEF_PREVENTION §c§lNOT FOUND
[15:44:05] [Server thread/INFO]: [CrazyEnchantments] §6§lTOWNYADVANCED §c§lNOT FOUND
[15:44:05] [Server thread/INFO]: [CrazyEnchantments] §6§lPLOT_SQUARED §c§lNOT FOUND
[15:44:05] [Server thread/INFO]: [CrazyEnchantments] §6§lSILK_SPAWNERS_V2 §c§lNOT FOUND
[15:44:05] [Server thread/INFO]: [CrazyEnchantments] §6§lSPARTAN §c§lNOT FOUND
[15:44:05] [Server thread/INFO]: [CrazyEnchantments] §6§lORAXEN §c§lNOT FOUND
[15:44:05] [Server thread/INFO]: [CrazyEnchantments] §6§lVAULT §a§lFOUND
[15:44:05] [Server thread/INFO]: [CrazyEnchantments] §6§lMCMMO §c§lNOT FOUND
[15:44:05] [Server thread/INFO]: [CrazyEnchantments] §6§lSILK_SPAWNERS §c§lNOT FOUND
[15:44:05] [Server thread/INFO]: [CrazyEnchantments] §6§lWORLDGUARD §c§lNOT FOUND
[15:44:05] [Server thread/INFO]: [CrazyEnchantments] §6§lNO_CHEAT_PLUS §c§lNOT FOUND
[15:44:05] [Server thread/INFO]: [CrazyEnchantments] §6§lFACTIONS_UUID §c§lNOT FOUND
[15:44:05] [Server thread/INFO]: [CrazyEnchantments] §6§lWORLDEDIT §c§lNOT FOUND
[15:44:05] [Server thread/INFO]: [NBTAPI] Found Spigot: v1_19_R1! Trying to find NMS support
[15:44:05] [Server thread/INFO]: [NBTAPI] NMS support 'MC1_19_R1' loaded!
[15:44:05] [Server thread/INFO]: [NBTAPI] Found Gson: class com.google.gson.Gson
[15:44:05] [Thread-9/INFO]: [NBTAPI] The NBT-API seems to be up-to-date!
[15:44:05] [Server thread/INFO]: [CrazyEnchantments] G-Kitz support is now enabled.
[15:44:05] [Server thread/INFO]: [SimpleScore] Enabling SimpleScore v3.12.2
[15:44:06] [Server thread/INFO]: [PlaceholderAPI] Successfully registered expansion: SimpleScore [3.12.2]
[15:44:06] [Server thread/INFO]: [Essentials] Enabling Essentials v2.19.7
[15:44:06] [Server thread/INFO]: You are running a server with limited API functionality. EssentialsX will still work, but certain features may be disabled.
[15:44:06] [Server thread/WARN]: §4Version mismatch! Please update EssentialsChat to the same version.
[15:44:07] [Server thread/INFO]: Attempting to convert old kits in config.yml to new kits.yml
[15:44:07] [Server thread/INFO]: No kits found to migrate.
[15:44:08] [Server thread/INFO]: Loaded 38132 items from items.json.
[15:44:08] [Server thread/INFO]: Using locale fr_FR
[15:44:08] [Server thread/INFO]: ServerListPingEvent: Spigot iterator API
[15:44:08] [Server thread/INFO]: Starting Metrics. Opt-out using the global bStats config.
[15:44:08] [Server thread/INFO]: [Vault] [Economy] Essentials Economy hooked.
[15:44:08] [Server thread/INFO]: Using Vault based permissions (LuckPerms)
[15:44:08] [Server thread/INFO]: [AdvancedAchievements] Enabling AdvancedAchievements v6.2.1
[15:44:08] [Server thread/INFO]: [AdvancedAchievements] Loading and backing up configuration files...
[15:44:09] [Server thread/WARN]: [AdvancedAchievements] Overriding configuration: disabling PetMasterGive and PetMasterReceive categories.
[15:44:09] [Server thread/WARN]: [AdvancedAchievements] Ensure you have placed Pet Master with a minimum version of 1.4 in your plugins folder or add PetMasterGive and PetMasterReceive to the DisabledCategories list in config.yml.
[15:44:09] [Server thread/INFO]: [AdvancedAchievements] Loaded 58 achievements in 48 categories.
[15:44:09] [Server thread/INFO]: [AdvancedAchievements] 3 disabled categories: [PetMasterReceive, PetMasterGive, AdvancementsCompleted]
[15:44:09] [Server thread/INFO]: [AdvancedAchievements] Registering event listeners...
[15:44:09] [Server thread/INFO]: [AdvancedAchievements] Initialising database...
[15:44:10] [Server thread/INFO]: [AdvancedAchievements] Setting up command executor and custom tab completers...
[15:44:10] [Server thread/INFO]: [AdvancedAchievements] Launching scheduled tasks...
[15:44:10] [Server thread/INFO]: [AdvancedAchievements] Registering permissions...
[15:44:10] [Thread-14/INFO]: [AdvancedAchievements] Checking for plugin update...
[15:44:10] [Thread-14/WARN]: [AdvancedAchievements] Update available: v8.0.2! Download at spigotmc.org/resources/advanced-achievements.83466
[15:44:10] [Server thread/INFO]: [PlaceholderAPI] Successfully registered expansion: aach [6.2.1]
[15:44:10] [Server thread/INFO]: [AdvancedAchievements] Plugin has finished loading and is ready to run! Took 2044ms.
[15:44:10] [Server thread/INFO]: [EssentialsChat] Enabling EssentialsChat v2.17.0.0
[15:44:10] [Server thread/WARN]: [EssentialsChat] §4Versions différentes ! Veuillez mettre à jour tous les jars Essentials à la même version.
[15:44:10] [Server thread/ERROR]: Error occurred while enabling EssentialsChat v2.17.0.0 (Is it up to date?)
java.lang.NoClassDefFoundError: com/earth2me/essentials/metrics/Metrics
	at com.earth2me.essentials.chat.EssentialsChat.onEnable(EssentialsChat.java:43) ~[?:?]
	at org.bukkit.plugin.java.JavaPlugin.setEnabled(JavaPlugin.java:264) ~[spigot-api-1.19.2-R0.1-SNAPSHOT.jar:?]
	at org.bukkit.plugin.java.JavaPluginLoader.enablePlugin(JavaPluginLoader.java:342) ~[spigot-api-1.19.2-R0.1-SNAPSHOT.jar:?]
	at org.bukkit.plugin.SimplePluginManager.enablePlugin(SimplePluginManager.java:480) ~[spigot-api-1.19.2-R0.1-SNAPSHOT.jar:?]
	at org.bukkit.craftbukkit.v1_19_R1.CraftServer.enablePlugin(CraftServer.java:525) ~[spigot-1.19.2-R0.1-SNAPSHOT.jar:3610-Spigot-6198b5a-19df23a]
	at org.bukkit.craftbukkit.v1_19_R1.CraftServer.enablePlugins(CraftServer.java:439) ~[spigot-1.19.2-R0.1-SNAPSHOT.jar:3610-Spigot-6198b5a-19df23a]
	at net.minecraft.server.MinecraftServer.loadWorld0(MinecraftServer.java:584) ~[spigot-1.19.2-R0.1-SNAPSHOT.jar:3610-Spigot-6198b5a-19df23a]
	at net.minecraft.server.MinecraftServer.loadLevel(MinecraftServer.java:403) ~[spigot-1.19.2-R0.1-SNAPSHOT.jar:3610-Spigot-6198b5a-19df23a]
	at net.minecraft.server.dedicated.DedicatedServer.e(DedicatedServer.java:255) ~[spigot-1.19.2-R0.1-SNAPSHOT.jar:3610-Spigot-6198b5a-19df23a]
	at net.minecraft.server.MinecraftServer.v(MinecraftServer.java:968) ~[spigot-1.19.2-R0.1-SNAPSHOT.jar:3610-Spigot-6198b5a-19df23a]
	at net.minecraft.server.MinecraftServer.lambda$0(MinecraftServer.java:293) ~[spigot-1.19.2-R0.1-SNAPSHOT.jar:3610-Spigot-6198b5a-19df23a]
	at java.lang.Thread.run(Thread.java:833) [?:?]
Caused by: java.lang.ClassNotFoundException: com.earth2me.essentials.metrics.Metrics
	at org.bukkit.plugin.java.PluginClassLoader.loadClass0(PluginClassLoader.java:147) ~[spigot-api-1.19.2-R0.1-SNAPSHOT.jar:?]
	at org.bukkit.plugin.java.PluginClassLoader.loadClass(PluginClassLoader.java:99) ~[spigot-api-1.19.2-R0.1-SNAPSHOT.jar:?]
	at java.lang.ClassLoader.loadClass(ClassLoader.java:520) ~[?:?]
	... 12 more
[15:44:10] [Server thread/INFO]: [TAB] Enabling TAB v3.2.1
[15:44:10] [Server thread/INFO]: [TAB] Server version: 1.19.2 (v1_19_R1)
[15:44:10] [Server thread/INFO]: [TAB] Loaded NMS hook in 64ms
[15:44:10] [Server thread/INFO]: [TAB] Enabled in 251ms
[15:44:10] [Server thread/INFO]: [AdvancedAchievements-LuckPerms-Hook] Enabling AdvancedAchievements-LuckPerms-Hook v1.1.0
[15:44:10] [Server thread/INFO]: [AdvancedAchievements-LuckPerms-Hook] Preparing configuration...
[15:44:11] [Server thread/INFO]: [AdvancedAchievements-LuckPerms-Hook] Checking required plugins are installed and enabled, please wait...
[15:44:11] [Server thread/INFO]: [AdvancedAchievements-LuckPerms-Hook] Checking Plugin AdvancedAchievements
[15:44:11] [Server thread/INFO]: [AdvancedAchievements-LuckPerms-Hook] Plugin AdvancedAchievements is ok!
[15:44:11] [Server thread/INFO]: [AdvancedAchievements-LuckPerms-Hook] Checking Plugin LuckPerms
[15:44:11] [Server thread/INFO]: [AdvancedAchievements-LuckPerms-Hook] Plugin LuckPerms is ok!
[15:44:11] [Server thread/ERROR]: Error occurred while enabling AdvancedAchievements-LuckPerms-Hook v1.1.0 (Is it up to date?)
java.lang.NoClassDefFoundError: me/lucko/luckperms/api/LuckPermsApi
	at com.algorithmjunkie.mc.aalphook.AALPHookPlugin$onEnable$2.invoke(AALPHookPlugin.kt:39) ~[?:?]
	at com.algorithmjunkie.mc.aalphook.AALPHookPlugin$onEnable$2.invoke(AALPHookPlugin.kt:14) ~[?:?]
	at com.algorithmjunkie.mc.aalphook.AALPHookPlugin.checkPlugin(AALPHookPlugin.kt:64) ~[?:?]
	at com.algorithmjunkie.mc.aalphook.AALPHookPlugin.onEnable(AALPHookPlugin.kt:38) ~[?:?]
	at org.bukkit.plugin.java.JavaPlugin.setEnabled(JavaPlugin.java:264) ~[spigot-api-1.19.2-R0.1-SNAPSHOT.jar:?]
	at org.bukkit.plugin.java.JavaPluginLoader.enablePlugin(JavaPluginLoader.java:342) ~[spigot-api-1.19.2-R0.1-SNAPSHOT.jar:?]
	at org.bukkit.plugin.SimplePluginManager.enablePlugin(SimplePluginManager.java:480) ~[spigot-api-1.19.2-R0.1-SNAPSHOT.jar:?]
	at org.bukkit.craftbukkit.v1_19_R1.CraftServer.enablePlugin(CraftServer.java:525) ~[spigot-1.19.2-R0.1-SNAPSHOT.jar:3610-Spigot-6198b5a-19df23a]
	at org.bukkit.craftbukkit.v1_19_R1.CraftServer.enablePlugins(CraftServer.java:439) ~[spigot-1.19.2-R0.1-SNAPSHOT.jar:3610-Spigot-6198b5a-19df23a]
	at net.minecraft.server.MinecraftServer.loadWorld0(MinecraftServer.java:584) ~[spigot-1.19.2-R0.1-SNAPSHOT.jar:3610-Spigot-6198b5a-19df23a]
	at net.minecraft.server.MinecraftServer.loadLevel(MinecraftServer.java:403) ~[spigot-1.19.2-R0.1-SNAPSHOT.jar:3610-Spigot-6198b5a-19df23a]
	at net.minecraft.server.dedicated.DedicatedServer.e(DedicatedServer.java:255) ~[spigot-1.19.2-R0.1-SNAPSHOT.jar:3610-Spigot-6198b5a-19df23a]
	at net.minecraft.server.MinecraftServer.v(MinecraftServer.java:968) ~[spigot-1.19.2-R0.1-SNAPSHOT.jar:3610-Spigot-6198b5a-19df23a]
	at net.minecraft.server.MinecraftServer.lambda$0(MinecraftServer.java:293) ~[spigot-1.19.2-R0.1-SNAPSHOT.jar:3610-Spigot-6198b5a-19df23a]
	at java.lang.Thread.run(Thread.java:833) [?:?]
Caused by: java.lang.ClassNotFoundException: me.lucko.luckperms.api.LuckPermsApi
	at org.bukkit.plugin.java.PluginClassLoader.loadClass0(PluginClassLoader.java:147) ~[spigot-api-1.19.2-R0.1-SNAPSHOT.jar:?]
	at org.bukkit.plugin.java.PluginClassLoader.loadClass(PluginClassLoader.java:99) ~[spigot-api-1.19.2-R0.1-SNAPSHOT.jar:?]
	at java.lang.ClassLoader.loadClass(ClassLoader.java:520) ~[?:?]
	... 15 more
[15:44:11] [Server thread/INFO]: [ItemsAdder] Enabling ItemsAdder v3.2.5-beta5
[15:44:11] [Server thread/INFO]: [NBTAPI] Found Spigot: v1_19_R1! Trying to find NMS support
[15:44:11] [Server thread/INFO]: [NBTAPI] NMS support 'MC1_19_R1' loaded!
[15:44:11] [Server thread/INFO]: [NBTAPI] Found Gson: class com.google.gson.Gson
[15:44:11] [Server thread/INFO]: [ItemsAdder] [0m[38;5;51m
[38;5;51m  ___  ___        __        __   __   ___  __  [38;5;2m    ItemsAdder[38;5;246m 3.2.5-beta5
[38;5;51m|  |  |__   |\/| /__`  /\  |  \ |  \ |__  |__) [38;5;2m    LoneLibs[38;5;246m 1.0.21
[38;5;51m|  |  |___  |  | .__/ /--\ |__/ |__/ |___ |  \ [38;5;8m    CraftBukkit 3610-Spigot-6198b5a-19df23a (MC: 1.19.2)
[38;5;51m                                               [0m
[15:44:11] [Server thread/INFO]: [ItemsAdder] [0m[38;5;11mLightAPI not installed, please install it to see blocks emitting light: [38;5;51mhttps://a.devs.beer/lightapi-new[0m
[15:44:12] [Server thread/INFO]: [BossShopPro] Enabling BossShopPro v2.1.0-SNAPSHOT
[15:44:12] [Server thread/INFO]: [BossShopPro] Loading data...
[15:44:12] [Server thread/INFO]: [BossShopPro] Hooked into PlaceholderAPI.
[15:44:12] [Server thread/INFO]: [BlockSounds] Enabling BlockSounds v1.3
[15:44:12] [Server thread/INFO]: Server permissions file permissions.yml is empty, ignoring it
[15:44:13] [Server thread/INFO]: [PlaceholderAPI] Placeholder expansion registration initializing...
[15:44:13] [Server thread/INFO]: Done (40.756s)! For help, type "help"
[15:44:13] [Craft Scheduler Thread - 1/INFO]: [ItemJoin] Hooked into { Multiverse-Core, PlaceholderAPI, ProtocolLib, Vault }
[15:44:13] [Craft Scheduler Thread - 1/INFO]: [ItemJoin] 1 Custom item(s) loaded!
[15:44:13] [Craft Scheduler Thread - 1/WARN]: [ItemJoin] Loaded class org.h2.Driver from AdvancedAchievements v6.2.1 which is not a depend or softdepend of this plugin.
[15:44:13] [Server thread/INFO]: Essentials found a compatible payment resolution method: Vault Compatibility Layer (v1.7.3-b131)!
[15:44:13] [Server thread/INFO]: [ItemsAdder] [0m[38;5;51m[Pack] Extracting utility resource_pack assets from .jar[0m
[15:44:13] [Craft Scheduler Thread - 6/INFO]: §6Récupération des informations de version...
[15:44:13] [Craft Scheduler Thread - 8/INFO]: [ItemsAdder] [0m
[0m
[ItemsAdder] [38;5;10mUPDATE available: [38;5;51mhttps://www.spigotmc.org/resources/73355/[0m
[ItemsAdder] [38;5;8mCurrent version: 3.2.5-beta5[38;5;8m | Online version: 3.3.0b-r4
[0m
[15:44:13] [Craft Scheduler Thread - 7/INFO]: [ItemsAdder] [0m[38;5;10m[License] Spigot product licensed to: [38;5;51mluluxe (244044)[0m
[15:44:13] [Server thread/INFO]: [ItemsAdder] [0m[38;5;10m[Pack] DONE extracting utility resource_pack assets from .jar[0m
[15:44:13] [Craft Scheduler Thread - 2/INFO]: [ItemJoin] You are up to date!
[15:44:15] [Server thread/INFO]: [PlaceholderAPI] Successfully registered expansion: Advancements [1.7]
[15:44:15] [Server thread/WARN]: [PlaceholderAPI] Loaded class net.luckperms.api.LuckPerms from LuckPerms v5.4.58 which is not a depend or softdepend of this plugin.
[15:44:15] [Craft Scheduler Thread - 7/INFO]: [Vault] Checking for Updates ... 
[15:44:15] [Server thread/INFO]: [PlaceholderAPI] Successfully registered expansion: luckperms [5.4-R2]
[15:44:15] [Server thread/INFO]: 2 placeholder hook(s) registered!
[15:44:15] [Craft Scheduler Thread - 7/INFO]: [Vault] No new version available
[15:44:16] [Craft Scheduler Thread - 2/INFO]: [ItemsAdder] [0m[38;5;11mLoaded [38;5;51m80[38;5;11m items[0m
[15:44:16] [Craft Scheduler Thread - 2/INFO]: [ItemsAdder] [0m[38;5;11mUsed [38;5;51m20[38;5;11m/[38;5;51m188[38;5;11m REAL block IDs[0m
[15:44:16] [Craft Scheduler Thread - 2/INFO]: [ItemsAdder] [0m[38;5;11mUsed [38;5;51m108[38;5;11m/[38;5;51m750[38;5;11m REAL_NOTE block IDs[0m
[15:44:16] [Craft Scheduler Thread - 2/INFO]: [ItemsAdder] [0m[38;5;11mUsed [38;5;51m48[38;5;11m/[38;5;51m63[38;5;11m REAL_TRANSPARENT block IDs[0m
[15:44:16] [Craft Scheduler Thread - 2/INFO]: [ItemsAdder] [0m[38;5;11mUsed [38;5;51m0[38;5;11m/[38;5;51m127[38;5;11m REAL_WIRE block IDs[0m
[15:44:16] [Craft Scheduler Thread - 2/INFO]: [ItemsAdder] [0m[38;5;11mUsed [38;5;51m0[38;5;11m/[38;5;51m14[38;5;11m FIRE block IDs[0m
[15:44:16] [Craft Scheduler Thread - 2/INFO]: [ItemsAdder] [0m[38;5;11mUsed [38;5;51m5[38;5;11m/[38;5;51m6608[38;5;11m font_images[0m
[15:44:16] [Craft Scheduler Thread - 2/INFO]: [ItemsAdder] [0m[38;5;10m[Init] Loaded [38;5;51m2[38;5;11m categories[0m
[15:44:16] [Craft Scheduler Thread - 2/INFO]: [ItemsAdder] [0m[38;5;10m[Init] Loaded [38;5;51m80[38;5;10m items and stuff in [38;5;51m3168ms[0m
[15:44:16] [Craft Scheduler Thread - 2/INFO]: [ItemsAdder] [0m[38;5;51m[Pack] Checking resourcepack url... [0m
[15:44:16] [Craft Scheduler Thread - 2/INFO]: [ItemsAdder] [0m[38;5;10m[Pack] Resourcepack URL (self-host): http://127.0.0.1:8163/pack.zip[0m
[15:44:16] [Server thread/INFO]: [PlaceholderAPI] Successfully registered expansion: img [1.0.1]
[15:44:16] [Server thread/INFO]: [PlaceholderAPI] Successfully registered expansion: iaplayerstat [1.0.1]
[15:44:16] [Server thread/INFO]: [BlockSounds - ItemsAdder] BlockSounds have been enabled!
[15:44:16] [Craft Scheduler Thread - 0/INFO]: [BossShopPro] Loaded 5 Shops!
[15:49:22] [User Authenticator #1/INFO]: UUID of player Demy___ is 436d3716-30ec-4e15-b753-d52946ee5739
[15:49:25] [Server thread/INFO]: Demy___ joined the game
[15:49:25] [Server thread/INFO]: Demy___[/127.0.0.1:59591] logged in with entity id 273 at ([Superflat]21.1919415477877, -48.169329906924546, -80.0123865106301)
[15:49:33] [Server thread/WARN]: Can't keep up! Is the server overloaded? Running 5355ms or 107 ticks behind
[15:49:52] [Server thread/INFO]: CONSOLE issued server command: /essentials:sudo Demy___ bs
[15:49:52] [Server thread/INFO]: Demy___ a été forcé d’exécuter : /bs
[15:49:52] [Server thread/INFO]: Demy___ issued server command: /bs
[15:50:03] [Server thread/INFO]: CONSOLE issued server command: /essentials:sudo Demy___ bs
[15:50:03] [Server thread/INFO]: Demy___ a été forcé d’exécuter : /bs
[15:50:03] [Server thread/INFO]: Demy___ issued server command: /bs
[15:53:43] [Server thread/INFO]: Demy___ issued server command: /give Demy___ furnace 1
[15:53:54] [Server thread/INFO]: Demy___ issued server command: /iagive Demy___ emerald_mud
[15:53:56] [Server thread/INFO]: Demy___ issued server command: /give Demy___ coal
[15:55:23] [Server thread/INFO]: Demy___ issued server command: /day
[15:57:37] [Server thread/INFO]: Demy___ issued server command: /iagive Demy___ maj:diamond_mud
[15:57:40] [Server thread/INFO]: Demy___ issued server command: /iagive Demy___ maj:dirt_mud
[15:57:40] [Server thread/INFO]: Demy___ has made the advancement [L'ère de la boue]
[15:57:43] [Server thread/INFO]: Demy___ issued server command: /iagive Demy___ maj:emerald_mud
[15:57:46] [Server thread/INFO]: Demy___ issued server command: /iagive Demy___ maj:gold_mud
[15:57:49] [Server thread/INFO]: Demy___ issued server command: /iagive Demy___ maj:iron_mud
[15:57:52] [Server thread/INFO]: Demy___ issued server command: /iagive Demy___ maj:lapis_mud
[15:57:56] [Server thread/INFO]: Demy___ issued server command: /iagive Demy___ maj:redstone_mud
[15:57:59] [Server thread/INFO]: Demy___ issued server command: /iagive Demy___ maj:stone_mud
[15:57:59] [Server thread/INFO]: Demy___ has made the advancement [Boue en pierre]
[15:58:04] [Server thread/INFO]: Demy___ issued server command: /advancement revoke Demy___ from factorysky:root
[15:58:04] [Server thread/INFO]: [Demy___: Revoked 2 advancements from Demy___]
[15:58:19] [Server thread/INFO]: Demy___ issued server command: /give Demy___ coal
[15:58:19] [Server thread/INFO]: Demy___ issued server command: /give Demy___ coal
[15:58:19] [Server thread/INFO]: Demy___ issued server command: /give Demy___ coal
[15:58:20] [Server thread/INFO]: Demy___ issued server command: /give Demy___ coal
[15:58:20] [Server thread/INFO]: Demy___ issued server command: /give Demy___ coal
[15:58:20] [Server thread/INFO]: Demy___ issued server command: /give Demy___ coal
[15:58:21] [Server thread/INFO]: Demy___ issued server command: /give Demy___ coal
[15:58:21] [Server thread/INFO]: Demy___ issued server command: /give Demy___ coal
[15:58:22] [Server thread/INFO]: Demy___ has made the advancement [Boue en pierre]
[15:58:22] [Server thread/INFO]: Demy___ has made the advancement [L'ère de la boue]
[16:01:53] [Server thread/INFO]: Demy___ issued server command: /iareload
[16:01:53] [Server thread/INFO]: [ItemsAdder] [0m[38;5;11mReloading...[0m
[16:01:53] [Craft Scheduler Thread - 9/INFO]: [ItemsAdder] [0m[38;5;51m[Host] Started self-host webserver on port: 8163[0m
[16:01:53] [Server thread/INFO]: [ItemsAdder] [0m[38;5;51m[Pack] Extracting utility resource_pack assets from .jar[0m
[16:01:53] [Server thread/INFO]: [ItemsAdder] [0m[38;5;10m[Pack] DONE extracting utility resource_pack assets from .jar[0m
[16:01:54] [Craft Scheduler Thread - 21/INFO]: [ItemsAdder] [0m[38;5;11mLoaded [38;5;51m80[38;5;11m items[0m
[16:01:54] [Craft Scheduler Thread - 21/INFO]: [ItemsAdder] [0m[38;5;11mUsed [38;5;51m20[38;5;11m/[38;5;51m188[38;5;11m REAL block IDs[0m
[16:01:54] [Craft Scheduler Thread - 21/INFO]: [ItemsAdder] [0m[38;5;11mUsed [38;5;51m108[38;5;11m/[38;5;51m750[38;5;11m REAL_NOTE block IDs[0m
[16:01:54] [Craft Scheduler Thread - 21/INFO]: [ItemsAdder] [0m[38;5;11mUsed [38;5;51m48[38;5;11m/[38;5;51m63[38;5;11m REAL_TRANSPARENT block IDs[0m
[16:01:54] [Craft Scheduler Thread - 21/INFO]: [ItemsAdder] [0m[38;5;11mUsed [38;5;51m0[38;5;11m/[38;5;51m127[38;5;11m REAL_WIRE block IDs[0m
[16:01:54] [Craft Scheduler Thread - 21/INFO]: [ItemsAdder] [0m[38;5;11mUsed [38;5;51m0[38;5;11m/[38;5;51m14[38;5;11m FIRE block IDs[0m
[16:01:54] [Craft Scheduler Thread - 21/INFO]: [ItemsAdder] [0m[38;5;11mUsed [38;5;51m5[38;5;11m/[38;5;51m6608[38;5;11m font_images[0m
[16:01:54] [Craft Scheduler Thread - 21/INFO]: [ItemsAdder] [0m[38;5;10m[Init] Loaded [38;5;51m2[38;5;11m categories[0m
[16:01:54] [Craft Scheduler Thread - 21/INFO]: [ItemsAdder] [0m[38;5;10m[Init] Loaded [38;5;51m80[38;5;10m items and stuff in [38;5;51m694ms[0m
[16:01:54] [Craft Scheduler Thread - 21/INFO]: [ItemsAdder] [0m[38;5;51m[Pack] Checking resourcepack url... [0m
[16:01:54] [Craft Scheduler Thread - 21/INFO]: [ItemsAdder] [0m[38;5;10m[Pack] Resourcepack URL (self-host): http://127.0.0.1:8163/pack.zip[0m
[16:01:54] [Server thread/INFO]: [PlaceholderAPI] Successfully registered expansion: img [1.0.1]
[16:01:54] [Server thread/INFO]: [PlaceholderAPI] Successfully registered expansion: iaplayerstat [1.0.1]
[16:01:54] [Server thread/INFO]: [BlockSounds - ItemsAdder] BlockSounds have been reloaded!
[16:24:58] [Server thread/INFO]: CONSOLE issued server command: /essentials:sudo Demy___ bs
[16:24:58] [Server thread/INFO]: Demy___ a été forcé d’exécuter : /bs
[16:24:58] [Server thread/INFO]: Demy___ issued server command: /bs
[16:27:00] [Server thread/INFO]: Demy___ issued server command: /day
[16:27:25] [Server thread/INFO]: Demy___ lost connection: Disconnected
[16:27:25] [Server thread/INFO]: Demy___ left the game
[16:39:07] [Server thread/INFO]: CONSOLE: Please note that this command is not supported and may cause issues when using some plugins.
[16:39:07] [Server thread/INFO]: CONSOLE: If you encounter any issues please use the /stop command to restart your server.
[16:39:07] [Server thread/INFO]: Debug logging is disabled
[16:39:07] [Server thread/INFO]: Server Ping Player Sample Count: 12
[16:39:07] [Server thread/INFO]: Using 4 threads for Netty based IO
[16:39:07] [Server thread/INFO]: -------- World Settings For [world] --------
[16:39:07] [Server thread/INFO]: Simulation Distance: 10
[16:39:07] [Server thread/INFO]: View Distance: 10
[16:39:07] [Server thread/INFO]: Allow Zombie Pigmen to spawn from portal blocks: true
[16:39:07] [Server thread/INFO]: Item Despawn Rate: 6000
[16:39:07] [Server thread/INFO]: Item Merge Radius: 2.5
[16:39:07] [Server thread/INFO]: Nerfing mobs spawned from spawners: false
[16:39:07] [Server thread/INFO]: Zombie Aggressive Towards Villager: true
[16:39:07] [Server thread/INFO]: Mob Spawn Range: 6
[16:39:07] [Server thread/INFO]: Experience Merge Radius: 3.0
[16:39:07] [Server thread/INFO]: Entity Activation Range: An 32 / Mo 32 / Ra 48 / Mi 16 / Tiv true / Isa false
[16:39:07] [Server thread/INFO]: Cactus Growth Modifier: 100%
[16:39:07] [Server thread/INFO]: Cane Growth Modifier: 100%
[16:39:07] [Server thread/INFO]: Melon Growth Modifier: 100%
[16:39:07] [Server thread/INFO]: Mushroom Growth Modifier: 100%
[16:39:07] [Server thread/INFO]: Pumpkin Growth Modifier: 100%
[16:39:07] [Server thread/INFO]: Sapling Growth Modifier: 100%
[16:39:07] [Server thread/INFO]: Beetroot Growth Modifier: 100%
[16:39:07] [Server thread/INFO]: Carrot Growth Modifier: 100%
[16:39:07] [Server thread/INFO]: Potato Growth Modifier: 100%
[16:39:07] [Server thread/INFO]: Wheat Growth Modifier: 100%
[16:39:07] [Server thread/INFO]: NetherWart Growth Modifier: 100%
[16:39:07] [Server thread/INFO]: Vine Growth Modifier: 100%
[16:39:07] [Server thread/INFO]: Cocoa Growth Modifier: 100%
[16:39:07] [Server thread/INFO]: Bamboo Growth Modifier: 100%
[16:39:07] [Server thread/INFO]: SweetBerry Growth Modifier: 100%
[16:39:07] [Server thread/INFO]: Kelp Growth Modifier: 100%
[16:39:07] [Server thread/INFO]: TwistingVines Growth Modifier: 100%
[16:39:07] [Server thread/INFO]: WeepingVines Growth Modifier: 100%
[16:39:07] [Server thread/INFO]: CaveVines Growth Modifier: 100%
[16:39:07] [Server thread/INFO]: Entity Tracking Range: Pl 48 / An 48 / Mo 48 / Mi 32 / Other 64
[16:39:07] [Server thread/INFO]: Hopper Transfer: 8 Hopper Check: 1 Hopper Amount: 1 Hopper Can Load Chunks: false
[16:39:07] [Server thread/INFO]: Custom Map Seeds:  Village: 10387312 Desert: 14357617 Igloo: 14357618 Jungle: 14357619 Swamp: 14357620 Monument: 10387313 Ocean: 14357621 Shipwreck: 165745295 End City: 10387313 Slime: 987234911 Nether: 30084232 Mansion: 10387319 Fossil: 14357921 Portal: 34222645
[16:39:07] [Server thread/INFO]: Max TNT Explosions: 100
[16:39:07] [Server thread/INFO]: Tile Max Tick Time: 50ms Entity max Tick Time: 50ms
[16:39:07] [Server thread/INFO]: Arrow Despawn Rate: 1200 Trident Respawn Rate:1200
[16:39:07] [Server thread/INFO]: -------- World Settings For [world_nether] --------
[16:39:07] [Server thread/INFO]: Simulation Distance: 10
[16:39:07] [Server thread/INFO]: View Distance: 10
[16:39:07] [Server thread/INFO]: Allow Zombie Pigmen to spawn from portal blocks: true
[16:39:07] [Server thread/INFO]: Item Despawn Rate: 6000
[16:39:07] [Server thread/INFO]: Item Merge Radius: 2.5
[16:39:07] [Server thread/INFO]: Nerfing mobs spawned from spawners: false
[16:39:07] [Server thread/INFO]: Zombie Aggressive Towards Villager: true
[16:39:07] [Server thread/INFO]: Mob Spawn Range: 6
[16:39:07] [Server thread/INFO]: Experience Merge Radius: 3.0
[16:39:07] [Server thread/INFO]: Entity Activation Range: An 32 / Mo 32 / Ra 48 / Mi 16 / Tiv true / Isa false
[16:39:07] [Server thread/INFO]: Cactus Growth Modifier: 100%
[16:39:07] [Server thread/INFO]: Cane Growth Modifier: 100%
[16:39:07] [Server thread/INFO]: Melon Growth Modifier: 100%
[16:39:07] [Server thread/INFO]: Mushroom Growth Modifier: 100%
[16:39:07] [Server thread/INFO]: Pumpkin Growth Modifier: 100%
[16:39:07] [Server thread/INFO]: Sapling Growth Modifier: 100%
[16:39:07] [Server thread/INFO]: Beetroot Growth Modifier: 100%
[16:39:07] [Server thread/INFO]: Carrot Growth Modifier: 100%
[16:39:07] [Server thread/INFO]: Potato Growth Modifier: 100%
[16:39:07] [Server thread/INFO]: Wheat Growth Modifier: 100%
[16:39:07] [Server thread/INFO]: NetherWart Growth Modifier: 100%
[16:39:07] [Server thread/INFO]: Vine Growth Modifier: 100%
[16:39:07] [Server thread/INFO]: Cocoa Growth Modifier: 100%
[16:39:07] [Server thread/INFO]: Bamboo Growth Modifier: 100%
[16:39:07] [Server thread/INFO]: SweetBerry Growth Modifier: 100%
[16:39:07] [Server thread/INFO]: Kelp Growth Modifier: 100%
[16:39:07] [Server thread/INFO]: TwistingVines Growth Modifier: 100%
[16:39:07] [Server thread/INFO]: WeepingVines Growth Modifier: 100%
[16:39:07] [Server thread/INFO]: CaveVines Growth Modifier: 100%
[16:39:07] [Server thread/INFO]: Entity Tracking Range: Pl 48 / An 48 / Mo 48 / Mi 32 / Other 64
[16:39:07] [Server thread/INFO]: Hopper Transfer: 8 Hopper Check: 1 Hopper Amount: 1 Hopper Can Load Chunks: false
[16:39:07] [Server thread/INFO]: Custom Map Seeds:  Village: 10387312 Desert: 14357617 Igloo: 14357618 Jungle: 14357619 Swamp: 14357620 Monument: 10387313 Ocean: 14357621 Shipwreck: 165745295 End City: 10387313 Slime: 987234911 Nether: 30084232 Mansion: 10387319 Fossil: 14357921 Portal: 34222645
[16:39:07] [Server thread/INFO]: Max TNT Explosions: 100
[16:39:07] [Server thread/INFO]: Tile Max Tick Time: 50ms Entity max Tick Time: 50ms
[16:39:07] [Server thread/INFO]: Arrow Despawn Rate: 1200 Trident Respawn Rate:1200
[16:39:07] [Server thread/INFO]: -------- World Settings For [world_the_end] --------
[16:39:07] [Server thread/INFO]: Simulation Distance: 10
[16:39:07] [Server thread/INFO]: View Distance: 10
[16:39:07] [Server thread/INFO]: Allow Zombie Pigmen to spawn from portal blocks: true
[16:39:07] [Server thread/INFO]: Item Despawn Rate: 6000
[16:39:07] [Server thread/INFO]: Item Merge Radius: 2.5
[16:39:07] [Server thread/INFO]: Nerfing mobs spawned from spawners: false
[16:39:07] [Server thread/INFO]: Zombie Aggressive Towards Villager: true
[16:39:07] [Server thread/INFO]: Mob Spawn Range: 6
[16:39:07] [Server thread/INFO]: Experience Merge Radius: 3.0
[16:39:07] [Server thread/INFO]: Entity Activation Range: An 32 / Mo 32 / Ra 48 / Mi 16 / Tiv true / Isa false
[16:39:07] [Server thread/INFO]: Cactus Growth Modifier: 100%
[16:39:07] [Server thread/INFO]: Cane Growth Modifier: 100%
[16:39:07] [Server thread/INFO]: Melon Growth Modifier: 100%
[16:39:07] [Server thread/INFO]: Mushroom Growth Modifier: 100%
[16:39:07] [Server thread/INFO]: Pumpkin Growth Modifier: 100%
[16:39:07] [Server thread/INFO]: Sapling Growth Modifier: 100%
[16:39:07] [Server thread/INFO]: Beetroot Growth Modifier: 100%
[16:39:07] [Server thread/INFO]: Carrot Growth Modifier: 100%
[16:39:07] [Server thread/INFO]: Potato Growth Modifier: 100%
[16:39:07] [Server thread/INFO]: Wheat Growth Modifier: 100%
[16:39:07] [Server thread/INFO]: NetherWart Growth Modifier: 100%
[16:39:07] [Server thread/INFO]: Vine Growth Modifier: 100%
[16:39:07] [Server thread/INFO]: Cocoa Growth Modifier: 100%
[16:39:07] [Server thread/INFO]: Bamboo Growth Modifier: 100%
[16:39:07] [Server thread/INFO]: SweetBerry Growth Modifier: 100%
[16:39:07] [Server thread/INFO]: Kelp Growth Modifier: 100%
[16:39:07] [Server thread/INFO]: TwistingVines Growth Modifier: 100%
[16:39:07] [Server thread/INFO]: WeepingVines Growth Modifier: 100%
[16:39:07] [Server thread/INFO]: CaveVines Growth Modifier: 100%
[16:39:07] [Server thread/INFO]: Entity Tracking Range: Pl 48 / An 48 / Mo 48 / Mi 32 / Other 64
[16:39:07] [Server thread/INFO]: Hopper Transfer: 8 Hopper Check: 1 Hopper Amount: 1 Hopper Can Load Chunks: false
[16:39:07] [Server thread/INFO]: Custom Map Seeds:  Village: 10387312 Desert: 14357617 Igloo: 14357618 Jungle: 14357619 Swamp: 14357620 Monument: 10387313 Ocean: 14357621 Shipwreck: 165745295 End City: 10387313 Slime: 987234911 Nether: 30084232 Mansion: 10387319 Fossil: 14357921 Portal: 34222645
[16:39:07] [Server thread/INFO]: Max TNT Explosions: 100
[16:39:07] [Server thread/INFO]: Tile Max Tick Time: 50ms Entity max Tick Time: 50ms
[16:39:07] [Server thread/INFO]: Arrow Despawn Rate: 1200 Trident Respawn Rate:1200
[16:39:07] [Server thread/INFO]: -------- World Settings For [Superflat] --------
[16:39:08] [Server thread/INFO]: Simulation Distance: 10
[16:39:08] [Server thread/INFO]: View Distance: 10
[16:39:08] [Server thread/INFO]: Allow Zombie Pigmen to spawn from portal blocks: true
[16:39:08] [Server thread/INFO]: Item Despawn Rate: 6000
[16:39:08] [Server thread/INFO]: Item Merge Radius: 2.5
[16:39:08] [Server thread/INFO]: Nerfing mobs spawned from spawners: false
[16:39:08] [Server thread/INFO]: Zombie Aggressive Towards Villager: true
[16:39:08] [Server thread/INFO]: Mob Spawn Range: 6
[16:39:08] [Server thread/INFO]: Experience Merge Radius: 3.0
[16:39:08] [Server thread/INFO]: Entity Activation Range: An 32 / Mo 32 / Ra 48 / Mi 16 / Tiv true / Isa false
[16:39:08] [Server thread/INFO]: Cactus Growth Modifier: 100%
[16:39:08] [Server thread/INFO]: Cane Growth Modifier: 100%
[16:39:08] [Server thread/INFO]: Melon Growth Modifier: 100%
[16:39:08] [Server thread/INFO]: Mushroom Growth Modifier: 100%
[16:39:08] [Server thread/INFO]: Pumpkin Growth Modifier: 100%
[16:39:08] [Server thread/INFO]: Sapling Growth Modifier: 100%
[16:39:08] [Server thread/INFO]: Beetroot Growth Modifier: 100%
[16:39:08] [Server thread/INFO]: Carrot Growth Modifier: 100%
[16:39:08] [Server thread/INFO]: Potato Growth Modifier: 100%
[16:39:08] [Server thread/INFO]: Wheat Growth Modifier: 100%
[16:39:08] [Server thread/INFO]: NetherWart Growth Modifier: 100%
[16:39:08] [Server thread/INFO]: Vine Growth Modifier: 100%
[16:39:08] [Server thread/INFO]: Cocoa Growth Modifier: 100%
[16:39:08] [Server thread/INFO]: Bamboo Growth Modifier: 100%
[16:39:08] [Server thread/INFO]: SweetBerry Growth Modifier: 100%
[16:39:08] [Server thread/INFO]: Kelp Growth Modifier: 100%
[16:39:08] [Server thread/INFO]: TwistingVines Growth Modifier: 100%
[16:39:08] [Server thread/INFO]: WeepingVines Growth Modifier: 100%
[16:39:08] [Server thread/INFO]: CaveVines Growth Modifier: 100%
[16:39:08] [Server thread/INFO]: Entity Tracking Range: Pl 48 / An 48 / Mo 48 / Mi 32 / Other 64
[16:39:08] [Server thread/INFO]: Hopper Transfer: 8 Hopper Check: 1 Hopper Amount: 1 Hopper Can Load Chunks: false
[16:39:08] [Server thread/INFO]: Custom Map Seeds:  Village: 10387312 Desert: 14357617 Igloo: 14357618 Jungle: 14357619 Swamp: 14357620 Monument: 10387313 Ocean: 14357621 Shipwreck: 165745295 End City: 10387313 Slime: 987234911 Nether: 30084232 Mansion: 10387319 Fossil: 14357921 Portal: 34222645
[16:39:08] [Server thread/INFO]: Max TNT Explosions: 100
[16:39:08] [Server thread/INFO]: Tile Max Tick Time: 50ms Entity max Tick Time: 50ms
[16:39:08] [Server thread/INFO]: Arrow Despawn Rate: 1200 Trident Respawn Rate:1200
[16:39:08] [Server thread/INFO]: [BlockSounds] Disabling BlockSounds v1.3
[16:39:08] [Server thread/INFO]: [BossShopPro] Disabling BossShopPro v2.1.0-SNAPSHOT
[16:39:08] [Server thread/INFO]: [BossShopPro] Disabling... bye!
[16:39:08] [Server thread/INFO]: [ItemsAdder] Disabling ItemsAdder v3.2.5-beta5
[16:39:08] [Craft Scheduler Thread - 19/INFO]: [ItemsAdder] [0m[38;5;51m[Host] Started self-host webserver on port: 8163[0m
[16:39:08] [Server thread/INFO]: [ItemJoin] Disabling ItemJoin v5.2.5-RELEASE-b850
[16:39:08] [Server thread/INFO]: [AdvancedAchievements-LuckPerms-Hook] Disabling AdvancedAchievements-LuckPerms-Hook v1.1.0
[16:39:08] [Server thread/INFO]: [TAB] Disabling TAB v3.2.1
[16:39:08] [Server thread/INFO]: [TAB] Disabled in 2ms
[16:39:08] [Server thread/INFO]: [EssentialsChat] Disabling EssentialsChat v2.17.0.0
[16:39:08] [Server thread/INFO]: [AdvancedAchievements] Disabling AdvancedAchievements v6.2.1
[16:39:08] [Server thread/INFO]: [AdvancedAchievements] Remaining requests sent to the database, plugin successfully disabled.
[16:39:08] [Server thread/INFO]: Disabling Essentials v2.19.7
[16:39:08] [Server thread/INFO]: [Vault] [Economy] Essentials Economy unhooked.
[16:39:08] [Server thread/ERROR]: Il y a de bonnes chances que vous soyez entrain de recharger votre serveur en ce moment. Si c'est le cas, pourquoi vous détestez vous-même ? N'attendez aucun support de l'équipe EssentialsX en utilisant /reload.
[16:39:08] [Server thread/INFO]: [SimpleScore] Disabling SimpleScore v3.12.2
[16:39:08] [Server thread/INFO]: [CrazyEnchantments] Disabling CrazyEnchantments v1.9.8
[16:39:08] [Server thread/INFO]: [AdvancedHelp] Disabling AdvancedHelp v1.12.7
[16:39:08] [Server thread/INFO]: [ProtocolLib] Disabling ProtocolLib v5.0.0-SNAPSHOT-b600
[16:39:08] [Server thread/ERROR]: [ProtocolLib] ????????????????????????????????????????????????????????????????????
[16:39:08] [Server thread/ERROR]: [ProtocolLib] ?                               WARNING                            ?
[16:39:08] [Server thread/ERROR]: [ProtocolLib] ?     RELOADING THE SERVER WHILE PROTOCOL LIB IS ENABLED MIGHT     ?
[16:39:08] [Server thread/ERROR]: [ProtocolLib] ?                    LEAD TO UNEXPECTED ERRORS!                    ?
[16:39:08] [Server thread/ERROR]: [ProtocolLib] ?                                                                  ?
[16:39:08] [Server thread/ERROR]: [ProtocolLib] ?     Consider to cleanly restart your server if you encounter     ?
[16:39:08] [Server thread/ERROR]: [ProtocolLib] ?    any issues related to Protocol Lib before opening an issue    ?
[16:39:08] [Server thread/ERROR]: [ProtocolLib] ?                            on GitHub!                            ?
[16:39:08] [Server thread/ERROR]: [ProtocolLib] ????????????????????????????????????????????????????????????????????
[16:39:08] [Server thread/INFO]: [Multiverse-Core] Disabling Multiverse-Core v4.3.1-b861
[16:39:08] [Server thread/INFO]: [LoneLibs] Disabling LoneLibs v1.0.21
[16:39:08] [Server thread/INFO]: [Vault] Disabling Vault v1.7.3-b131
[16:39:08] [Server thread/INFO]: [NametagEdit] Disabling NametagEdit v4.5.14
[16:39:08] [Server thread/INFO]: [PlaceholderAPI] Disabling PlaceholderAPI v2.11.2
[16:39:08] [Server thread/INFO]: [LuckPerms] Disabling LuckPerms v5.4.58
[16:39:08] [Server thread/INFO]: [LuckPerms] Starting shutdown process...
[16:39:08] [Server thread/INFO]: [LuckPerms] Closing storage...
[16:39:08] [Server thread/INFO]: [LuckPerms] Goodbye!
[16:39:09] [Server thread/INFO]: Loaded 7 recipes
[16:39:11] [Server thread/WARN]: Legacy plugin AdvancedAchievements-LuckPerms-Hook v1.1.0 does not specify an api-version.
[16:39:11] [Server thread/INFO]: [LuckPerms] Loading LuckPerms v5.4.58
[16:39:12] [Server thread/INFO]: [PlaceholderAPI] Loading PlaceholderAPI v2.11.2
[16:39:12] [Server thread/INFO]: [NametagEdit] Loading NametagEdit v4.5.14
[16:39:12] [Server thread/INFO]: [Vault] Loading Vault v1.7.3-b131
[16:39:12] [Server thread/INFO]: [LoneLibs] Loading LoneLibs v1.0.21
[16:39:12] [Server thread/INFO]: [Multiverse-Core] Loading Multiverse-Core v4.3.1-b861
[16:39:12] [Server thread/INFO]: [ProtocolLib] Loading ProtocolLib v5.0.0-SNAPSHOT-b600
[16:39:12] [Server thread/WARN]: [ProtocolLib] Version (MC: 1.19.2) has not yet been tested! Proceed with caution.
[16:39:13] [Server thread/INFO]: [AdvancedHelp] Loading AdvancedHelp v1.12.7
[16:39:13] [Server thread/INFO]: [CrazyEnchantments] Loading CrazyEnchantments v1.9.8
[16:39:13] [Server thread/INFO]: [SimpleScore] Loading SimpleScore v3.12.2
[16:39:13] [Server thread/INFO]: [Essentials] Loading Essentials v2.19.7
[16:39:13] [Server thread/INFO]: [AdvancedAchievements] Loading AdvancedAchievements v6.2.1
[16:39:13] [Server thread/INFO]: [EssentialsChat] Loading EssentialsChat v2.17.0.0
[16:39:13] [Server thread/INFO]: [TAB] Loading TAB v3.2.1
[16:39:13] [Server thread/INFO]: [AdvancedAchievements-LuckPerms-Hook] Loading AdvancedAchievements-LuckPerms-Hook v1.1.0
[16:39:13] [Server thread/INFO]: [ItemJoin] Loading ItemJoin v5.2.5-RELEASE-b850
[16:39:13] [Server thread/INFO]: [ItemsAdder] Loading ItemsAdder v3.2.5-beta5
[16:39:13] [Server thread/INFO]: [BossShopPro] Loading BossShopPro v2.1.0-SNAPSHOT
[16:39:13] [Server thread/INFO]: [BlockSounds] Loading BlockSounds v1.3
[16:39:13] [Server thread/INFO]: [CustomCrops] Loading CustomCrops v2.1.2
[16:39:13] [Server thread/INFO]: [CustomCrops] Dependency 'boosted-yaml-1.3' is not already in the libraries folder. Attempting to download...
[16:39:13] [Server thread/INFO]: [CustomCrops] Dependency 'boosted-yaml-1.3' successfully downloaded.
[16:39:13] [Server thread/INFO]: [CustomCrops] Dependency 'commons-io-2.11.0' is not already in the libraries folder. Attempting to download...
[16:39:13] [Server thread/INFO]: [CustomCrops] Dependency 'commons-io-2.11.0' successfully downloaded.
[16:39:13] [Server thread/INFO]: [LuckPerms] Enabling LuckPerms v5.4.58
[16:39:14] [Server thread/INFO]:         __    
[16:39:14] [Server thread/INFO]:   |    |__)   LuckPerms v5.4.58
[16:39:14] [Server thread/INFO]:   |___ |      Running on Bukkit - CraftBukkit
[16:39:14] [Server thread/INFO]: 
[16:39:14] [Server thread/INFO]: [LuckPerms] Loading configuration...
[16:39:15] [Server thread/INFO]: [LuckPerms] Loading storage provider... [H2]
[16:39:16] [Server thread/INFO]: [LuckPerms] Loading internal permission managers...
[16:39:16] [Server thread/INFO]: [LuckPerms] Performing initial data load...
[16:39:17] [Server thread/INFO]: [LuckPerms] Successfully enabled. (took 3443ms)
[16:39:17] [Server thread/INFO]: [Vault] Enabling Vault v1.7.3-b131
[16:39:17] [Server thread/WARN]: [Vault] Loaded class com.earth2me.essentials.api.Economy from Essentials v2.19.7 which is not a depend or softdepend of this plugin.
[16:39:17] [Server thread/INFO]: [Vault] [Economy] Essentials Economy found: Waiting
[16:39:17] [Server thread/INFO]: [Vault] [Permission] SuperPermissions loaded as backup permission system.
[16:39:17] [Server thread/INFO]: [Vault] Enabled Version 1.7.3-b131
[16:39:17] [Server thread/INFO]: [LuckPerms] Registered Vault permission & chat hook.
[16:39:17] [Server thread/INFO]: [LoneLibs] Enabling LoneLibs v1.0.21
[16:39:17] [Server thread/INFO]: [ProtocolLib] Enabling ProtocolLib v5.0.0-SNAPSHOT-b600
[16:39:18] [Server thread/INFO]: [ItemJoin] Enabling ItemJoin v5.2.5-RELEASE-b850
[16:39:18] [Server thread/INFO]: [PlaceholderAPI] Enabling PlaceholderAPI v2.11.2
[16:39:18] [Server thread/INFO]: [PlaceholderAPI] Fetching available expansion information...
[16:39:18] [Server thread/INFO]: [NametagEdit] Enabling NametagEdit v4.5.14
[16:39:18] [Server thread/INFO]: [NametagEdit] Successfully loaded using bukkit version: v1_19_R1
[16:39:18] [Server thread/INFO]: [NametagEdit] Found LuckPerms! Hooking in.
[16:39:18] [Server thread/INFO]: [Multiverse-Core] Enabling Multiverse-Core v4.3.1-b861
[16:39:18] [Server thread/WARN]: [Multiverse-Core] "Multiverse-Core v4.3.1-b861" has registered a listener for org.bukkit.event.entity.EntityCreatePortalEvent on method "public void com.onarandombox.MultiverseCore.listeners.MVPortalListener.entityPortalCreate(org.bukkit.event.entity.EntityCreatePortalEvent)", but the event is Deprecated. "Server performance will be affected"; please notify the authors [dumptruckman, Rigby, fernferret, lithium3141, main--].
[16:39:18] [Server thread/INFO]: [Multiverse-Core] §aWe are aware of the warning about the deprecated event. There is no alternative that allows us to do what we need to do and performance impact is negligible. It is safe to ignore.
[16:39:18] [Server thread/INFO]: [Multiverse-Core] 4 - World(s) loaded.
[16:39:18] [Server thread/WARN]: [Multiverse-Core] Buscript failed to load! The script command will be disabled! If you would like not to see this message, use `/mv conf enablebuscript false` to disable Buscript from loading.
[16:39:18] [Server thread/INFO]: [Multiverse-Core] Version 4.3.1-b861 (API v24) Enabled - By dumptruckman, Rigby, fernferret, lithium3141 and main--
[16:39:18] [Server thread/INFO]: [AdvancedHelp] Enabling AdvancedHelp v1.12.7
[16:39:19] [Server thread/INFO]: [AdvancedHelp] PlaceholderAPI Hooked!
[16:39:19] [Server thread/INFO]: [AdvancedHelp] Plugin is up to date! -1.12.7
[16:39:19] [Server thread/INFO]: [AdvancedHelp] Successfully Enabled!
[16:39:19] [Server thread/INFO]: [CrazyEnchantments] Enabling CrazyEnchantments v1.9.8
[16:39:19] [Server thread/INFO]: [CrazyEnchantments] Loading the config.yml.
[16:39:19] [Server thread/INFO]: [CrazyEnchantments] Successfully loaded config.yml.
[16:39:19] [Server thread/INFO]: [CrazyEnchantments] Loading the BlockList.yml.
[16:39:19] [Server thread/INFO]: [CrazyEnchantments] Successfully loaded BlockList.yml.
[16:39:19] [Server thread/INFO]: [CrazyEnchantments] Loading the Data.yml.
[16:39:19] [Server thread/INFO]: [CrazyEnchantments] Successfully loaded Data.yml.
[16:39:19] [Server thread/INFO]: [CrazyEnchantments] Loading the Enchantments.yml.
[16:39:19] [Server thread/INFO]: [CrazyEnchantments] Successfully loaded Enchantments.yml.
[16:39:19] [Server thread/INFO]: [CrazyEnchantments] Loading the GKitz.yml.
[16:39:19] [Server thread/INFO]: [CrazyEnchantments] Successfully loaded GKitz.yml.
[16:39:19] [Server thread/INFO]: [CrazyEnchantments] Loading the Messages.yml.
[16:39:19] [Server thread/INFO]: [CrazyEnchantments] Successfully loaded Messages.yml.
[16:39:19] [Server thread/INFO]: [CrazyEnchantments] Loading the Enchantment-Types.yml.
[16:39:19] [Server thread/INFO]: [CrazyEnchantments] Successfully loaded Enchantment-Types.yml.
[16:39:19] [Server thread/INFO]: [CrazyEnchantments] Loading the Tinker.yml.
[16:39:19] [Server thread/INFO]: [CrazyEnchantments] Successfully loaded Tinker.yml.
[16:39:19] [Server thread/INFO]: [CrazyEnchantments] §8§l=== §e§lCrazyEnchantment Hook Status §8§l===
[16:39:19] [Server thread/INFO]: [CrazyEnchantments] §6§lWORLDGUARD §c§lNOT FOUND
[16:39:19] [Server thread/INFO]: [CrazyEnchantments] §6§lWORLDEDIT §c§lNOT FOUND
[16:39:19] [Server thread/INFO]: [CrazyEnchantments] §6§lORAXEN §c§lNOT FOUND
[16:39:19] [Server thread/INFO]: [CrazyEnchantments] §6§lSILK_SPAWNERS_V2 §c§lNOT FOUND
[16:39:19] [Server thread/INFO]: [CrazyEnchantments] §6§lPLOT_SQUARED §c§lNOT FOUND
[16:39:19] [Server thread/INFO]: [CrazyEnchantments] §6§lSILK_SPAWNERS §c§lNOT FOUND
[16:39:19] [Server thread/INFO]: [CrazyEnchantments] §6§lSPARTAN §c§lNOT FOUND
[16:39:19] [Server thread/INFO]: [CrazyEnchantments] §6§lMCMMO §c§lNOT FOUND
[16:39:19] [Server thread/INFO]: [CrazyEnchantments] §6§lNO_CHEAT_PLUS §c§lNOT FOUND
[16:39:19] [Server thread/INFO]: [CrazyEnchantments] §6§lTOWNYADVANCED §c§lNOT FOUND
[16:39:19] [Server thread/INFO]: [CrazyEnchantments] §6§lSUPERIORSKYBLOCK §c§lNOT FOUND
[16:39:19] [Server thread/INFO]: [CrazyEnchantments] §6§lVAULT §a§lFOUND
[16:39:19] [Server thread/INFO]: [CrazyEnchantments] §6§lFACTIONS_UUID §c§lNOT FOUND
[16:39:19] [Server thread/INFO]: [CrazyEnchantments] §6§lGRIEF_PREVENTION §c§lNOT FOUND
[16:39:19] [Server thread/INFO]: [NBTAPI] Found Spigot: v1_19_R1! Trying to find NMS support
[16:39:19] [Server thread/INFO]: [NBTAPI] NMS support 'MC1_19_R1' loaded!
[16:39:19] [Server thread/INFO]: [NBTAPI] Found Gson: class com.google.gson.Gson
[16:39:20] [Server thread/INFO]: [CrazyEnchantments] G-Kitz support is now enabled.
[16:39:20] [Server thread/INFO]: [SimpleScore] Enabling SimpleScore v3.12.2
[16:39:20] [Thread-61/INFO]: [NBTAPI] The NBT-API seems to be up-to-date!
[16:39:20] [Server thread/INFO]: [PlaceholderAPI] Successfully registered expansion: SimpleScore [3.12.2]
[16:39:20] [Server thread/INFO]: [Essentials] Enabling Essentials v2.19.7
[16:39:20] [Server thread/INFO]: You are running a server with limited API functionality. EssentialsX will still work, but certain features may be disabled.
[16:39:20] [Server thread/WARN]: §4Version mismatch! Please update EssentialsChat to the same version.
[16:39:21] [Server thread/INFO]: Attempting to convert old kits in config.yml to new kits.yml
[16:39:21] [Server thread/INFO]: No kits found to migrate.
[16:39:21] [Server thread/INFO]: Loaded 38132 items from items.json.
[16:39:21] [Server thread/INFO]: Using locale fr_FR
[16:39:22] [Server thread/INFO]: ServerListPingEvent: Spigot iterator API
[16:39:22] [Server thread/INFO]: Starting Metrics. Opt-out using the global bStats config.
[16:39:22] [Server thread/INFO]: [Vault] [Economy] Essentials Economy hooked.
[16:39:22] [Server thread/INFO]: Using Vault based permissions (LuckPerms)
[16:39:22] [Server thread/INFO]: [AdvancedAchievements] Enabling AdvancedAchievements v6.2.1
[16:39:22] [Server thread/INFO]: [AdvancedAchievements] Loading and backing up configuration files...
[16:39:22] [Server thread/WARN]: [AdvancedAchievements] Overriding configuration: disabling PetMasterGive and PetMasterReceive categories.
[16:39:22] [Server thread/WARN]: [AdvancedAchievements] Ensure you have placed Pet Master with a minimum version of 1.4 in your plugins folder or add PetMasterGive and PetMasterReceive to the DisabledCategories list in config.yml.
[16:39:22] [Server thread/INFO]: [AdvancedAchievements] Loaded 58 achievements in 48 categories.
[16:39:22] [Server thread/INFO]: [AdvancedAchievements] 3 disabled categories: [PetMasterGive, AdvancementsCompleted, PetMasterReceive]
[16:39:22] [Server thread/INFO]: [AdvancedAchievements] Registering event listeners...
[16:39:22] [Server thread/INFO]: [AdvancedAchievements] Initialising database...
[16:39:22] [Server thread/INFO]: [AdvancedAchievements] Setting up command executor and custom tab completers...
[16:39:22] [Server thread/INFO]: [AdvancedAchievements] Launching scheduled tasks...
[16:39:22] [Server thread/INFO]: [AdvancedAchievements] Registering permissions...
[16:39:22] [Thread-66/INFO]: [AdvancedAchievements] Checking for plugin update...
[16:39:23] [Server thread/INFO]: [PlaceholderAPI] Successfully registered expansion: aach [6.2.1]
[16:39:23] [Server thread/INFO]: [AdvancedAchievements] Plugin has finished loading and is ready to run! Took 1066ms.
[16:39:23] [Server thread/INFO]: [EssentialsChat] Enabling EssentialsChat v2.17.0.0
[16:39:23] [Server thread/WARN]: [EssentialsChat] §4Versions différentes ! Veuillez mettre à jour tous les jars Essentials à la même version.
[16:39:23] [Server thread/ERROR]: Error occurred while enabling EssentialsChat v2.17.0.0 (Is it up to date?)
java.lang.NoClassDefFoundError: com/earth2me/essentials/metrics/Metrics
	at com.earth2me.essentials.chat.EssentialsChat.onEnable(EssentialsChat.java:43) ~[?:?]
	at org.bukkit.plugin.java.JavaPlugin.setEnabled(JavaPlugin.java:264) ~[spigot-api-1.19.2-R0.1-SNAPSHOT.jar:?]
	at org.bukkit.plugin.java.JavaPluginLoader.enablePlugin(JavaPluginLoader.java:342) ~[spigot-api-1.19.2-R0.1-SNAPSHOT.jar:?]
	at org.bukkit.plugin.SimplePluginManager.enablePlugin(SimplePluginManager.java:480) ~[spigot-api-1.19.2-R0.1-SNAPSHOT.jar:?]
	at org.bukkit.craftbukkit.v1_19_R1.CraftServer.enablePlugin(CraftServer.java:525) ~[spigot-1.19.2-R0.1-SNAPSHOT.jar:3610-Spigot-6198b5a-19df23a]
	at org.bukkit.craftbukkit.v1_19_R1.CraftServer.enablePlugins(CraftServer.java:439) ~[spigot-1.19.2-R0.1-SNAPSHOT.jar:3610-Spigot-6198b5a-19df23a]
	at org.bukkit.craftbukkit.v1_19_R1.CraftServer.reload(CraftServer.java:924) ~[spigot-1.19.2-R0.1-SNAPSHOT.jar:3610-Spigot-6198b5a-19df23a]
	at org.bukkit.Bukkit.reload(Bukkit.java:802) ~[spigot-api-1.19.2-R0.1-SNAPSHOT.jar:?]
	at org.bukkit.command.defaults.ReloadCommand.execute(ReloadCommand.java:27) ~[spigot-api-1.19.2-R0.1-SNAPSHOT.jar:?]
	at org.bukkit.command.SimpleCommandMap.dispatch(SimpleCommandMap.java:149) ~[spigot-api-1.19.2-R0.1-SNAPSHOT.jar:?]
	at org.bukkit.craftbukkit.v1_19_R1.CraftServer.dispatchCommand(CraftServer.java:833) ~[spigot-1.19.2-R0.1-SNAPSHOT.jar:3610-Spigot-6198b5a-19df23a]
	at org.bukkit.craftbukkit.v1_19_R1.CraftServer.dispatchServerCommand(CraftServer.java:818) ~[spigot-1.19.2-R0.1-SNAPSHOT.jar:3610-Spigot-6198b5a-19df23a]
	at net.minecraft.server.dedicated.DedicatedServer.bg(DedicatedServer.java:419) ~[spigot-1.19.2-R0.1-SNAPSHOT.jar:3610-Spigot-6198b5a-19df23a]
	at net.minecraft.server.dedicated.DedicatedServer.b(DedicatedServer.java:395) ~[spigot-1.19.2-R0.1-SNAPSHOT.jar:3610-Spigot-6198b5a-19df23a]
	at net.minecraft.server.MinecraftServer.a(MinecraftServer.java:1197) ~[spigot-1.19.2-R0.1-SNAPSHOT.jar:3610-Spigot-6198b5a-19df23a]
	at net.minecraft.server.MinecraftServer.v(MinecraftServer.java:1013) ~[spigot-1.19.2-R0.1-SNAPSHOT.jar:3610-Spigot-6198b5a-19df23a]
	at net.minecraft.server.MinecraftServer.lambda$0(MinecraftServer.java:293) ~[spigot-1.19.2-R0.1-SNAPSHOT.jar:3610-Spigot-6198b5a-19df23a]
	at java.lang.Thread.run(Thread.java:833) [?:?]
Caused by: java.lang.ClassNotFoundException: com.earth2me.essentials.metrics.Metrics
	at org.bukkit.plugin.java.PluginClassLoader.loadClass0(PluginClassLoader.java:147) ~[spigot-api-1.19.2-R0.1-SNAPSHOT.jar:?]
	at org.bukkit.plugin.java.PluginClassLoader.loadClass(PluginClassLoader.java:99) ~[spigot-api-1.19.2-R0.1-SNAPSHOT.jar:?]
	at java.lang.ClassLoader.loadClass(ClassLoader.java:520) ~[?:?]
	... 18 more
[16:39:23] [Server thread/INFO]: [TAB] Enabling TAB v3.2.1
[16:39:23] [Thread-66/WARN]: [AdvancedAchievements] Update available: v8.0.2! Download at spigotmc.org/resources/advanced-achievements.83466
[16:39:23] [Server thread/INFO]: [TAB] Server version: 1.19.2 (v1_19_R1)
[16:39:23] [Server thread/INFO]: [TAB] Loaded NMS hook in 18ms
[16:39:23] [Server thread/INFO]: [TAB] Enabled in 105ms
[16:39:23] [Server thread/INFO]: [AdvancedAchievements-LuckPerms-Hook] Enabling AdvancedAchievements-LuckPerms-Hook v1.1.0
[16:39:23] [Server thread/INFO]: [AdvancedAchievements-LuckPerms-Hook] Preparing configuration...
[16:39:23] [Server thread/INFO]: [AdvancedAchievements-LuckPerms-Hook] Checking required plugins are installed and enabled, please wait...
[16:39:23] [Server thread/INFO]: [AdvancedAchievements-LuckPerms-Hook] Checking Plugin AdvancedAchievements
[16:39:23] [Server thread/INFO]: [AdvancedAchievements-LuckPerms-Hook] Plugin AdvancedAchievements is ok!
[16:39:23] [Server thread/INFO]: [AdvancedAchievements-LuckPerms-Hook] Checking Plugin LuckPerms
[16:39:23] [Server thread/INFO]: [AdvancedAchievements-LuckPerms-Hook] Plugin LuckPerms is ok!
[16:39:23] [Server thread/ERROR]: Error occurred while enabling AdvancedAchievements-LuckPerms-Hook v1.1.0 (Is it up to date?)
java.lang.NoClassDefFoundError: me/lucko/luckperms/api/LuckPermsApi
	at com.algorithmjunkie.mc.aalphook.AALPHookPlugin$onEnable$2.invoke(AALPHookPlugin.kt:39) ~[?:?]
	at com.algorithmjunkie.mc.aalphook.AALPHookPlugin$onEnable$2.invoke(AALPHookPlugin.kt:14) ~[?:?]
	at com.algorithmjunkie.mc.aalphook.AALPHookPlugin.checkPlugin(AALPHookPlugin.kt:64) ~[?:?]
	at com.algorithmjunkie.mc.aalphook.AALPHookPlugin.onEnable(AALPHookPlugin.kt:38) ~[?:?]
	at org.bukkit.plugin.java.JavaPlugin.setEnabled(JavaPlugin.java:264) ~[spigot-api-1.19.2-R0.1-SNAPSHOT.jar:?]
	at org.bukkit.plugin.java.JavaPluginLoader.enablePlugin(JavaPluginLoader.java:342) ~[spigot-api-1.19.2-R0.1-SNAPSHOT.jar:?]
	at org.bukkit.plugin.SimplePluginManager.enablePlugin(SimplePluginManager.java:480) ~[spigot-api-1.19.2-R0.1-SNAPSHOT.jar:?]
	at org.bukkit.craftbukkit.v1_19_R1.CraftServer.enablePlugin(CraftServer.java:525) ~[spigot-1.19.2-R0.1-SNAPSHOT.jar:3610-Spigot-6198b5a-19df23a]
	at org.bukkit.craftbukkit.v1_19_R1.CraftServer.enablePlugins(CraftServer.java:439) ~[spigot-1.19.2-R0.1-SNAPSHOT.jar:3610-Spigot-6198b5a-19df23a]
	at org.bukkit.craftbukkit.v1_19_R1.CraftServer.reload(CraftServer.java:924) ~[spigot-1.19.2-R0.1-SNAPSHOT.jar:3610-Spigot-6198b5a-19df23a]
	at org.bukkit.Bukkit.reload(Bukkit.java:802) ~[spigot-api-1.19.2-R0.1-SNAPSHOT.jar:?]
	at org.bukkit.command.defaults.ReloadCommand.execute(ReloadCommand.java:27) ~[spigot-api-1.19.2-R0.1-SNAPSHOT.jar:?]
	at org.bukkit.command.SimpleCommandMap.dispatch(SimpleCommandMap.java:149) ~[spigot-api-1.19.2-R0.1-SNAPSHOT.jar:?]
	at org.bukkit.craftbukkit.v1_19_R1.CraftServer.dispatchCommand(CraftServer.java:833) ~[spigot-1.19.2-R0.1-SNAPSHOT.jar:3610-Spigot-6198b5a-19df23a]
	at org.bukkit.craftbukkit.v1_19_R1.CraftServer.dispatchServerCommand(CraftServer.java:818) ~[spigot-1.19.2-R0.1-SNAPSHOT.jar:3610-Spigot-6198b5a-19df23a]
	at net.minecraft.server.dedicated.DedicatedServer.bg(DedicatedServer.java:419) ~[spigot-1.19.2-R0.1-SNAPSHOT.jar:3610-Spigot-6198b5a-19df23a]
	at net.minecraft.server.dedicated.DedicatedServer.b(DedicatedServer.java:395) ~[spigot-1.19.2-R0.1-SNAPSHOT.jar:3610-Spigot-6198b5a-19df23a]
	at net.minecraft.server.MinecraftServer.a(MinecraftServer.java:1197) ~[spigot-1.19.2-R0.1-SNAPSHOT.jar:3610-Spigot-6198b5a-19df23a]
	at net.minecraft.server.MinecraftServer.v(MinecraftServer.java:1013) ~[spigot-1.19.2-R0.1-SNAPSHOT.jar:3610-Spigot-6198b5a-19df23a]
	at net.minecraft.server.MinecraftServer.lambda$0(MinecraftServer.java:293) ~[spigot-1.19.2-R0.1-SNAPSHOT.jar:3610-Spigot-6198b5a-19df23a]
	at java.lang.Thread.run(Thread.java:833) [?:?]
Caused by: java.lang.ClassNotFoundException: me.lucko.luckperms.api.LuckPermsApi
	at org.bukkit.plugin.java.PluginClassLoader.loadClass0(PluginClassLoader.java:147) ~[spigot-api-1.19.2-R0.1-SNAPSHOT.jar:?]
	at org.bukkit.plugin.java.PluginClassLoader.loadClass(PluginClassLoader.java:99) ~[spigot-api-1.19.2-R0.1-SNAPSHOT.jar:?]
	at java.lang.ClassLoader.loadClass(ClassLoader.java:520) ~[?:?]
	... 21 more
[16:39:23] [Server thread/INFO]: [ItemsAdder] Enabling ItemsAdder v3.2.5-beta5
[16:39:23] [Server thread/INFO]: [NBTAPI] Found Spigot: v1_19_R1! Trying to find NMS support
[16:39:23] [Server thread/INFO]: [NBTAPI] NMS support 'MC1_19_R1' loaded!
[16:39:23] [Server thread/INFO]: [NBTAPI] Found Gson: class com.google.gson.Gson
[16:39:23] [Server thread/INFO]: [ItemsAdder] [0m[38;5;51m
[38;5;51m  ___  ___        __        __   __   ___  __  [38;5;2m    ItemsAdder[38;5;246m 3.2.5-beta5
[38;5;51m|  |  |__   |\/| /__`  /\  |  \ |  \ |__  |__) [38;5;2m    LoneLibs[38;5;246m 1.0.21
[38;5;51m|  |  |___  |  | .__/ /--\ |__/ |__/ |___ |  \ [38;5;8m    CraftBukkit 3610-Spigot-6198b5a-19df23a (MC: 1.19.2)
[38;5;51m                                               [0m
[16:39:23] [Server thread/ERROR]: [ItemsAdder] [0m[38;5;9mYOU RELOADED THE PLUGIN/SERVER, this may cause bugs.[0m
[16:39:23] [Server thread/ERROR]: [ItemsAdder] [0m[38;5;8mPlease use [38;5;51m/iareload[38;5;8m to reload configurations.[0m
[16:39:23] [Server thread/ERROR]: [ItemsAdder] [0m[38;5;8mPlease [38;5;51mrestart the server[38;5;8m if you want to update the plugin jar.

[0m
[16:39:23] [Server thread/INFO]: [ItemsAdder] [0m[38;5;11mLightAPI not installed, please install it to see blocks emitting light: [38;5;51mhttps://a.devs.beer/lightapi-new[0m
[16:39:24] [Server thread/INFO]: [BossShopPro] Enabling BossShopPro v2.1.0-SNAPSHOT
[16:39:24] [Server thread/INFO]: [BossShopPro] Loading data...
[16:39:24] [Server thread/INFO]: [BossShopPro] Hooked into PlaceholderAPI.
[16:39:24] [Server thread/INFO]: [BlockSounds] Enabling BlockSounds v1.3
[16:39:24] [Server thread/INFO]: [CustomCrops] Enabling CustomCrops v2.1.2
[16:39:24] [Server thread/INFO]: [CustomCrops] Running on 3610-Spigot-6198b5a-19df23a (MC: 1.19.2)
[16:39:24] [Server thread/INFO]: [CustomCrops] Custom Item Plugin Platform: ItemsAdder
[16:39:25] [Server thread/INFO]: [CustomCrops] Crop Mode: Tripwire
[16:39:25] [Server thread/INFO]: [CustomCrops] Loaded 13 crops
[16:39:25] [Server thread/INFO]: [CustomCrops] Loaded 15 fertilizers
[16:39:25] [Server thread/INFO]: [CustomCrops] Loaded 3 sprinklers
[16:39:25] [Server thread/INFO]: [CustomCrops] Loaded 4 watering cans
[16:39:25] [Server thread/INFO]: [PlaceholderAPI] Successfully registered expansion: cseason [1.0]
[16:39:25] [Server thread/INFO]: [CustomCrops] Plugin Enabled!
[16:39:25] [Server thread/INFO]: Server permissions file permissions.yml is empty, ignoring it
[16:39:25] [Server thread/INFO]: [PlaceholderAPI] Placeholder expansion registration initializing...
[16:39:25] [Server thread/INFO]: CONSOLE: Reload complete.
[16:39:25] [Server thread/WARN]: Can't keep up! Is the server overloaded? Running 17467ms or 349 ticks behind
[16:39:25] [Craft Scheduler Thread - 40/INFO]: [ItemJoin] Hooked into { Multiverse-Core, PlaceholderAPI, ProtocolLib, Vault }
[16:39:25] [Craft Scheduler Thread - 40/INFO]: [ItemJoin] 1 Custom item(s) loaded!
[16:39:25] [Craft Scheduler Thread - 40/WARN]: [ItemJoin] Loaded class org.h2.Driver from AdvancedAchievements v6.2.1 which is not a depend or softdepend of this plugin.
[16:39:25] [Server thread/INFO]: Essentials found a compatible payment resolution method: Vault Compatibility Layer (v1.7.3-b131)!
[16:39:25] [Server thread/INFO]: [ItemsAdder] [0m[38;5;51m[Pack] Extracting utility resource_pack assets from .jar[0m
[16:39:25] [Craft Scheduler Thread - 42/INFO]: §6Récupération des informations de version...
[16:39:25] [Craft Scheduler Thread - 43/INFO]: [ItemsAdder] [0m
[0m
[ItemsAdder] [38;5;10mUPDATE available: [38;5;51mhttps://www.spigotmc.org/resources/73355/[0m
[ItemsAdder] [38;5;8mCurrent version: 3.2.5-beta5[38;5;8m | Online version: 3.3.0b-r4
[0m
[16:39:25] [Server thread/INFO]: [ItemsAdder] [0m[38;5;10m[Pack] DONE extracting utility resource_pack assets from .jar[0m
[16:39:25] [Craft Scheduler Thread - 19/INFO]: [ItemsAdder] [0m[38;5;10m[License] Spigot product licensed to: [38;5;51mluluxe (244044)[0m
[16:39:25] [Craft Scheduler Thread - 38/INFO]: [ItemJoin] You are up to date!
[16:39:26] [Craft Scheduler Thread - 40/INFO]: [Vault] Checking for Updates ... 
[16:39:26] [Server thread/INFO]: [PlaceholderAPI] Successfully registered expansion: Advancements [1.7]
[16:39:26] [Server thread/WARN]: [PlaceholderAPI] Loaded class net.luckperms.api.LuckPerms from LuckPerms v5.4.58 which is not a depend or softdepend of this plugin.
[16:39:26] [Server thread/INFO]: [PlaceholderAPI] Successfully registered expansion: luckperms [5.4-R2]
[16:39:26] [Server thread/INFO]: 2 placeholder hook(s) registered!
[16:39:26] [User Authenticator #2/INFO]: UUID of player Demy___ is 436d3716-30ec-4e15-b753-d52946ee5739
[16:39:26] [Craft Scheduler Thread - 40/INFO]: [Vault] No new version available
[16:39:26] [Craft Scheduler Thread - 38/INFO]: [ItemsAdder] [0m[38;5;11mLoaded [38;5;51m80[38;5;11m items[0m
[16:39:26] [Craft Scheduler Thread - 38/INFO]: [ItemsAdder] [0m[38;5;11mUsed [38;5;51m20[38;5;11m/[38;5;51m188[38;5;11m REAL block IDs[0m
[16:39:26] [Craft Scheduler Thread - 38/INFO]: [ItemsAdder] [0m[38;5;11mUsed [38;5;51m108[38;5;11m/[38;5;51m750[38;5;11m REAL_NOTE block IDs[0m
[16:39:26] [Craft Scheduler Thread - 38/INFO]: [ItemsAdder] [0m[38;5;11mUsed [38;5;51m48[38;5;11m/[38;5;51m63[38;5;11m REAL_TRANSPARENT block IDs[0m
[16:39:26] [Craft Scheduler Thread - 38/INFO]: [ItemsAdder] [0m[38;5;11mUsed [38;5;51m0[38;5;11m/[38;5;51m127[38;5;11m REAL_WIRE block IDs[0m
[16:39:26] [Craft Scheduler Thread - 38/INFO]: [ItemsAdder] [0m[38;5;11mUsed [38;5;51m0[38;5;11m/[38;5;51m14[38;5;11m FIRE block IDs[0m
[16:39:26] [Craft Scheduler Thread - 38/INFO]: [ItemsAdder] [0m[38;5;11mUsed [38;5;51m5[38;5;11m/[38;5;51m6608[38;5;11m font_images[0m
[16:39:28] [Craft Scheduler Thread - 36/INFO]: [BossShopPro] Loaded 5 Shops!
[16:39:28] [Server thread/INFO]: Demy___ joined the game
[16:39:28] [Server thread/INFO]: Demy___[/127.0.0.1:56318] logged in with entity id 840 at ([Superflat]19.776238994808498, -60.0, -80.40384536496487)
[16:39:29] [Craft Scheduler Thread - 38/INFO]: [ItemsAdder] [0m[38;5;10m[Init] Loaded [38;5;51m2[38;5;11m categories[0m
[16:39:29] [Craft Scheduler Thread - 38/INFO]: [ItemsAdder] [0m[38;5;10m[Init] Loaded [38;5;51m80[38;5;10m items and stuff in [38;5;51m3690ms[0m
[16:39:29] [Craft Scheduler Thread - 38/INFO]: [ItemsAdder] [0m[38;5;51m[Pack] Checking resourcepack url... [0m
[16:39:29] [Craft Scheduler Thread - 19/INFO]: [ItemsAdder] [0m[38;5;10m[Pack] Resourcepack URL (self-host): http://127.0.0.1:8163/pack.zip[0m
[16:39:29] [Server thread/INFO]: [PlaceholderAPI] Successfully registered expansion: img [1.0.1]
[16:39:29] [Server thread/INFO]: [PlaceholderAPI] Successfully registered expansion: iaplayerstat [1.0.1]
[16:39:29] [Server thread/INFO]: [BlockSounds - ItemsAdder] BlockSounds have been enabled!
[16:39:46] [Server thread/INFO]: Demy___ issued server command: /day
[16:39:52] [Server thread/INFO]: Demy___ issued server command: /pl
[16:40:03] [Server thread/INFO]: [NBTAPI] Found Spigot: v1_19_R1! Trying to find NMS support
[16:40:03] [Server thread/INFO]: [NBTAPI] NMS support 'MC1_19_R1' loaded!
[16:40:03] [Server thread/INFO]: [NBTAPI] Found Gson: class com.google.gson.Gson
[16:40:03] [Thread-70/INFO]: [NBTAPI] The NBT-API seems to be up-to-date!
[16:40:03] [Server thread/INFO]: Demy___ issued server command: /bukkit:? customcrops
[16:40:06] [Server thread/INFO]: Demy___ issued server command: /customcrops
[16:40:46] [Server thread/INFO]: Demy___ issued server command: /iareload
[16:40:46] [Server thread/INFO]: [ItemsAdder] [0m[38;5;11mReloading...[0m
[16:40:46] [Craft Scheduler Thread - 44/INFO]: [ItemsAdder] [0m[38;5;51m[Host] Started self-host webserver on port: 8163[0m
[16:40:46] [Server thread/INFO]: [ItemsAdder] [0m[38;5;51m[Pack] Extracting utility resource_pack assets from .jar[0m
[16:40:46] [Server thread/INFO]: [ItemsAdder] [0m[38;5;10m[Pack] DONE extracting utility resource_pack assets from .jar[0m
[16:40:46] [Craft Scheduler Thread - 47/INFO]: [ItemsAdder] [0m[38;5;11mLoaded [38;5;51m80[38;5;11m items[0m
[16:40:46] [Craft Scheduler Thread - 47/INFO]: [ItemsAdder] [0m[38;5;11mUsed [38;5;51m20[38;5;11m/[38;5;51m188[38;5;11m REAL block IDs[0m
[16:40:46] [Craft Scheduler Thread - 47/INFO]: [ItemsAdder] [0m[38;5;11mUsed [38;5;51m108[38;5;11m/[38;5;51m750[38;5;11m REAL_NOTE block IDs[0m
[16:40:46] [Craft Scheduler Thread - 47/INFO]: [ItemsAdder] [0m[38;5;11mUsed [38;5;51m48[38;5;11m/[38;5;51m63[38;5;11m REAL_TRANSPARENT block IDs[0m
[16:40:46] [Craft Scheduler Thread - 47/INFO]: [ItemsAdder] [0m[38;5;11mUsed [38;5;51m0[38;5;11m/[38;5;51m127[38;5;11m REAL_WIRE block IDs[0m
[16:40:47] [Craft Scheduler Thread - 47/INFO]: [ItemsAdder] [0m[38;5;11mUsed [38;5;51m0[38;5;11m/[38;5;51m14[38;5;11m FIRE block IDs[0m
[16:40:47] [Craft Scheduler Thread - 47/INFO]: [ItemsAdder] [0m[38;5;11mUsed [38;5;51m5[38;5;11m/[38;5;51m6608[38;5;11m font_images[0m
[16:40:47] [Craft Scheduler Thread - 47/INFO]: [ItemsAdder] [0m[38;5;10m[Init] Loaded [38;5;51m2[38;5;11m categories[0m
[16:40:47] [Craft Scheduler Thread - 47/INFO]: [ItemsAdder] [0m[38;5;10m[Init] Loaded [38;5;51m80[38;5;10m items and stuff in [38;5;51m1171ms[0m
[16:40:47] [Craft Scheduler Thread - 47/INFO]: [ItemsAdder] [0m[38;5;51m[Pack] Checking resourcepack url... [0m
[16:40:47] [Craft Scheduler Thread - 47/INFO]: [ItemsAdder] [0m[38;5;10m[Pack] Resourcepack URL (self-host): http://127.0.0.1:8163/pack.zip[0m
[16:40:47] [Server thread/INFO]: [PlaceholderAPI] Successfully registered expansion: img [1.0.1]
[16:40:47] [Server thread/INFO]: [PlaceholderAPI] Successfully registered expansion: iaplayerstat [1.0.1]
[16:40:47] [Server thread/INFO]: [BlockSounds - ItemsAdder] BlockSounds have been reloaded!
[16:43:27] [Server thread/INFO]: Demy___ issued server command: /ia
[16:47:45] [Server thread/INFO]: Demy___ issued server command: /iareload
[16:47:45] [Server thread/INFO]: [ItemsAdder] [0m[38;5;11mReloading...[0m
[16:47:45] [Craft Scheduler Thread - 51/INFO]: [ItemsAdder] [0m[38;5;51m[Host] Started self-host webserver on port: 8163[0m
[16:47:45] [Server thread/INFO]: [ItemsAdder] [0m[38;5;51m[Pack] Extracting utility resource_pack assets from .jar[0m
[16:47:45] [Server thread/INFO]: [ItemsAdder] [0m[38;5;10m[Pack] DONE extracting utility resource_pack assets from .jar[0m
[16:47:46] [Craft Scheduler Thread - 60/INFO]: [ItemsAdder] [0m[38;5;11mLoaded [38;5;51m224[38;5;11m items[0m
[16:47:46] [Craft Scheduler Thread - 60/INFO]: [ItemsAdder] [0m[38;5;11mUsed [38;5;51m20[38;5;11m/[38;5;51m188[38;5;11m REAL block IDs[0m
[16:47:46] [Craft Scheduler Thread - 60/INFO]: [ItemsAdder] [0m[38;5;11mUsed [38;5;51m110[38;5;11m/[38;5;51m750[38;5;11m REAL_NOTE block IDs[0m
[16:47:46] [Craft Scheduler Thread - 60/INFO]: [ItemsAdder] [0m[38;5;11mUsed [38;5;51m52[38;5;11m/[38;5;51m63[38;5;11m REAL_TRANSPARENT block IDs[0m
[16:47:46] [Craft Scheduler Thread - 60/INFO]: [ItemsAdder] [0m[38;5;11mUsed [38;5;51m0[38;5;11m/[38;5;51m127[38;5;11m REAL_WIRE block IDs[0m
[16:47:46] [Craft Scheduler Thread - 60/INFO]: [ItemsAdder] [0m[38;5;11mUsed [38;5;51m0[38;5;11m/[38;5;51m14[38;5;11m FIRE block IDs[0m
[16:47:46] [Craft Scheduler Thread - 60/INFO]: [ItemsAdder] [0m[38;5;11mUsed [38;5;51m5[38;5;11m/[38;5;51m6608[38;5;11m font_images[0m
[16:47:46] [Craft Scheduler Thread - 60/INFO]: [ItemsAdder] [0m[38;5;10m[Init] Loaded [38;5;51m3[38;5;11m categories[0m
[16:47:46] [Craft Scheduler Thread - 60/INFO]: [ItemsAdder] [0m[38;5;10m[Init] Loaded [38;5;51m224[38;5;10m items and stuff in [38;5;51m1176ms[0m
[16:47:46] [Craft Scheduler Thread - 60/INFO]: [ItemsAdder] [0m[38;5;51m[Pack] Checking resourcepack url... [0m
[16:47:46] [Craft Scheduler Thread - 60/INFO]: [ItemsAdder] [0m[38;5;10m[Pack] Resourcepack URL (self-host): http://127.0.0.1:8163/pack.zip[0m
[16:47:46] [Server thread/INFO]: [PlaceholderAPI] Successfully registered expansion: img [1.0.1]
[16:47:46] [Server thread/INFO]: [PlaceholderAPI] Successfully registered expansion: iaplayerstat [1.0.1]
[16:47:46] [Server thread/INFO]: [BlockSounds - ItemsAdder] BlockSounds have been reloaded!
[16:47:47] [Server thread/INFO]: Demy___ issued server command: /iazip
[16:47:47] [Craft Scheduler Thread - 57/INFO]: [ItemsAdder] [0m[38;5;51m[Host] Started self-host webserver on port: 8163[0m
[16:47:47] [Server thread/INFO]: [ItemsAdder] [0m[38;5;51m[Pack] Extracting utility resource_pack assets from .jar[0m
[16:47:47] [Server thread/INFO]: [ItemsAdder] [0m[38;5;10m[Pack] DONE extracting utility resource_pack assets from .jar[0m
[16:47:48] [Craft Scheduler Thread - 56/INFO]: [ItemsAdder] [0m[38;5;11mLoaded [38;5;51m224[38;5;11m items[0m
[16:47:48] [Craft Scheduler Thread - 56/INFO]: [ItemsAdder] [0m[38;5;11mUsed [38;5;51m20[38;5;11m/[38;5;51m188[38;5;11m REAL block IDs[0m
[16:47:48] [Craft Scheduler Thread - 56/INFO]: [ItemsAdder] [0m[38;5;11mUsed [38;5;51m110[38;5;11m/[38;5;51m750[38;5;11m REAL_NOTE block IDs[0m
[16:47:48] [Craft Scheduler Thread - 56/INFO]: [ItemsAdder] [0m[38;5;11mUsed [38;5;51m52[38;5;11m/[38;5;51m63[38;5;11m REAL_TRANSPARENT block IDs[0m
[16:47:48] [Craft Scheduler Thread - 56/INFO]: [ItemsAdder] [0m[38;5;11mUsed [38;5;51m0[38;5;11m/[38;5;51m127[38;5;11m REAL_WIRE block IDs[0m
[16:47:48] [Craft Scheduler Thread - 56/INFO]: [ItemsAdder] [0m[38;5;11mUsed [38;5;51m0[38;5;11m/[38;5;51m14[38;5;11m FIRE block IDs[0m
[16:47:48] [Craft Scheduler Thread - 56/INFO]: [ItemsAdder] [0m[38;5;11mUsed [38;5;51m5[38;5;11m/[38;5;51m6608[38;5;11m font_images[0m
[16:47:48] [Craft Scheduler Thread - 56/INFO]: [ItemsAdder] [0m[38;5;10m[Init] Loaded [38;5;51m3[38;5;11m categories[0m
[16:47:48] [Craft Scheduler Thread - 56/INFO]: [ItemsAdder] [0m[38;5;10m[Init] Loaded [38;5;51m224[38;5;10m items and stuff in [38;5;51m783ms[0m
[16:47:48] [Server thread/INFO]: [PlaceholderAPI] Successfully registered expansion: img [1.0.1]
[16:47:48] [Server thread/INFO]: [PlaceholderAPI] Successfully registered expansion: iaplayerstat [1.0.1]
[16:47:48] [Server thread/INFO]: [BlockSounds - ItemsAdder] BlockSounds have been reloaded!
[16:47:49] [Craft Scheduler Thread - 56/ERROR]: [ItemsAdder] [0m[38;5;9mModel file '\data\resource_pack\assets\customcrops\models\redpacket\stage_1.json' not found for item 'customcrops:redpacket_stage_1'. File: \data\items_packs\customcrops\redpacket.yml[0m
[16:47:49] [Craft Scheduler Thread - 56/ERROR]: [ItemsAdder] [0m[38;5;9mModel file '\data\resource_pack\assets\customcrops\models\redpacket\stage_2.json' not found for item 'customcrops:redpacket_stage_2'. File: \data\items_packs\customcrops\redpacket.yml[0m
[16:47:49] [Craft Scheduler Thread - 56/ERROR]: [ItemsAdder] [0m[38;5;9mModel file '\data\resource_pack\assets\customcrops\models\redpacket\stage_3.json' not found for item 'customcrops:redpacket_stage_3'. File: \data\items_packs\customcrops\redpacket.yml[0m
[16:47:49] [Craft Scheduler Thread - 56/ERROR]: [ItemsAdder] [0m[38;5;9mModel file '\data\resource_pack\assets\customcrops\models\redpacket\stage_4.json' not found for item 'customcrops:redpacket_stage_4'. File: \data\items_packs\customcrops\redpacket.yml[0m
[16:47:49] [Craft Scheduler Thread - 56/ERROR]: [ItemsAdder] [0m[38;5;9mModel file '\data\resource_pack\assets\customcrops\models\redpacket\stage_5.json' not found for item 'customcrops:redpacket_stage_5'. File: \data\items_packs\customcrops\redpacket.yml[0m
[16:47:49] [Craft Scheduler Thread - 56/ERROR]: [ItemsAdder] [0m[38;5;9mModel file '\data\resource_pack\assets\customcrops\models\redpacket\stage_6.json' not found for item 'customcrops:redpacket_stage_6'. File: \data\items_packs\customcrops\redpacket.yml[0m
[16:47:49] [Craft Scheduler Thread - 56/ERROR]: [ItemsAdder] [0m[38;5;9mModel file '\data\resource_pack\assets\customcrops\models\redpacket\redpacket_seeds.json' not found for item 'customcrops:redpacket_seeds'. File: \data\items_packs\customcrops\redpacket.yml[0m
[16:47:49] [Craft Scheduler Thread - 56/ERROR]: [ItemsAdder] [0m[38;5;9mModel file '\data\resource_pack\assets\customcrops\models\redpacket\redpacket.json' not found for item 'customcrops:redpacket'. File: \data\items_packs\customcrops\redpacket.yml[0m
[16:47:49] [Craft Scheduler Thread - 56/ERROR]: [ItemsAdder] [0m[38;5;9mModel file '\data\resource_pack\assets\customcrops\models\corn\stage_1.json' not found for item 'customcrops:corn_stage_1'. File: \data\items_packs\customcrops\corn.yml[0m
[16:47:49] [Craft Scheduler Thread - 56/ERROR]: [ItemsAdder] [0m[38;5;9mModel file '\data\resource_pack\assets\customcrops\models\corn\stage_2.json' not found for item 'customcrops:corn_stage_2'. File: \data\items_packs\customcrops\corn.yml[0m
[16:47:49] [Craft Scheduler Thread - 56/ERROR]: [ItemsAdder] [0m[38;5;9mModel file '\data\resource_pack\assets\customcrops\models\corn\stage_3.json' not found for item 'customcrops:corn_stage_3'. File: \data\items_packs\customcrops\corn.yml[0m
[16:47:49] [Craft Scheduler Thread - 56/ERROR]: [ItemsAdder] [0m[38;5;9mModel file '\data\resource_pack\assets\customcrops\models\corn\stage_4.json' not found for item 'customcrops:corn_stage_4'. File: \data\items_packs\customcrops\corn.yml[0m
[16:47:49] [Craft Scheduler Thread - 56/ERROR]: [ItemsAdder] [0m[38;5;9mModel file '\data\resource_pack\assets\customcrops\models\corn\corn_seeds.json' not found for item 'customcrops:corn_seeds'. File: \data\items_packs\customcrops\corn.yml[0m
[16:47:49] [Craft Scheduler Thread - 56/ERROR]: [ItemsAdder] [0m[38;5;9mModel file '\data\resource_pack\assets\customcrops\models\corn\corn.json' not found for item 'customcrops:corn'. File: \data\items_packs\customcrops\corn.yml[0m
[16:47:49] [Craft Scheduler Thread - 56/ERROR]: [ItemsAdder] [0m[38;5;9mModel file '\data\resource_pack\assets\customcrops\models\corn\corn_silver_star.json' not found for item 'customcrops:corn_silver_star'. File: \data\items_packs\customcrops\corn.yml[0m
[16:47:49] [Craft Scheduler Thread - 56/ERROR]: [ItemsAdder] [0m[38;5;9mModel file '\data\resource_pack\assets\customcrops\models\corn\corn_golden_star.json' not found for item 'customcrops:corn_golden_star'. File: \data\items_packs\customcrops\corn.yml[0m
[16:47:49] [Craft Scheduler Thread - 56/ERROR]: [ItemsAdder] [0m[38;5;9mModel file '\data\resource_pack\assets\customcrops\models\base\pot.json' not found for item 'customcrops:pot'. File: \data\items_packs\customcrops\base.yml[0m
[16:47:49] [Craft Scheduler Thread - 56/ERROR]: [ItemsAdder] [0m[38;5;9mModel file '\data\resource_pack\assets\customcrops\models\base\watered_pot.json' not found for item 'customcrops:watered_pot'. File: \data\items_packs\customcrops\base.yml[0m
[16:47:49] [Craft Scheduler Thread - 56/ERROR]: [ItemsAdder] [0m[38;5;9mModel file '\data\resource_pack\assets\customcrops\models\base\sprinkler_1.json' not found for item 'customcrops:sprinkler_1'. File: \data\items_packs\customcrops\base.yml[0m
[16:47:49] [Craft Scheduler Thread - 56/ERROR]: [ItemsAdder] [0m[38;5;9mModel file '\data\resource_pack\assets\customcrops\models\base\sprinkler_1_item.json' not found for item 'customcrops:sprinkler_1_item'. File: \data\items_packs\customcrops\base.yml[0m
[16:47:49] [Craft Scheduler Thread - 56/ERROR]: [ItemsAdder] [0m[38;5;9mModel file '\data\resource_pack\assets\customcrops\models\base\sprinkler_2.json' not found for item 'customcrops:sprinkler_2'. File: \data\items_packs\customcrops\base.yml[0m
[16:47:49] [Craft Scheduler Thread - 56/ERROR]: [ItemsAdder] [0m[38;5;9mModel file '\data\resource_pack\assets\customcrops\models\base\sprinkler_2_item.json' not found for item 'customcrops:sprinkler_2_item'. File: \data\items_packs\customcrops\base.yml[0m
[16:47:49] [Craft Scheduler Thread - 56/ERROR]: [ItemsAdder] [0m[38;5;9mModel file '\data\resource_pack\assets\customcrops\models\base\sprinkler_3.json' not found for item 'customcrops:sprinkler_3'. File: \data\items_packs\customcrops\base.yml[0m
[16:47:49] [Craft Scheduler Thread - 56/ERROR]: [ItemsAdder] [0m[38;5;9mModel file '\data\resource_pack\assets\customcrops\models\base\sprinkler_3_item.json' not found for item 'customcrops:sprinkler_3_item'. File: \data\items_packs\customcrops\base.yml[0m
[16:47:49] [Craft Scheduler Thread - 56/ERROR]: [ItemsAdder] [0m[38;5;9mModel file '\data\resource_pack\assets\customcrops\models\base\water_effect.json' not found for item 'customcrops:water_effect'. File: \data\items_packs\customcrops\base.yml[0m
[16:47:49] [Craft Scheduler Thread - 56/ERROR]: [ItemsAdder] [0m[38;5;9mModel file '\data\resource_pack\assets\customcrops\models\base\crow_land.json' not found for item 'customcrops:crow_land'. File: \data\items_packs\customcrops\base.yml[0m
[16:47:49] [Craft Scheduler Thread - 56/ERROR]: [ItemsAdder] [0m[38;5;9mModel file '\data\resource_pack\assets\customcrops\models\base\crow_fly.json' not found for item 'customcrops:crow_fly'. File: \data\items_packs\customcrops\base.yml[0m
[16:47:49] [Craft Scheduler Thread - 56/ERROR]: [ItemsAdder] [0m[38;5;9mModel file '\data\resource_pack\assets\customcrops\models\base\scarecrow.json' not found for item 'customcrops:scarecrow'. File: \data\items_packs\customcrops\base.yml[0m
[16:47:49] [Craft Scheduler Thread - 56/ERROR]: [ItemsAdder] [0m[38;5;9mModel file '\data\resource_pack\assets\customcrops\models\base\greenhouse_glass.json' not found for item 'customcrops:greenhouse_glass'. File: \data\items_packs\customcrops\base.yml[0m
[16:47:49] [Craft Scheduler Thread - 56/ERROR]: [ItemsAdder] [0m[38;5;9mModel file '\data\resource_pack\assets\customcrops\models\base\dead_crop.json' not found for item 'customcrops:crop_stage_death'. File: \data\items_packs\customcrops\base.yml[0m
[16:47:49] [Craft Scheduler Thread - 56/ERROR]: [ItemsAdder] [0m[38;5;9mModel file '\data\resource_pack\assets\customcrops\models\base\watering_can_1.json' not found for item 'customcrops:watering_can_1'. File: \data\items_packs\customcrops\base.yml[0m
[16:47:49] [Craft Scheduler Thread - 56/ERROR]: [ItemsAdder] [0m[38;5;9mModel file '\data\resource_pack\assets\customcrops\models\base\watering_can_2.json' not found for item 'customcrops:watering_can_2'. File: \data\items_packs\customcrops\base.yml[0m
[16:47:49] [Craft Scheduler Thread - 56/ERROR]: [ItemsAdder] [0m[38;5;9mModel file '\data\resource_pack\assets\customcrops\models\base\watering_can_3.json' not found for item 'customcrops:watering_can_3'. File: \data\items_packs\customcrops\base.yml[0m
[16:47:49] [Craft Scheduler Thread - 56/ERROR]: [ItemsAdder] [0m[38;5;9mModel file '\data\resource_pack\assets\customcrops\models\base\watering_can_4.json' not found for item 'customcrops:watering_can_4'. File: \data\items_packs\customcrops\base.yml[0m
[16:47:49] [Craft Scheduler Thread - 56/ERROR]: [ItemsAdder] [0m[38;5;9mModel file '\data\resource_pack\assets\customcrops\models\base\speed_1.json' not found for item 'customcrops:speed_1'. File: \data\items_packs\customcrops\base.yml[0m
[16:47:49] [Craft Scheduler Thread - 56/ERROR]: [ItemsAdder] [0m[38;5;9mModel file '\data\resource_pack\assets\customcrops\models\base\speed_2.json' not found for item 'customcrops:speed_2'. File: \data\items_packs\customcrops\base.yml[0m
[16:47:49] [Craft Scheduler Thread - 56/ERROR]: [ItemsAdder] [0m[38;5;9mModel file '\data\resource_pack\assets\customcrops\models\base\speed_3.json' not found for item 'customcrops:speed_3'. File: \data\items_packs\customcrops\base.yml[0m
[16:47:49] [Craft Scheduler Thread - 56/ERROR]: [ItemsAdder] [0m[38;5;9mModel file '\data\resource_pack\assets\customcrops\models\base\retaining_1.json' not found for item 'customcrops:retaining_1'. File: \data\items_packs\customcrops\base.yml[0m
[16:47:49] [Craft Scheduler Thread - 56/ERROR]: [ItemsAdder] [0m[38;5;9mModel file '\data\resource_pack\assets\customcrops\models\base\retaining_2.json' not found for item 'customcrops:retaining_2'. File: \data\items_packs\customcrops\base.yml[0m
[16:47:49] [Craft Scheduler Thread - 56/ERROR]: [ItemsAdder] [0m[38;5;9mModel file '\data\resource_pack\assets\customcrops\models\base\retaining_3.json' not found for item 'customcrops:retaining_3'. File: \data\items_packs\customcrops\base.yml[0m
[16:47:49] [Craft Scheduler Thread - 56/ERROR]: [ItemsAdder] [0m[38;5;9mModel file '\data\resource_pack\assets\customcrops\models\base\quality_1.json' not found for item 'customcrops:quality_1'. File: \data\items_packs\customcrops\base.yml[0m
[16:47:49] [Craft Scheduler Thread - 56/ERROR]: [ItemsAdder] [0m[38;5;9mModel file '\data\resource_pack\assets\customcrops\models\base\quality_2.json' not found for item 'customcrops:quality_2'. File: \data\items_packs\customcrops\base.yml[0m
[16:47:49] [Craft Scheduler Thread - 56/ERROR]: [ItemsAdder] [0m[38;5;9mModel file '\data\resource_pack\assets\customcrops\models\base\quality_3.json' not found for item 'customcrops:quality_3'. File: \data\items_packs\customcrops\base.yml[0m
[16:47:49] [Craft Scheduler Thread - 56/ERROR]: [ItemsAdder] [0m[38;5;9mModel file '\data\resource_pack\assets\customcrops\models\base\quantity_1.json' not found for item 'customcrops:quantity_1'. File: \data\items_packs\customcrops\base.yml[0m
[16:47:49] [Craft Scheduler Thread - 56/ERROR]: [ItemsAdder] [0m[38;5;9mModel file '\data\resource_pack\assets\customcrops\models\base\quantity_2.json' not found for item 'customcrops:quantity_2'. File: \data\items_packs\customcrops\base.yml[0m
[16:47:49] [Craft Scheduler Thread - 56/ERROR]: [ItemsAdder] [0m[38;5;9mModel file '\data\resource_pack\assets\customcrops\models\base\quantity_3.json' not found for item 'customcrops:quantity_3'. File: \data\items_packs\customcrops\base.yml[0m
[16:47:49] [Craft Scheduler Thread - 56/ERROR]: [ItemsAdder] [0m[38;5;9mModel file '\data\resource_pack\assets\customcrops\models\base\gigantic_1.json' not found for item 'customcrops:gigantic_1'. File: \data\items_packs\customcrops\base.yml[0m
[16:47:49] [Craft Scheduler Thread - 56/ERROR]: [ItemsAdder] [0m[38;5;9mModel file '\data\resource_pack\assets\customcrops\models\base\gigantic_2.json' not found for item 'customcrops:gigantic_2'. File: \data\items_packs\customcrops\base.yml[0m
[16:47:49] [Craft Scheduler Thread - 56/ERROR]: [ItemsAdder] [0m[38;5;9mModel file '\data\resource_pack\assets\customcrops\models\base\gigantic_3.json' not found for item 'customcrops:gigantic_3'. File: \data\items_packs\customcrops\base.yml[0m
[16:47:49] [Craft Scheduler Thread - 56/ERROR]: [ItemsAdder] [0m[38;5;9mModel file '\data\resource_pack\assets\customcrops\models\base\soil_surveyor.json' not found for item 'customcrops:soil_surveyor'. File: \data\items_packs\customcrops\base.yml[0m
[16:47:49] [Craft Scheduler Thread - 56/ERROR]: [ItemsAdder] [0m[38;5;9mModel file '\data\resource_pack\assets\customcrops\models\pitaya\stage_1.json' not found for item 'customcrops:pitaya_stage_1'. File: \data\items_packs\customcrops\pitaya.yml[0m
[16:47:49] [Craft Scheduler Thread - 56/ERROR]: [ItemsAdder] [0m[38;5;9mModel file '\data\resource_pack\assets\customcrops\models\pitaya\stage_2.json' not found for item 'customcrops:pitaya_stage_2'. File: \data\items_packs\customcrops\pitaya.yml[0m
[16:47:49] [Craft Scheduler Thread - 56/ERROR]: [ItemsAdder] [0m[38;5;9mModel file '\data\resource_pack\assets\customcrops\models\pitaya\stage_3.json' not found for item 'customcrops:pitaya_stage_3'. File: \data\items_packs\customcrops\pitaya.yml[0m
[16:47:49] [Craft Scheduler Thread - 56/ERROR]: [ItemsAdder] [0m[38;5;9mModel file '\data\resource_pack\assets\customcrops\models\pitaya\stage_4.json' not found for item 'customcrops:pitaya_stage_4'. File: \data\items_packs\customcrops\pitaya.yml[0m
[16:47:49] [Craft Scheduler Thread - 56/ERROR]: [ItemsAdder] [0m[38;5;9mModel file '\data\resource_pack\assets\customcrops\models\pitaya\stage_5.json' not found for item 'customcrops:pitaya_stage_5'. File: \data\items_packs\customcrops\pitaya.yml[0m
[16:47:49] [Craft Scheduler Thread - 56/ERROR]: [ItemsAdder] [0m[38;5;9mModel file '\data\resource_pack\assets\customcrops\models\pitaya\stage_6.json' not found for item 'customcrops:pitaya_stage_6'. File: \data\items_packs\customcrops\pitaya.yml[0m
[16:47:49] [Craft Scheduler Thread - 56/ERROR]: [ItemsAdder] [0m[38;5;9mModel file '\data\resource_pack\assets\customcrops\models\pitaya\pitaya_seeds.json' not found for item 'customcrops:pitaya_seeds'. File: \data\items_packs\customcrops\pitaya.yml[0m
[16:47:49] [Craft Scheduler Thread - 56/ERROR]: [ItemsAdder] [0m[38;5;9mModel file '\data\resource_pack\assets\customcrops\models\pitaya\pitaya.json' not found for item 'customcrops:pitaya'. File: \data\items_packs\customcrops\pitaya.yml[0m
[16:47:49] [Craft Scheduler Thread - 56/ERROR]: [ItemsAdder] [0m[38;5;9mModel file '\data\resource_pack\assets\customcrops\models\pitaya\pitaya_silver_star.json' not found for item 'customcrops:pitaya_silver_star'. File: \data\items_packs\customcrops\pitaya.yml[0m
[16:47:49] [Craft Scheduler Thread - 56/ERROR]: [ItemsAdder] [0m[38;5;9mModel file '\data\resource_pack\assets\customcrops\models\pitaya\pitaya_golden_star.json' not found for item 'customcrops:pitaya_golden_star'. File: \data\items_packs\customcrops\pitaya.yml[0m
[16:47:49] [Craft Scheduler Thread - 56/ERROR]: [ItemsAdder] [0m[38;5;9mModel file '\data\resource_pack\assets\customcrops\models\tomato\stage_1.json' not found for item 'customcrops:tomato_stage_1'. File: \data\items_packs\customcrops\tomato.yml[0m
[16:47:49] [Craft Scheduler Thread - 56/ERROR]: [ItemsAdder] [0m[38;5;9mModel file '\data\resource_pack\assets\customcrops\models\tomato\stage_2.json' not found for item 'customcrops:tomato_stage_2'. File: \data\items_packs\customcrops\tomato.yml[0m
[16:47:49] [Craft Scheduler Thread - 56/ERROR]: [ItemsAdder] [0m[38;5;9mModel file '\data\resource_pack\assets\customcrops\models\tomato\stage_3.json' not found for item 'customcrops:tomato_stage_3'. File: \data\items_packs\customcrops\tomato.yml[0m
[16:47:49] [Craft Scheduler Thread - 56/ERROR]: [ItemsAdder] [0m[38;5;9mModel file '\data\resource_pack\assets\customcrops\models\tomato\stage_4.json' not found for item 'customcrops:tomato_stage_4'. File: \data\items_packs\customcrops\tomato.yml[0m
[16:47:49] [Craft Scheduler Thread - 56/ERROR]: [ItemsAdder] [0m[38;5;9mModel file '\data\resource_pack\assets\customcrops\models\tomato\tomato_seeds.json' not found for item 'customcrops:tomato_seeds'. File: \data\items_packs\customcrops\tomato.yml[0m
[16:47:49] [Craft Scheduler Thread - 56/ERROR]: [ItemsAdder] [0m[38;5;9mModel file '\data\resource_pack\assets\customcrops\models\tomato\tomato.json' not found for item 'customcrops:tomato'. File: \data\items_packs\customcrops\tomato.yml[0m
[16:47:49] [Craft Scheduler Thread - 56/ERROR]: [ItemsAdder] [0m[38;5;9mModel file '\data\resource_pack\assets\customcrops\models\tomato\tomato_silver_star.json' not found for item 'customcrops:tomato_silver_star'. File: \data\items_packs\customcrops\tomato.yml[0m
[16:47:49] [Craft Scheduler Thread - 56/ERROR]: [ItemsAdder] [0m[38;5;9mModel file '\data\resource_pack\assets\customcrops\models\tomato\tomato_golden_star.json' not found for item 'customcrops:tomato_golden_star'. File: \data\items_packs\customcrops\tomato.yml[0m
[16:47:49] [Craft Scheduler Thread - 56/ERROR]: [ItemsAdder] [0m[38;5;9mModel file '\data\resource_pack\assets\customcrops\models\tomato\gigantic_tomato.json' not found for item 'customcrops:gigantic_tomato'. File: \data\items_packs\customcrops\tomato.yml[0m
[16:47:49] [Craft Scheduler Thread - 56/ERROR]: [ItemsAdder] [0m[38;5;9mModel file '\data\resource_pack\assets\customcrops\models\garlic\stage_1.json' not found for item 'customcrops:garlic_stage_1'. File: \data\items_packs\customcrops\garlic.yml[0m
[16:47:49] [Craft Scheduler Thread - 56/ERROR]: [ItemsAdder] [0m[38;5;9mModel file '\data\resource_pack\assets\customcrops\models\garlic\stage_2.json' not found for item 'customcrops:garlic_stage_2'. File: \data\items_packs\customcrops\garlic.yml[0m
[16:47:49] [Craft Scheduler Thread - 56/ERROR]: [ItemsAdder] [0m[38;5;9mModel file '\data\resource_pack\assets\customcrops\models\garlic\stage_3.json' not found for item 'customcrops:garlic_stage_3'. File: \data\items_packs\customcrops\garlic.yml[0m
[16:47:49] [Craft Scheduler Thread - 56/ERROR]: [ItemsAdder] [0m[38;5;9mModel file '\data\resource_pack\assets\customcrops\models\garlic\stage_4.json' not found for item 'customcrops:garlic_stage_4'. File: \data\items_packs\customcrops\garlic.yml[0m
[16:47:49] [Craft Scheduler Thread - 56/ERROR]: [ItemsAdder] [0m[38;5;9mModel file '\data\resource_pack\assets\customcrops\models\garlic\garlic_seeds.json' not found for item 'customcrops:garlic_seeds'. File: \data\items_packs\customcrops\garlic.yml[0m
[16:47:49] [Craft Scheduler Thread - 56/ERROR]: [ItemsAdder] [0m[38;5;9mModel file '\data\resource_pack\assets\customcrops\models\garlic\garlic.json' not found for item 'customcrops:garlic'. File: \data\items_packs\customcrops\garlic.yml[0m
[16:47:49] [Craft Scheduler Thread - 56/ERROR]: [ItemsAdder] [0m[38;5;9mModel file '\data\resource_pack\assets\customcrops\models\garlic\garlic_silver_star.json' not found for item 'customcrops:garlic_silver_star'. File: \data\items_packs\customcrops\garlic.yml[0m
[16:47:49] [Craft Scheduler Thread - 56/ERROR]: [ItemsAdder] [0m[38;5;9mModel file '\data\resource_pack\assets\customcrops\models\garlic\garlic_golden_star.json' not found for item 'customcrops:garlic_golden_star'. File: \data\items_packs\customcrops\garlic.yml[0m
[16:47:49] [Craft Scheduler Thread - 56/ERROR]: [ItemsAdder] [0m[38;5;9mModel file '\data\resource_pack\assets\customcrops\models\cabbage\stage_1.json' not found for item 'customcrops:cabbage_stage_1'. File: \data\items_packs\customcrops\cabbage.yml[0m
[16:47:49] [Craft Scheduler Thread - 56/ERROR]: [ItemsAdder] [0m[38;5;9mModel file '\data\resource_pack\assets\customcrops\models\cabbage\stage_2.json' not found for item 'customcrops:cabbage_stage_2'. File: \data\items_packs\customcrops\cabbage.yml[0m
[16:47:49] [Craft Scheduler Thread - 56/ERROR]: [ItemsAdder] [0m[38;5;9mModel file '\data\resource_pack\assets\customcrops\models\cabbage\stage_3.json' not found for item 'customcrops:cabbage_stage_3'. File: \data\items_packs\customcrops\cabbage.yml[0m
[16:47:49] [Craft Scheduler Thread - 56/ERROR]: [ItemsAdder] [0m[38;5;9mModel file '\data\resource_pack\assets\customcrops\models\cabbage\stage_4.json' not found for item 'customcrops:cabbage_stage_4'. File: \data\items_packs\customcrops\cabbage.yml[0m
[16:47:49] [Craft Scheduler Thread - 56/ERROR]: [ItemsAdder] [0m[38;5;9mModel file '\data\resource_pack\assets\customcrops\models\cabbage\cabbage_seeds.json' not found for item 'customcrops:cabbage_seeds'. File: \data\items_packs\customcrops\cabbage.yml[0m
[16:47:49] [Craft Scheduler Thread - 56/ERROR]: [ItemsAdder] [0m[38;5;9mModel file '\data\resource_pack\assets\customcrops\models\cabbage\cabbage.json' not found for item 'customcrops:cabbage'. File: \data\items_packs\customcrops\cabbage.yml[0m
[16:47:49] [Craft Scheduler Thread - 56/ERROR]: [ItemsAdder] [0m[38;5;9mModel file '\data\resource_pack\assets\customcrops\models\cabbage\cabbage_silver_star.json' not found for item 'customcrops:cabbage_silver_star'. File: \data\items_packs\customcrops\cabbage.yml[0m
[16:47:49] [Craft Scheduler Thread - 56/ERROR]: [ItemsAdder] [0m[38;5;9mModel file '\data\resource_pack\assets\customcrops\models\cabbage\cabbage_golden_star.json' not found for item 'customcrops:cabbage_golden_star'. File: \data\items_packs\customcrops\cabbage.yml[0m
[16:47:49] [Craft Scheduler Thread - 56/ERROR]: [ItemsAdder] [0m[38;5;9mModel file '\data\resource_pack\assets\customcrops\models\cabbage\gigantic_cabbage.json' not found for item 'customcrops:gigantic_cabbage'. File: \data\items_packs\customcrops\cabbage.yml[0m
[16:47:49] [Craft Scheduler Thread - 56/ERROR]: [ItemsAdder] [0m[38;5;9mModel file '\data\resource_pack\assets\customcrops\models\pepper\stage_1.json' not found for item 'customcrops:pepper_stage_1'. File: \data\items_packs\customcrops\pepper.yml[0m
[16:47:49] [Craft Scheduler Thread - 56/ERROR]: [ItemsAdder] [0m[38;5;9mModel file '\data\resource_pack\assets\customcrops\models\pepper\stage_2.json' not found for item 'customcrops:pepper_stage_2'. File: \data\items_packs\customcrops\pepper.yml[0m
[16:47:49] [Craft Scheduler Thread - 56/ERROR]: [ItemsAdder] [0m[38;5;9mModel file '\data\resource_pack\assets\customcrops\models\pepper\stage_3.json' not found for item 'customcrops:pepper_stage_3'. File: \data\items_packs\customcrops\pepper.yml[0m
[16:47:49] [Craft Scheduler Thread - 56/ERROR]: [ItemsAdder] [0m[38;5;9mModel file '\data\resource_pack\assets\customcrops\models\pepper\stage_4.json' not found for item 'customcrops:pepper_stage_4'. File: \data\items_packs\customcrops\pepper.yml[0m
[16:47:49] [Craft Scheduler Thread - 56/ERROR]: [ItemsAdder] [0m[38;5;9mModel file '\data\resource_pack\assets\customcrops\models\pepper\stage_5.json' not found for item 'customcrops:pepper_stage_5'. File: \data\items_packs\customcrops\pepper.yml[0m
[16:47:49] [Craft Scheduler Thread - 56/ERROR]: [ItemsAdder] [0m[38;5;9mModel file '\data\resource_pack\assets\customcrops\models\pepper\pepper_seeds.json' not found for item 'customcrops:pepper_seeds'. File: \data\items_packs\customcrops\pepper.yml[0m
[16:47:49] [Craft Scheduler Thread - 56/ERROR]: [ItemsAdder] [0m[38;5;9mModel file '\data\resource_pack\assets\customcrops\models\pepper\pepper.json' not found for item 'customcrops:pepper'. File: \data\items_packs\customcrops\pepper.yml[0m
[16:47:49] [Craft Scheduler Thread - 56/ERROR]: [ItemsAdder] [0m[38;5;9mModel file '\data\resource_pack\assets\customcrops\models\pepper\pepper_silver_star.json' not found for item 'customcrops:pepper_silver_star'. File: \data\items_packs\customcrops\pepper.yml[0m
[16:47:49] [Craft Scheduler Thread - 56/ERROR]: [ItemsAdder] [0m[38;5;9mModel file '\data\resource_pack\assets\customcrops\models\pepper\pepper_golden_star.json' not found for item 'customcrops:pepper_golden_star'. File: \data\items_packs\customcrops\pepper.yml[0m
[16:47:49] [Craft Scheduler Thread - 56/ERROR]: [ItemsAdder] [0m[38;5;9mModel file '\data\resource_pack\assets\customcrops\models\pineapple\stage_1.json' not found for item 'customcrops:pineapple_stage_1'. File: \data\items_packs\customcrops\pineapple.yml[0m
[16:47:49] [Craft Scheduler Thread - 56/ERROR]: [ItemsAdder] [0m[38;5;9mModel file '\data\resource_pack\assets\customcrops\models\pineapple\stage_2.json' not found for item 'customcrops:pineapple_stage_2'. File: \data\items_packs\customcrops\pineapple.yml[0m
[16:47:49] [Craft Scheduler Thread - 56/ERROR]: [ItemsAdder] [0m[38;5;9mModel file '\data\resource_pack\assets\customcrops\models\pineapple\stage_3.json' not found for item 'customcrops:pineapple_stage_3'. File: \data\items_packs\customcrops\pineapple.yml[0m
[16:47:49] [Craft Scheduler Thread - 56/ERROR]: [ItemsAdder] [0m[38;5;9mModel file '\data\resource_pack\assets\customcrops\models\pineapple\stage_4.json' not found for item 'customcrops:pineapple_stage_4'. File: \data\items_packs\customcrops\pineapple.yml[0m
[16:47:49] [Craft Scheduler Thread - 56/ERROR]: [ItemsAdder] [0m[38;5;9mModel file '\data\resource_pack\assets\customcrops\models\pineapple\pineapple_seeds.json' not found for item 'customcrops:pineapple_seeds'. File: \data\items_packs\customcrops\pineapple.yml[0m
[16:47:49] [Craft Scheduler Thread - 56/ERROR]: [ItemsAdder] [0m[38;5;9mModel file '\data\resource_pack\assets\customcrops\models\pineapple\pineapple.json' not found for item 'customcrops:pineapple'. File: \data\items_packs\customcrops\pineapple.yml[0m
[16:47:49] [Craft Scheduler Thread - 56/ERROR]: [ItemsAdder] [0m[38;5;9mModel file '\data\resource_pack\assets\customcrops\models\pineapple\pineapple_silver_star.json' not found for item 'customcrops:pineapple_silver_star'. File: \data\items_packs\customcrops\pineapple.yml[0m
[16:47:49] [Craft Scheduler Thread - 56/ERROR]: [ItemsAdder] [0m[38;5;9mModel file '\data\resource_pack\assets\customcrops\models\pineapple\pineapple_golden_star.json' not found for item 'customcrops:pineapple_golden_star'. File: \data\items_packs\customcrops\pineapple.yml[0m
[16:47:49] [Craft Scheduler Thread - 56/ERROR]: [ItemsAdder] [0m[38;5;9mModel file '\data\resource_pack\assets\customcrops\models\pineapple\gigantic_pineapple.json' not found for item 'customcrops:gigantic_pineapple'. File: \data\items_packs\customcrops\pineapple.yml[0m
[16:47:49] [Craft Scheduler Thread - 56/ERROR]: [ItemsAdder] [0m[38;5;9mModel file '\data\resource_pack\assets\customcrops\models\eggplant\stage_1.json' not found for item 'customcrops:eggplant_stage_1'. File: \data\items_packs\customcrops\eggplant.yml[0m
[16:47:49] [Craft Scheduler Thread - 56/ERROR]: [ItemsAdder] [0m[38;5;9mModel file '\data\resource_pack\assets\customcrops\models\eggplant\stage_2.json' not found for item 'customcrops:eggplant_stage_2'. File: \data\items_packs\customcrops\eggplant.yml[0m
[16:47:49] [Craft Scheduler Thread - 56/ERROR]: [ItemsAdder] [0m[38;5;9mModel file '\data\resource_pack\assets\customcrops\models\eggplant\stage_3.json' not found for item 'customcrops:eggplant_stage_3'. File: \data\items_packs\customcrops\eggplant.yml[0m
[16:47:49] [Craft Scheduler Thread - 56/ERROR]: [ItemsAdder] [0m[38;5;9mModel file '\data\resource_pack\assets\customcrops\models\eggplant\stage_4.json' not found for item 'customcrops:eggplant_stage_4'. File: \data\items_packs\customcrops\eggplant.yml[0m
[16:47:49] [Craft Scheduler Thread - 56/ERROR]: [ItemsAdder] [0m[38;5;9mModel file '\data\resource_pack\assets\customcrops\models\eggplant\eggplant_seeds.json' not found for item 'customcrops:eggplant_seeds'. File: \data\items_packs\customcrops\eggplant.yml[0m
[16:47:49] [Craft Scheduler Thread - 56/ERROR]: [ItemsAdder] [0m[38;5;9mModel file '\data\resource_pack\assets\customcrops\models\eggplant\eggplant.json' not found for item 'customcrops:eggplant'. File: \data\items_packs\customcrops\eggplant.yml[0m
[16:47:49] [Craft Scheduler Thread - 56/ERROR]: [ItemsAdder] [0m[38;5;9mModel file '\data\resource_pack\assets\customcrops\models\eggplant\eggplant_silver_star.json' not found for item 'customcrops:eggplant_silver_star'. File: \data\items_packs\customcrops\eggplant.yml[0m
[16:47:49] [Craft Scheduler Thread - 56/ERROR]: [ItemsAdder] [0m[38;5;9mModel file '\data\resource_pack\assets\customcrops\models\eggplant\eggplant_golden_star.json' not found for item 'customcrops:eggplant_golden_star'. File: \data\items_packs\customcrops\eggplant.yml[0m
[16:47:49] [Craft Scheduler Thread - 56/ERROR]: [ItemsAdder] [0m[38;5;9mModel file '\data\resource_pack\assets\customcrops\models\apple\stage_1.json' not found for item 'customcrops:apple_stage_1'. File: \data\items_packs\customcrops\apple.yml[0m
[16:47:49] [Craft Scheduler Thread - 56/ERROR]: [ItemsAdder] [0m[38;5;9mModel file '\data\resource_pack\assets\customcrops\models\apple\stage_2.json' not found for item 'customcrops:apple_stage_2'. File: \data\items_packs\customcrops\apple.yml[0m
[16:47:49] [Craft Scheduler Thread - 56/ERROR]: [ItemsAdder] [0m[38;5;9mModel file '\data\resource_pack\assets\customcrops\models\apple\stage_3.json' not found for item 'customcrops:apple_stage_3'. File: \data\items_packs\customcrops\apple.yml[0m
[16:47:49] [Craft Scheduler Thread - 56/ERROR]: [ItemsAdder] [0m[38;5;9mModel file '\data\resource_pack\assets\customcrops\models\apple\stage_4.json' not found for item 'customcrops:apple_stage_4'. File: \data\items_packs\customcrops\apple.yml[0m
[16:47:49] [Craft Scheduler Thread - 56/ERROR]: [ItemsAdder] [0m[38;5;9mModel file '\data\resource_pack\assets\customcrops\models\apple\stage_5.json' not found for item 'customcrops:apple_stage_5'. File: \data\items_packs\customcrops\apple.yml[0m
[16:47:49] [Craft Scheduler Thread - 56/ERROR]: [ItemsAdder] [0m[38;5;9mModel file '\data\resource_pack\assets\customcrops\models\apple\stage_6.json' not found for item 'customcrops:apple_stage_6'. File: \data\items_packs\customcrops\apple.yml[0m
[16:47:49] [Craft Scheduler Thread - 56/ERROR]: [ItemsAdder] [0m[38;5;9mModel file '\data\resource_pack\assets\customcrops\models\chinese_cabbage\stage_1.json' not found for item 'customcrops:chinesecabbage_stage_1'. File: \data\items_packs\customcrops\chinese_cabbage.yml[0m
[16:47:49] [Craft Scheduler Thread - 56/ERROR]: [ItemsAdder] [0m[38;5;9mModel file '\data\resource_pack\assets\customcrops\models\chinese_cabbage\stage_2.json' not found for item 'customcrops:chinesecabbage_stage_2'. File: \data\items_packs\customcrops\chinese_cabbage.yml[0m
[16:47:49] [Craft Scheduler Thread - 56/ERROR]: [ItemsAdder] [0m[38;5;9mModel file '\data\resource_pack\assets\customcrops\models\chinese_cabbage\stage_3.json' not found for item 'customcrops:chinesecabbage_stage_3'. File: \data\items_packs\customcrops\chinese_cabbage.yml[0m
[16:47:49] [Craft Scheduler Thread - 56/ERROR]: [ItemsAdder] [0m[38;5;9mModel file '\data\resource_pack\assets\customcrops\models\chinese_cabbage\stage_4.json' not found for item 'customcrops:chinesecabbage_stage_4'. File: \data\items_packs\customcrops\chinese_cabbage.yml[0m
[16:47:49] [Craft Scheduler Thread - 56/ERROR]: [ItemsAdder] [0m[38;5;9mModel file '\data\resource_pack\assets\customcrops\models\chinese_cabbage\chinese_cabbage_seeds.json' not found for item 'customcrops:chinesecabbage_seeds'. File: \data\items_packs\customcrops\chinese_cabbage.yml[0m
[16:47:49] [Craft Scheduler Thread - 56/ERROR]: [ItemsAdder] [0m[38;5;9mModel file '\data\resource_pack\assets\customcrops\models\chinese_cabbage\chinese_cabbage.json' not found for item 'customcrops:chinese_cabbage'. File: \data\items_packs\customcrops\chinese_cabbage.yml[0m
[16:47:49] [Craft Scheduler Thread - 56/ERROR]: [ItemsAdder] [0m[38;5;9mModel file '\data\resource_pack\assets\customcrops\models\chinese_cabbage\chinese_cabbage_silver_star.json' not found for item 'customcrops:chinese_cabbage_silver_star'. File: \data\items_packs\customcrops\chinese_cabbage.yml[0m
[16:47:49] [Craft Scheduler Thread - 56/ERROR]: [ItemsAdder] [0m[38;5;9mModel file '\data\resource_pack\assets\customcrops\models\chinese_cabbage\chinese_cabbage_golden_star.json' not found for item 'customcrops:chinese_cabbage_golden_star'. File: \data\items_packs\customcrops\chinese_cabbage.yml[0m
[16:47:49] [Craft Scheduler Thread - 56/ERROR]: [ItemsAdder] [0m[38;5;9mModel file '\data\resource_pack\assets\customcrops\models\grape\stage_1.json' not found for item 'customcrops:grape_stage_1'. File: \data\items_packs\customcrops\grape.yml[0m
[16:47:49] [Craft Scheduler Thread - 56/ERROR]: [ItemsAdder] [0m[38;5;9mModel file '\data\resource_pack\assets\customcrops\models\grape\stage_2.json' not found for item 'customcrops:grape_stage_2'. File: \data\items_packs\customcrops\grape.yml[0m
[16:47:49] [Craft Scheduler Thread - 56/ERROR]: [ItemsAdder] [0m[38;5;9mModel file '\data\resource_pack\assets\customcrops\models\grape\stage_3.json' not found for item 'customcrops:grape_stage_3'. File: \data\items_packs\customcrops\grape.yml[0m
[16:47:49] [Craft Scheduler Thread - 56/ERROR]: [ItemsAdder] [0m[38;5;9mModel file '\data\resource_pack\assets\customcrops\models\grape\stage_4.json' not found for item 'customcrops:grape_stage_4'. File: \data\items_packs\customcrops\grape.yml[0m
[16:47:49] [Craft Scheduler Thread - 56/ERROR]: [ItemsAdder] [0m[38;5;9mModel file '\data\resource_pack\assets\customcrops\models\grape\stage_5.json' not found for item 'customcrops:grape_stage_5'. File: \data\items_packs\customcrops\grape.yml[0m
[16:47:49] [Craft Scheduler Thread - 56/ERROR]: [ItemsAdder] [0m[38;5;9mModel file '\data\resource_pack\assets\customcrops\models\grape\stage_6.json' not found for item 'customcrops:grape_stage_6'. File: \data\items_packs\customcrops\grape.yml[0m
[16:47:49] [Craft Scheduler Thread - 56/ERROR]: [ItemsAdder] [0m[38;5;9mModel file '\data\resource_pack\assets\customcrops\models\grape\grape_seeds.json' not found for item 'customcrops:grape_seeds'. File: \data\items_packs\customcrops\grape.yml[0m
[16:47:49] [Craft Scheduler Thread - 56/ERROR]: [ItemsAdder] [0m[38;5;9mModel file '\data\resource_pack\assets\customcrops\models\grape\grape.json' not found for item 'customcrops:grape'. File: \data\items_packs\customcrops\grape.yml[0m
[16:47:49] [Craft Scheduler Thread - 56/ERROR]: [ItemsAdder] [0m[38;5;9mModel file '\data\resource_pack\assets\customcrops\models\grape\grape_silver_star.json' not found for item 'customcrops:grape_silver_star'. File: \data\items_packs\customcrops\grape.yml[0m
[16:47:49] [Craft Scheduler Thread - 56/ERROR]: [ItemsAdder] [0m[38;5;9mModel file '\data\resource_pack\assets\customcrops\models\grape\grape_golden_star.json' not found for item 'customcrops:grape_golden_star'. File: \data\items_packs\customcrops\grape.yml[0m
[16:47:49] [Craft Scheduler Thread - 56/ERROR]: [ItemsAdder] [0m[38;5;9mModel file '\data\resource_pack\assets\customcrops\models\hop\stage_1.json' not found for item 'customcrops:hop_stage_1'. File: \data\items_packs\customcrops\hop.yml[0m
[16:47:49] [Craft Scheduler Thread - 56/ERROR]: [ItemsAdder] [0m[38;5;9mModel file '\data\resource_pack\assets\customcrops\models\hop\stage_2.json' not found for item 'customcrops:hop_stage_2'. File: \data\items_packs\customcrops\hop.yml[0m
[16:47:49] [Craft Scheduler Thread - 56/ERROR]: [ItemsAdder] [0m[38;5;9mModel file '\data\resource_pack\assets\customcrops\models\hop\stage_3.json' not found for item 'customcrops:hop_stage_3'. File: \data\items_packs\customcrops\hop.yml[0m
[16:47:49] [Craft Scheduler Thread - 56/ERROR]: [ItemsAdder] [0m[38;5;9mModel file '\data\resource_pack\assets\customcrops\models\hop\stage_4.json' not found for item 'customcrops:hop_stage_4'. File: \data\items_packs\customcrops\hop.yml[0m
[16:47:49] [Craft Scheduler Thread - 56/ERROR]: [ItemsAdder] [0m[38;5;9mModel file '\data\resource_pack\assets\customcrops\models\hop\hop_seeds.json' not found for item 'customcrops:hop_seeds'. File: \data\items_packs\customcrops\hop.yml[0m
[16:47:49] [Craft Scheduler Thread - 56/ERROR]: [ItemsAdder] [0m[38;5;9mModel file '\data\resource_pack\assets\customcrops\models\hop\hop.json' not found for item 'customcrops:hop'. File: \data\items_packs\customcrops\hop.yml[0m
[16:47:50] [Craft Scheduler Thread - 56/ERROR]: [ItemsAdder] [0m[38;5;9mModel file '\data\resource_pack\assets\customcrops\models\hop\hop_silver_star.json' not found for item 'customcrops:hop_silver_star'. File: \data\items_packs\customcrops\hop.yml[0m
[16:47:50] [Craft Scheduler Thread - 56/ERROR]: [ItemsAdder] [0m[38;5;9mModel file '\data\resource_pack\assets\customcrops\models\hop\hop_golden_star.json' not found for item 'customcrops:hop_golden_star'. File: \data\items_packs\customcrops\hop.yml[0m
[16:47:51] [Craft Scheduler Thread - 56/INFO]: [ItemsAdder] [0m[38;5;10m[OK] Your zip file will be protected from unzip (as set in config.yml)[0m
[16:47:51] [Craft Scheduler Thread - 56/INFO]: [ItemsAdder] [0m[38;5;51m[Pack] Compressing resource_pack ... [0m
[16:47:53] [Craft Scheduler Thread - 56/INFO]: [ItemsAdder] [0m[38;5;10m[Pack] Resourcepack successfully compressed: [38;5;51m\plugins\ItemsAdder\data\resource_pack\pack.zip[0m
[16:47:53] [Craft Scheduler Thread - 56/INFO]: [ItemsAdder] [0m[38;5;51mApplying pack to every player... [0m
[16:47:53] [Craft Scheduler Thread - 56/INFO]: [ItemsAdder] [0m[38;5;10mApplied pack to [38;5;11m1[38;5;10m players[0m
[16:48:05] [Server thread/INFO]: Demy___ issued server command: /ia
[16:48:32] [Server thread/INFO]: Demy___ issued server command: /iareload
[16:48:32] [Server thread/INFO]: [ItemsAdder] [0m[38;5;11mReloading...[0m
[16:48:33] [Craft Scheduler Thread - 61/INFO]: [ItemsAdder] [0m[38;5;51m[Host] Started self-host webserver on port: 8163[0m
[16:48:33] [Server thread/INFO]: [ItemsAdder] [0m[38;5;51m[Pack] Extracting utility resource_pack assets from .jar[0m
[16:48:33] [Server thread/INFO]: [ItemsAdder] [0m[38;5;10m[Pack] DONE extracting utility resource_pack assets from .jar[0m
[16:48:33] [Craft Scheduler Thread - 50/INFO]: [ItemsAdder] [0m[38;5;11mLoaded [38;5;51m224[38;5;11m items[0m
[16:48:33] [Craft Scheduler Thread - 50/INFO]: [ItemsAdder] [0m[38;5;11mUsed [38;5;51m20[38;5;11m/[38;5;51m188[38;5;11m REAL block IDs[0m
[16:48:33] [Craft Scheduler Thread - 50/INFO]: [ItemsAdder] [0m[38;5;11mUsed [38;5;51m110[38;5;11m/[38;5;51m750[38;5;11m REAL_NOTE block IDs[0m
[16:48:33] [Craft Scheduler Thread - 50/INFO]: [ItemsAdder] [0m[38;5;11mUsed [38;5;51m52[38;5;11m/[38;5;51m63[38;5;11m REAL_TRANSPARENT block IDs[0m
[16:48:33] [Craft Scheduler Thread - 50/INFO]: [ItemsAdder] [0m[38;5;11mUsed [38;5;51m0[38;5;11m/[38;5;51m127[38;5;11m REAL_WIRE block IDs[0m
[16:48:33] [Craft Scheduler Thread - 50/INFO]: [ItemsAdder] [0m[38;5;11mUsed [38;5;51m0[38;5;11m/[38;5;51m14[38;5;11m FIRE block IDs[0m
[16:48:33] [Craft Scheduler Thread - 50/INFO]: [ItemsAdder] [0m[38;5;11mUsed [38;5;51m5[38;5;11m/[38;5;51m6608[38;5;11m font_images[0m
[16:48:33] [Server thread/INFO]: Demy___ issued server command: /iazip
[16:48:34] [Craft Scheduler Thread - 50/INFO]: [ItemsAdder] [0m[38;5;10m[Init] Loaded [38;5;51m3[38;5;11m categories[0m
[16:48:34] [Craft Scheduler Thread - 50/INFO]: [ItemsAdder] [0m[38;5;10m[Init] Loaded [38;5;51m224[38;5;10m items and stuff in [38;5;51m1013ms[0m
[16:48:34] [Craft Scheduler Thread - 50/INFO]: [ItemsAdder] [0m[38;5;51m[Pack] Checking resourcepack url... [0m
[16:48:34] [Server thread/INFO]: [PlaceholderAPI] Successfully registered expansion: img [1.0.1]
[16:48:34] [Craft Scheduler Thread - 50/INFO]: [ItemsAdder] [0m[38;5;10m[Pack] Resourcepack URL (self-host): http://127.0.0.1:8163/pack.zip[0m
[16:48:34] [Server thread/INFO]: [PlaceholderAPI] Successfully registered expansion: iaplayerstat [1.0.1]
[16:48:34] [Server thread/INFO]: [BlockSounds - ItemsAdder] BlockSounds have been reloaded!
[16:48:35] [Server thread/INFO]: Demy___ issued server command: /iazip
[16:48:35] [Craft Scheduler Thread - 51/INFO]: [ItemsAdder] [0m[38;5;51m[Host] Started self-host webserver on port: 8163[0m
[16:48:35] [Server thread/INFO]: [ItemsAdder] [0m[38;5;51m[Pack] Extracting utility resource_pack assets from .jar[0m
[16:48:35] [Server thread/INFO]: [ItemsAdder] [0m[38;5;10m[Pack] DONE extracting utility resource_pack assets from .jar[0m
[16:48:35] [Craft Scheduler Thread - 57/INFO]: [ItemsAdder] [0m[38;5;11mLoaded [38;5;51m224[38;5;11m items[0m
[16:48:35] [Craft Scheduler Thread - 57/INFO]: [ItemsAdder] [0m[38;5;11mUsed [38;5;51m20[38;5;11m/[38;5;51m188[38;5;11m REAL block IDs[0m
[16:48:35] [Craft Scheduler Thread - 57/INFO]: [ItemsAdder] [0m[38;5;11mUsed [38;5;51m110[38;5;11m/[38;5;51m750[38;5;11m REAL_NOTE block IDs[0m
[16:48:35] [Craft Scheduler Thread - 57/INFO]: [ItemsAdder] [0m[38;5;11mUsed [38;5;51m52[38;5;11m/[38;5;51m63[38;5;11m REAL_TRANSPARENT block IDs[0m
[16:48:35] [Craft Scheduler Thread - 57/INFO]: [ItemsAdder] [0m[38;5;11mUsed [38;5;51m0[38;5;11m/[38;5;51m127[38;5;11m REAL_WIRE block IDs[0m
[16:48:35] [Craft Scheduler Thread - 57/INFO]: [ItemsAdder] [0m[38;5;11mUsed [38;5;51m0[38;5;11m/[38;5;51m14[38;5;11m FIRE block IDs[0m
[16:48:35] [Craft Scheduler Thread - 57/INFO]: [ItemsAdder] [0m[38;5;11mUsed [38;5;51m5[38;5;11m/[38;5;51m6608[38;5;11m font_images[0m
[16:48:35] [Craft Scheduler Thread - 57/INFO]: [ItemsAdder] [0m[38;5;10m[Init] Loaded [38;5;51m3[38;5;11m categories[0m
[16:48:35] [Craft Scheduler Thread - 57/INFO]: [ItemsAdder] [0m[38;5;10m[Init] Loaded [38;5;51m224[38;5;10m items and stuff in [38;5;51m734ms[0m
[16:48:35] [Server thread/INFO]: [PlaceholderAPI] Successfully registered expansion: img [1.0.1]
[16:48:35] [Server thread/INFO]: [PlaceholderAPI] Successfully registered expansion: iaplayerstat [1.0.1]
[16:48:35] [Server thread/INFO]: [BlockSounds - ItemsAdder] BlockSounds have been reloaded!
[16:48:40] [Craft Scheduler Thread - 57/INFO]: [ItemsAdder] [0m[38;5;10mCompressed 16 PNGs in 2659ms. 90,0 kB->140,0 kB[0m
[16:48:40] [Craft Scheduler Thread - 57/INFO]: [ItemsAdder] [0m[38;5;10m[OK] Your zip file will be protected from unzip (as set in config.yml)[0m
[16:48:40] [Craft Scheduler Thread - 57/INFO]: [ItemsAdder] [0m[38;5;51m[Pack] Compressing resource_pack ... [0m
[16:48:42] [Craft Scheduler Thread - 57/INFO]: [ItemsAdder] [0m[38;5;10m[Pack] Resourcepack successfully compressed: [38;5;51m\plugins\ItemsAdder\data\resource_pack\pack.zip[0m
[16:48:42] [Craft Scheduler Thread - 57/INFO]: [ItemsAdder] [0m[38;5;51mApplying pack to every player... [0m
[16:48:42] [Craft Scheduler Thread - 57/INFO]: [ItemsAdder] [0m[38;5;10mApplied pack to [38;5;11m1[38;5;10m players[0m
[16:48:52] [Server thread/INFO]: Demy___ issued server command: /ia
[16:49:32] [Server thread/INFO]: Demy___ issued server command: /ia
[16:50:09] [Server thread/INFO]: Demy___ issued server command: /give Demy___ diamondaxe 1
[16:50:13] [Server thread/INFO]: Demy___ issued server command: /give Demy___ diamondhoue 1
[16:50:16] [Server thread/INFO]: Demy___ issued server command: /give Demy___ diamondhoe 1
[16:50:18] [Server thread/INFO]: Demy___ issued server command: /day
[16:50:21] [Server thread/INFO]: Demy___ issued server command: /give Demy___ water
[16:50:23] [Server thread/INFO]: Demy___ issued server command: /give Demy___ waterbucket
[16:50:58] [Server thread/INFO]: Demy___ issued server command: /customcrops grow superflat
[16:51:01] [Server thread/INFO]: Demy___ issued server command: /customcrops grow world
[16:51:13] [Server thread/INFO]: Demy___ issued server command: /customcrops grow superflat 10
[16:51:19] [Server thread/INFO]: Demy___ issued server command: /difficulty peaceful
[16:51:19] [Server thread/INFO]: [Demy___: The difficulty has been set to Peaceful]
[16:51:22] [Server thread/INFO]: Demy___ issued server command: /mvtp superflat
[16:51:28] [Server thread/INFO]: Demy___ issued server command: /ia
[16:54:41] [Server thread/INFO]: Demy___ issued server command: /achievemen
[16:54:42] [Async Chat Thread - #0/INFO]: <Admin Demy___> t
[16:54:43] [Async Chat Thread - #0/INFO]: <Admin Demy___> ttt
[16:54:45] [Server thread/INFO]: Demy___ issued server command: /achievement
[17:01:12] [Server thread/INFO]: Demy___ issued server command: /clear
[17:01:13] [Server thread/INFO]: Demy___ issued server command: /ia
[17:02:59] [Server thread/INFO]: Demy___ issued server command: /day
[17:04:09] [Server thread/INFO]: Demy___ issued server command: /mvtp world
[17:04:29] [Server thread/INFO]: Demy___ issued server command: /mvtp Demy___
[17:04:36] [Server thread/INFO]: Demy___ issued server command: /mvtp superflat
[17:06:55] [Server thread/INFO]: Demy___ issued server command: /iareload
[17:06:55] [Server thread/INFO]: [ItemsAdder] [0m[38;5;11mReloading...[0m
[17:06:55] [Craft Scheduler Thread - 50/INFO]: [ItemsAdder] [0m[38;5;51m[Host] Started self-host webserver on port: 8163[0m
[17:06:55] [Server thread/INFO]: [ItemsAdder] [0m[38;5;51m[Pack] Extracting utility resource_pack assets from .jar[0m
[17:06:55] [Server thread/INFO]: [ItemsAdder] [0m[38;5;10m[Pack] DONE extracting utility resource_pack assets from .jar[0m
[17:06:56] [Craft Scheduler Thread - 72/INFO]: [ItemsAdder] [0m[38;5;11mLoaded [38;5;51m224[38;5;11m items[0m
[17:06:56] [Craft Scheduler Thread - 72/INFO]: [ItemsAdder] [0m[38;5;11mUsed [38;5;51m20[38;5;11m/[38;5;51m188[38;5;11m REAL block IDs[0m
[17:06:56] [Craft Scheduler Thread - 72/INFO]: [ItemsAdder] [0m[38;5;11mUsed [38;5;51m110[38;5;11m/[38;5;51m750[38;5;11m REAL_NOTE block IDs[0m
[17:06:56] [Craft Scheduler Thread - 72/INFO]: [ItemsAdder] [0m[38;5;11mUsed [38;5;51m52[38;5;11m/[38;5;51m63[38;5;11m REAL_TRANSPARENT block IDs[0m
[17:06:56] [Craft Scheduler Thread - 72/INFO]: [ItemsAdder] [0m[38;5;11mUsed [38;5;51m0[38;5;11m/[38;5;51m127[38;5;11m REAL_WIRE block IDs[0m
[17:06:56] [Craft Scheduler Thread - 72/INFO]: [ItemsAdder] [0m[38;5;11mUsed [38;5;51m0[38;5;11m/[38;5;51m14[38;5;11m FIRE block IDs[0m
[17:06:56] [Craft Scheduler Thread - 72/INFO]: [ItemsAdder] [0m[38;5;11mUsed [38;5;51m5[38;5;11m/[38;5;51m6608[38;5;11m font_images[0m
[17:06:56] [Craft Scheduler Thread - 72/INFO]: [ItemsAdder] [0m[38;5;10m[Init] Loaded [38;5;51m3[38;5;11m categories[0m
[17:06:56] [Craft Scheduler Thread - 72/INFO]: [ItemsAdder] [0m[38;5;10m[Init] Loaded [38;5;51m224[38;5;10m items and stuff in [38;5;51m849ms[0m
[17:06:56] [Craft Scheduler Thread - 72/INFO]: [ItemsAdder] [0m[38;5;51m[Pack] Checking resourcepack url... [0m
[17:06:56] [Server thread/INFO]: [PlaceholderAPI] Successfully registered expansion: img [1.0.1]
[17:06:56] [Craft Scheduler Thread - 72/INFO]: [ItemsAdder] [0m[38;5;10m[Pack] Resourcepack URL (self-host): http://127.0.0.1:8163/pack.zip[0m
[17:06:56] [Server thread/INFO]: [PlaceholderAPI] Successfully registered expansion: iaplayerstat [1.0.1]
[17:06:56] [Server thread/INFO]: [BlockSounds - ItemsAdder] BlockSounds have been reloaded!
[17:07:01] [Server thread/INFO]: Demy___ issued server command: /iagive Demy___ dirt_mud
[17:07:03] [Server thread/INFO]: CONSOLE issued server command: /essentials:sudo %player% bs factoryskycraft
[17:07:03] [Server thread/INFO]: %player% a été forcé d’exécuter : /bs factoryskycraft
[17:07:03] [Server thread/INFO]: Erreur : Joueur introuvable.
[17:07:33] [Server thread/INFO]: Demy___ issued server command: /iareload
[17:07:33] [Server thread/INFO]: [ItemsAdder] [0m[38;5;11mReloading...[0m
[17:07:33] [Craft Scheduler Thread - 77/INFO]: [ItemsAdder] [0m[38;5;51m[Host] Started self-host webserver on port: 8163[0m
[17:07:33] [Server thread/INFO]: [ItemsAdder] [0m[38;5;51m[Pack] Extracting utility resource_pack assets from .jar[0m
[17:07:33] [Server thread/INFO]: [ItemsAdder] [0m[38;5;10m[Pack] DONE extracting utility resource_pack assets from .jar[0m
[17:07:33] [Craft Scheduler Thread - 78/INFO]: [ItemsAdder] [0m[38;5;11mLoaded [38;5;51m224[38;5;11m items[0m
[17:07:33] [Craft Scheduler Thread - 78/INFO]: [ItemsAdder] [0m[38;5;11mUsed [38;5;51m20[38;5;11m/[38;5;51m188[38;5;11m REAL block IDs[0m
[17:07:33] [Craft Scheduler Thread - 78/INFO]: [ItemsAdder] [0m[38;5;11mUsed [38;5;51m110[38;5;11m/[38;5;51m750[38;5;11m REAL_NOTE block IDs[0m
[17:07:33] [Craft Scheduler Thread - 78/INFO]: [ItemsAdder] [0m[38;5;11mUsed [38;5;51m52[38;5;11m/[38;5;51m63[38;5;11m REAL_TRANSPARENT block IDs[0m
[17:07:33] [Craft Scheduler Thread - 78/INFO]: [ItemsAdder] [0m[38;5;11mUsed [38;5;51m0[38;5;11m/[38;5;51m127[38;5;11m REAL_WIRE block IDs[0m
[17:07:33] [Craft Scheduler Thread - 78/INFO]: [ItemsAdder] [0m[38;5;11mUsed [38;5;51m0[38;5;11m/[38;5;51m14[38;5;11m FIRE block IDs[0m
[17:07:33] [Craft Scheduler Thread - 78/INFO]: [ItemsAdder] [0m[38;5;11mUsed [38;5;51m5[38;5;11m/[38;5;51m6608[38;5;11m font_images[0m
[17:07:33] [Craft Scheduler Thread - 78/INFO]: [ItemsAdder] [0m[38;5;10m[Init] Loaded [38;5;51m3[38;5;11m categories[0m
[17:07:33] [Craft Scheduler Thread - 78/INFO]: [ItemsAdder] [0m[38;5;10m[Init] Loaded [38;5;51m224[38;5;10m items and stuff in [38;5;51m716ms[0m
[17:07:33] [Craft Scheduler Thread - 78/INFO]: [ItemsAdder] [0m[38;5;51m[Pack] Checking resourcepack url... [0m
[17:07:33] [Server thread/INFO]: [PlaceholderAPI] Successfully registered expansion: img [1.0.1]
[17:07:33] [Server thread/INFO]: [PlaceholderAPI] Successfully registered expansion: iaplayerstat [1.0.1]
[17:07:33] [Craft Scheduler Thread - 78/INFO]: [ItemsAdder] [0m[38;5;10m[Pack] Resourcepack URL (self-host): http://127.0.0.1:8163/pack.zip[0m
[17:07:33] [Server thread/INFO]: [BlockSounds - ItemsAdder] BlockSounds have been reloaded!
[17:07:37] [Server thread/INFO]: Demy___ issued server command: /iagive Demy___ dirt_mud
[17:07:38] [Server thread/INFO]: CONSOLE issued server command: /essentials:sudo Demy___ bs factoryskycraft
[17:07:38] [Server thread/INFO]: Demy___ a été forcé d’exécuter : /bs factoryskycraft
[17:07:38] [Server thread/INFO]: Demy___ issued server command: /bs factoryskycraft
[17:07:39] [Server thread/INFO]: CONSOLE issued server command: /essentials:sudo Demy___ bs factoryskycraft
[17:07:39] [Server thread/INFO]: Demy___ a été forcé d’exécuter : /bs factoryskycraft
[17:07:39] [Server thread/INFO]: Demy___ issued server command: /bs factoryskycraft
[17:07:39] [Server thread/INFO]: CONSOLE issued server command: /essentials:sudo Demy___ bs factoryskycraft
[17:07:39] [Server thread/INFO]: Demy___ a été forcé d’exécuter : /bs factoryskycraft
[17:07:39] [Server thread/INFO]: Demy___ issued server command: /bs factoryskycraft
[17:07:41] [Server thread/INFO]: CONSOLE issued server command: /essentials:sudo Demy___ bs factoryskycraft
[17:07:41] [Server thread/INFO]: Demy___ a été forcé d’exécuter : /bs factoryskycraft
[17:07:41] [Server thread/INFO]: Demy___ issued server command: /bs factoryskycraft
[17:07:41] [Server thread/INFO]: CONSOLE issued server command: /essentials:sudo Demy___ bs factoryskycraft
[17:07:41] [Server thread/INFO]: Demy___ a été forcé d’exécuter : /bs factoryskycraft
[17:07:41] [Server thread/INFO]: Demy___ issued server command: /bs factoryskycraft
[17:07:42] [Server thread/INFO]: CONSOLE issued server command: /essentials:sudo Demy___ bs factoryskycraft
[17:07:42] [Server thread/INFO]: Demy___ a été forcé d’exécuter : /bs factoryskycraft
[17:07:42] [Server thread/INFO]: Demy___ issued server command: /bs factoryskycraft
[17:08:19] [Server thread/INFO]: Demy___ issued server command: /iareload
[17:08:19] [Server thread/INFO]: [ItemsAdder] [0m[38;5;11mReloading...[0m
[17:08:19] [Craft Scheduler Thread - 74/INFO]: [ItemsAdder] [0m[38;5;51m[Host] Started self-host webserver on port: 8163[0m
[17:08:19] [Server thread/INFO]: [ItemsAdder] [0m[38;5;51m[Pack] Extracting utility resource_pack assets from .jar[0m
[17:08:19] [Server thread/INFO]: [ItemsAdder] [0m[38;5;10m[Pack] DONE extracting utility resource_pack assets from .jar[0m
[17:08:19] [Craft Scheduler Thread - 76/INFO]: [ItemsAdder] [0m[38;5;11mLoaded [38;5;51m224[38;5;11m items[0m
[17:08:19] [Craft Scheduler Thread - 76/INFO]: [ItemsAdder] [0m[38;5;11mUsed [38;5;51m20[38;5;11m/[38;5;51m188[38;5;11m REAL block IDs[0m
[17:08:19] [Craft Scheduler Thread - 76/INFO]: [ItemsAdder] [0m[38;5;11mUsed [38;5;51m110[38;5;11m/[38;5;51m750[38;5;11m REAL_NOTE block IDs[0m
[17:08:19] [Craft Scheduler Thread - 76/INFO]: [ItemsAdder] [0m[38;5;11mUsed [38;5;51m52[38;5;11m/[38;5;51m63[38;5;11m REAL_TRANSPARENT block IDs[0m
[17:08:19] [Craft Scheduler Thread - 76/INFO]: [ItemsAdder] [0m[38;5;11mUsed [38;5;51m0[38;5;11m/[38;5;51m127[38;5;11m REAL_WIRE block IDs[0m
[17:08:19] [Craft Scheduler Thread - 76/INFO]: [ItemsAdder] [0m[38;5;11mUsed [38;5;51m0[38;5;11m/[38;5;51m14[38;5;11m FIRE block IDs[0m
[17:08:19] [Craft Scheduler Thread - 76/INFO]: [ItemsAdder] [0m[38;5;11mUsed [38;5;51m5[38;5;11m/[38;5;51m6608[38;5;11m font_images[0m
[17:08:19] [Craft Scheduler Thread - 76/INFO]: [ItemsAdder] [0m[38;5;10m[Init] Loaded [38;5;51m3[38;5;11m categories[0m
[17:08:19] [Craft Scheduler Thread - 76/INFO]: [ItemsAdder] [0m[38;5;10m[Init] Loaded [38;5;51m224[38;5;10m items and stuff in [38;5;51m644ms[0m
[17:08:19] [Craft Scheduler Thread - 76/INFO]: [ItemsAdder] [0m[38;5;51m[Pack] Checking resourcepack url... [0m
[17:08:19] [Server thread/INFO]: [PlaceholderAPI] Successfully registered expansion: img [1.0.1]
[17:08:19] [Server thread/INFO]: [PlaceholderAPI] Successfully registered expansion: iaplayerstat [1.0.1]
[17:08:19] [Craft Scheduler Thread - 76/INFO]: [ItemsAdder] [0m[38;5;10m[Pack] Resourcepack URL (self-host): http://127.0.0.1:8163/pack.zip[0m
[17:08:19] [Server thread/INFO]: [BlockSounds - ItemsAdder] BlockSounds have been reloaded!
[17:08:24] [Server thread/INFO]: Demy___ issued server command: /iagive Demy___ dirt_mud
[17:08:26] [Server thread/INFO]: CONSOLE issued server command: /essentials:sudo Demy___ bs factoryskycrafts
[17:08:26] [Server thread/INFO]: Demy___ a été forcé d’exécuter : /bs factoryskycrafts
[17:08:26] [Server thread/INFO]: Demy___ issued server command: /bs factoryskycrafts
[17:08:31] [Server thread/INFO]: CONSOLE issued server command: /essentials:sudo Demy___ bs factoryskycrafts
[17:08:31] [Server thread/INFO]: Demy___ a été forcé d’exécuter : /bs factoryskycrafts
[17:08:31] [Server thread/INFO]: Demy___ issued server command: /bs factoryskycrafts
[17:08:35] [Server thread/INFO]: Demy___ issued server command: /clear
[17:13:09] [Server thread/INFO]: Demy___ issued server command: /day
[17:27:20] [Server thread/INFO]: Demy___ issued server command: /iareload
[17:27:20] [Server thread/INFO]: [ItemsAdder] [0m[38;5;11mReloading...[0m
[17:27:20] [Craft Scheduler Thread - 72/INFO]: [ItemsAdder] [0m[38;5;51m[Host] Started self-host webserver on port: 8163[0m
[17:27:20] [Server thread/INFO]: [ItemsAdder] [0m[38;5;51m[Pack] Extracting utility resource_pack assets from .jar[0m
[17:27:21] [Server thread/INFO]: [ItemsAdder] [0m[38;5;10m[Pack] DONE extracting utility resource_pack assets from .jar[0m
[17:27:21] [Craft Scheduler Thread - 72/INFO]: [ItemsAdder] [0m[38;5;11mLoaded [38;5;51m224[38;5;11m items[0m
[17:27:21] [Craft Scheduler Thread - 72/INFO]: [ItemsAdder] [0m[38;5;11mUsed [38;5;51m20[38;5;11m/[38;5;51m188[38;5;11m REAL block IDs[0m
[17:27:21] [Craft Scheduler Thread - 72/INFO]: [ItemsAdder] [0m[38;5;11mUsed [38;5;51m110[38;5;11m/[38;5;51m750[38;5;11m REAL_NOTE block IDs[0m
[17:27:21] [Craft Scheduler Thread - 72/INFO]: [ItemsAdder] [0m[38;5;11mUsed [38;5;51m52[38;5;11m/[38;5;51m63[38;5;11m REAL_TRANSPARENT block IDs[0m
[17:27:21] [Craft Scheduler Thread - 72/INFO]: [ItemsAdder] [0m[38;5;11mUsed [38;5;51m0[38;5;11m/[38;5;51m127[38;5;11m REAL_WIRE block IDs[0m
[17:27:21] [Craft Scheduler Thread - 72/INFO]: [ItemsAdder] [0m[38;5;11mUsed [38;5;51m0[38;5;11m/[38;5;51m14[38;5;11m FIRE block IDs[0m
[17:27:21] [Craft Scheduler Thread - 72/INFO]: [ItemsAdder] [0m[38;5;11mUsed [38;5;51m5[38;5;11m/[38;5;51m6608[38;5;11m font_images[0m
[17:27:21] [Craft Scheduler Thread - 72/INFO]: [ItemsAdder] [0m[38;5;10m[Init] Loaded [38;5;51m3[38;5;11m categories[0m
[17:27:21] [Craft Scheduler Thread - 72/INFO]: [ItemsAdder] [0m[38;5;10m[Init] Loaded [38;5;51m224[38;5;10m items and stuff in [38;5;51m687ms[0m
[17:27:21] [Craft Scheduler Thread - 72/INFO]: [ItemsAdder] [0m[38;5;51m[Pack] Checking resourcepack url... [0m
[17:27:21] [Server thread/INFO]: [PlaceholderAPI] Successfully registered expansion: img [1.0.1]
[17:27:21] [Craft Scheduler Thread - 72/INFO]: [ItemsAdder] [0m[38;5;10m[Pack] Resourcepack URL (self-host): http://127.0.0.1:8163/pack.zip[0m
[17:27:21] [Server thread/INFO]: [PlaceholderAPI] Successfully registered expansion: iaplayerstat [1.0.1]
[17:27:21] [Server thread/INFO]: [BlockSounds - ItemsAdder] BlockSounds have been reloaded!
[17:27:22] [Server thread/INFO]: Demy___ issued server command: /day
[17:27:27] [Server thread/INFO]: Demy___ issued server command: /iagive Demy___ dirt_mud
[17:28:41] [Server thread/INFO]: Demy___ issued server command: /iareload
[17:28:41] [Server thread/INFO]: [ItemsAdder] [0m[38;5;11mReloading...[0m
[17:28:41] [Craft Scheduler Thread - 94/INFO]: [ItemsAdder] [0m[38;5;51m[Host] Started self-host webserver on port: 8163[0m
[17:28:41] [Server thread/INFO]: [ItemsAdder] [0m[38;5;51m[Pack] Extracting utility resource_pack assets from .jar[0m
[17:28:41] [Server thread/INFO]: [ItemsAdder] [0m[38;5;10m[Pack] DONE extracting utility resource_pack assets from .jar[0m
[17:28:42] [Craft Scheduler Thread - 96/INFO]: [ItemsAdder] [0m[38;5;11mLoaded [38;5;51m224[38;5;11m items[0m
[17:28:42] [Craft Scheduler Thread - 96/INFO]: [ItemsAdder] [0m[38;5;11mUsed [38;5;51m20[38;5;11m/[38;5;51m188[38;5;11m REAL block IDs[0m
[17:28:42] [Craft Scheduler Thread - 96/INFO]: [ItemsAdder] [0m[38;5;11mUsed [38;5;51m110[38;5;11m/[38;5;51m750[38;5;11m REAL_NOTE block IDs[0m
[17:28:42] [Craft Scheduler Thread - 96/INFO]: [ItemsAdder] [0m[38;5;11mUsed [38;5;51m52[38;5;11m/[38;5;51m63[38;5;11m REAL_TRANSPARENT block IDs[0m
[17:28:42] [Craft Scheduler Thread - 96/INFO]: [ItemsAdder] [0m[38;5;11mUsed [38;5;51m0[38;5;11m/[38;5;51m127[38;5;11m REAL_WIRE block IDs[0m
[17:28:42] [Craft Scheduler Thread - 96/INFO]: [ItemsAdder] [0m[38;5;11mUsed [38;5;51m0[38;5;11m/[38;5;51m14[38;5;11m FIRE block IDs[0m
[17:28:42] [Craft Scheduler Thread - 96/INFO]: [ItemsAdder] [0m[38;5;11mUsed [38;5;51m5[38;5;11m/[38;5;51m6608[38;5;11m font_images[0m
[17:28:42] [Craft Scheduler Thread - 96/INFO]: [ItemsAdder] [0m[38;5;10m[Init] Loaded [38;5;51m3[38;5;11m categories[0m
[17:28:42] [Craft Scheduler Thread - 96/INFO]: [ItemsAdder] [0m[38;5;10m[Init] Loaded [38;5;51m224[38;5;10m items and stuff in [38;5;51m642ms[0m
[17:28:42] [Craft Scheduler Thread - 96/INFO]: [ItemsAdder] [0m[38;5;51m[Pack] Checking resourcepack url... [0m
[17:28:42] [Craft Scheduler Thread - 96/INFO]: [ItemsAdder] [0m[38;5;10m[Pack] Resourcepack URL (self-host): http://127.0.0.1:8163/pack.zip[0m
[17:28:42] [Server thread/INFO]: [PlaceholderAPI] Successfully registered expansion: img [1.0.1]
[17:28:42] [Server thread/INFO]: [PlaceholderAPI] Successfully registered expansion: iaplayerstat [1.0.1]
[17:28:42] [Server thread/INFO]: [BlockSounds - ItemsAdder] BlockSounds have been reloaded!
[17:28:43] [Server thread/INFO]: Demy___ issued server command: /ia
[17:28:45] [Server thread/INFO]: Demy___ issued server command: /clear
[17:28:49] [Server thread/INFO]: Demy___ issued server command: /iagive Demy___ dirt_resin
[17:29:45] [Server thread/INFO]: Demy___ issued server command: /bs read
[17:29:45] [Server thread/INFO]: [NBTAPI] Found Spigot: v1_19_R1! Trying to find NMS support
[17:29:45] [Server thread/INFO]: [NBTAPI] NMS support 'MC1_19_R1' loaded!
[17:29:45] [Server thread/INFO]: [NBTAPI] Found Gson: class com.google.gson.Gson
[17:29:45] [Thread-119/WARN]: [NBTAPI] The NBT-API located at 'package org.black_ixx.bossshop.lib.nbtapi' seems to be outdated!
[17:29:45] [Thread-119/WARN]: [NBTAPI] Current Version: '2.11.0' Newest Version: 2.11.1'
[17:29:45] [Thread-119/WARN]: [NBTAPI] Please update the NBTAPI or the plugin that contains the api(nag the mod author when the newest release has an old version, not the NBTAPI dev)!
[17:31:42] [Server thread/INFO]: Demy___ issued server command: /bs factorysky
[17:31:53] [Server thread/INFO]: Demy___ issued server command: /bs
[17:32:33] [Server thread/INFO]: Demy___ issued server command: /itemjoin get factorysky-book
[17:32:41] [Server thread/INFO]: Demy___ issued server command: /clear
[17:32:42] [Server thread/INFO]: Demy___ issued server command: /itemjoin get factorysky-book
[17:33:54] [Server thread/INFO]: Demy___ issued server command: /iareload
[17:33:54] [Server thread/INFO]: [ItemsAdder] [0m[38;5;11mReloading...[0m
[17:33:55] [Craft Scheduler Thread - 83/INFO]: [ItemsAdder] [0m[38;5;51m[Host] Started self-host webserver on port: 8163[0m
[17:33:55] [Server thread/INFO]: [ItemsAdder] [0m[38;5;51m[Pack] Extracting utility resource_pack assets from .jar[0m
[17:33:55] [Server thread/INFO]: [ItemsAdder] [0m[38;5;10m[Pack] DONE extracting utility resource_pack assets from .jar[0m
[17:33:55] [Craft Scheduler Thread - 83/INFO]: [ItemsAdder] [0m[38;5;11mLoaded [38;5;51m224[38;5;11m items[0m
[17:33:55] [Craft Scheduler Thread - 83/INFO]: [ItemsAdder] [0m[38;5;11mUsed [38;5;51m20[38;5;11m/[38;5;51m188[38;5;11m REAL block IDs[0m
[17:33:55] [Craft Scheduler Thread - 83/INFO]: [ItemsAdder] [0m[38;5;11mUsed [38;5;51m110[38;5;11m/[38;5;51m750[38;5;11m REAL_NOTE block IDs[0m
[17:33:55] [Craft Scheduler Thread - 83/INFO]: [ItemsAdder] [0m[38;5;11mUsed [38;5;51m52[38;5;11m/[38;5;51m63[38;5;11m REAL_TRANSPARENT block IDs[0m
[17:33:55] [Craft Scheduler Thread - 83/INFO]: [ItemsAdder] [0m[38;5;11mUsed [38;5;51m0[38;5;11m/[38;5;51m127[38;5;11m REAL_WIRE block IDs[0m
[17:33:55] [Craft Scheduler Thread - 83/INFO]: [ItemsAdder] [0m[38;5;11mUsed [38;5;51m0[38;5;11m/[38;5;51m14[38;5;11m FIRE block IDs[0m
[17:33:55] [Craft Scheduler Thread - 83/INFO]: [ItemsAdder] [0m[38;5;11mUsed [38;5;51m5[38;5;11m/[38;5;51m6608[38;5;11m font_images[0m
[17:33:55] [Craft Scheduler Thread - 83/INFO]: [ItemsAdder] [0m[38;5;10m[Init] Loaded [38;5;51m3[38;5;11m categories[0m
[17:33:55] [Craft Scheduler Thread - 83/INFO]: [ItemsAdder] [0m[38;5;10m[Init] Loaded [38;5;51m224[38;5;10m items and stuff in [38;5;51m614ms[0m
[17:33:55] [Craft Scheduler Thread - 83/INFO]: [ItemsAdder] [0m[38;5;51m[Pack] Checking resourcepack url... [0m
[17:33:55] [Craft Scheduler Thread - 83/INFO]: [ItemsAdder] [0m[38;5;10m[Pack] Resourcepack URL (self-host): http://127.0.0.1:8163/pack.zip[0m
[17:33:55] [Server thread/INFO]: [PlaceholderAPI] Successfully registered expansion: img [1.0.1]
[17:33:55] [Server thread/INFO]: [PlaceholderAPI] Successfully registered expansion: iaplayerstat [1.0.1]
[17:33:55] [Server thread/INFO]: [BlockSounds - ItemsAdder] BlockSounds have been reloaded!
[17:33:58] [Server thread/INFO]: Demy___ issued server command: /iagive Demy___ dirt_resin
[17:34:04] [Server thread/INFO]: Demy___ issued server command: /clear
[17:35:55] [Server thread/INFO]: Demy___ issued server command: /gm 0
[17:35:59] [Server thread/INFO]: Demy___ issued server command: /give Demy___ diamond_axe
[17:35:59] [Server thread/INFO]: Demy___ issued server command: /give Demy___ diamond_axe
[17:36:05] [Server thread/INFO]: Demy___ issued server command: /enchant silktouch
[17:36:15] [Server thread/INFO]: Demy___ issued server command: /iagive Demy___ maj:dirt_sapling
[17:36:23] [Server thread/INFO]: [AdvancedAchievements] Player Demy___ received the achievement: itembreaks_1 (§4Clumsy Guy)
[17:36:33] [Server thread/INFO]: Demy___ issued server command: /iareload
[17:36:33] [Server thread/INFO]: [ItemsAdder] [0m[38;5;11mReloading...[0m
[17:36:33] [Craft Scheduler Thread - 72/INFO]: [ItemsAdder] [0m[38;5;51m[Host] Started self-host webserver on port: 8163[0m
[17:36:33] [Server thread/INFO]: [ItemsAdder] [0m[38;5;51m[Pack] Extracting utility resource_pack assets from .jar[0m
[17:36:33] [Server thread/INFO]: [ItemsAdder] [0m[38;5;10m[Pack] DONE extracting utility resource_pack assets from .jar[0m
[17:36:34] [Craft Scheduler Thread - 101/INFO]: [ItemsAdder] [0m[38;5;11mLoaded [38;5;51m224[38;5;11m items[0m
[17:36:34] [Craft Scheduler Thread - 101/INFO]: [ItemsAdder] [0m[38;5;11mUsed [38;5;51m20[38;5;11m/[38;5;51m188[38;5;11m REAL block IDs[0m
[17:36:34] [Craft Scheduler Thread - 101/INFO]: [ItemsAdder] [0m[38;5;11mUsed [38;5;51m110[38;5;11m/[38;5;51m750[38;5;11m REAL_NOTE block IDs[0m
[17:36:34] [Craft Scheduler Thread - 101/INFO]: [ItemsAdder] [0m[38;5;11mUsed [38;5;51m52[38;5;11m/[38;5;51m63[38;5;11m REAL_TRANSPARENT block IDs[0m
[17:36:34] [Craft Scheduler Thread - 101/INFO]: [ItemsAdder] [0m[38;5;11mUsed [38;5;51m0[38;5;11m/[38;5;51m127[38;5;11m REAL_WIRE block IDs[0m
[17:36:34] [Craft Scheduler Thread - 101/INFO]: [ItemsAdder] [0m[38;5;11mUsed [38;5;51m0[38;5;11m/[38;5;51m14[38;5;11m FIRE block IDs[0m
[17:36:34] [Craft Scheduler Thread - 101/INFO]: [ItemsAdder] [0m[38;5;11mUsed [38;5;51m5[38;5;11m/[38;5;51m6608[38;5;11m font_images[0m
[17:36:34] [Craft Scheduler Thread - 101/INFO]: [ItemsAdder] [0m[38;5;10m[Init] Loaded [38;5;51m3[38;5;11m categories[0m
[17:36:34] [Craft Scheduler Thread - 101/INFO]: [ItemsAdder] [0m[38;5;10m[Init] Loaded [38;5;51m224[38;5;10m items and stuff in [38;5;51m620ms[0m
[17:36:34] [Craft Scheduler Thread - 101/INFO]: [ItemsAdder] [0m[38;5;51m[Pack] Checking resourcepack url... [0m
[17:36:34] [Server thread/INFO]: [PlaceholderAPI] Successfully registered expansion: img [1.0.1]
[17:36:34] [Server thread/INFO]: [PlaceholderAPI] Successfully registered expansion: iaplayerstat [1.0.1]
[17:36:34] [Craft Scheduler Thread - 101/INFO]: [ItemsAdder] [0m[38;5;10m[Pack] Resourcepack URL (self-host): http://127.0.0.1:8163/pack.zip[0m
[17:36:34] [Server thread/INFO]: [BlockSounds - ItemsAdder] BlockSounds have been reloaded!
[17:37:05] [Server thread/INFO]: Demy___ issued server command: /iareload
[17:37:05] [Server thread/INFO]: [ItemsAdder] [0m[38;5;11mReloading...[0m
[17:37:05] [Craft Scheduler Thread - 100/INFO]: [ItemsAdder] [0m[38;5;51m[Host] Started self-host webserver on port: 8163[0m
[17:37:05] [Server thread/INFO]: [ItemsAdder] [0m[38;5;51m[Pack] Extracting utility resource_pack assets from .jar[0m
[17:37:05] [Server thread/INFO]: [ItemsAdder] [0m[38;5;10m[Pack] DONE extracting utility resource_pack assets from .jar[0m
[17:37:06] [Craft Scheduler Thread - 102/INFO]: [ItemsAdder] [0m[38;5;11mLoaded [38;5;51m224[38;5;11m items[0m
[17:37:06] [Craft Scheduler Thread - 102/INFO]: [ItemsAdder] [0m[38;5;11mUsed [38;5;51m20[38;5;11m/[38;5;51m188[38;5;11m REAL block IDs[0m
[17:37:06] [Craft Scheduler Thread - 102/INFO]: [ItemsAdder] [0m[38;5;11mUsed [38;5;51m110[38;5;11m/[38;5;51m750[38;5;11m REAL_NOTE block IDs[0m
[17:37:06] [Craft Scheduler Thread - 102/INFO]: [ItemsAdder] [0m[38;5;11mUsed [38;5;51m52[38;5;11m/[38;5;51m63[38;5;11m REAL_TRANSPARENT block IDs[0m
[17:37:06] [Craft Scheduler Thread - 102/INFO]: [ItemsAdder] [0m[38;5;11mUsed [38;5;51m0[38;5;11m/[38;5;51m127[38;5;11m REAL_WIRE block IDs[0m
[17:37:06] [Craft Scheduler Thread - 102/INFO]: [ItemsAdder] [0m[38;5;11mUsed [38;5;51m0[38;5;11m/[38;5;51m14[38;5;11m FIRE block IDs[0m
[17:37:06] [Craft Scheduler Thread - 102/INFO]: [ItemsAdder] [0m[38;5;11mUsed [38;5;51m5[38;5;11m/[38;5;51m6608[38;5;11m font_images[0m
[17:37:06] [Craft Scheduler Thread - 102/INFO]: [ItemsAdder] [0m[38;5;10m[Init] Loaded [38;5;51m3[38;5;11m categories[0m
[17:37:06] [Craft Scheduler Thread - 102/INFO]: [ItemsAdder] [0m[38;5;10m[Init] Loaded [38;5;51m224[38;5;10m items and stuff in [38;5;51m600ms[0m
[17:37:06] [Craft Scheduler Thread - 102/INFO]: [ItemsAdder] [0m[38;5;51m[Pack] Checking resourcepack url... [0m
[17:37:06] [Server thread/INFO]: [PlaceholderAPI] Successfully registered expansion: img [1.0.1]
[17:37:06] [Craft Scheduler Thread - 102/INFO]: [ItemsAdder] [0m[38;5;10m[Pack] Resourcepack URL (self-host): http://127.0.0.1:8163/pack.zip[0m
[17:37:06] [Server thread/INFO]: [PlaceholderAPI] Successfully registered expansion: iaplayerstat [1.0.1]
[17:37:06] [Server thread/INFO]: [BlockSounds - ItemsAdder] BlockSounds have been reloaded!
[17:38:07] [Server thread/INFO]: Demy___ issued server command: /iareload
[17:38:07] [Server thread/INFO]: [ItemsAdder] [0m[38;5;11mReloading...[0m
[17:38:07] [Craft Scheduler Thread - 101/INFO]: [ItemsAdder] [0m[38;5;51m[Host] Started self-host webserver on port: 8163[0m
[17:38:07] [Server thread/INFO]: [ItemsAdder] [0m[38;5;51m[Pack] Extracting utility resource_pack assets from .jar[0m
[17:38:07] [Server thread/INFO]: [ItemsAdder] [0m[38;5;10m[Pack] DONE extracting utility resource_pack assets from .jar[0m
[17:38:08] [Craft Scheduler Thread - 102/INFO]: [ItemsAdder] [0m[38;5;11mLoaded [38;5;51m224[38;5;11m items[0m
[17:38:08] [Craft Scheduler Thread - 102/INFO]: [ItemsAdder] [0m[38;5;11mUsed [38;5;51m20[38;5;11m/[38;5;51m188[38;5;11m REAL block IDs[0m
[17:38:08] [Craft Scheduler Thread - 102/INFO]: [ItemsAdder] [0m[38;5;11mUsed [38;5;51m110[38;5;11m/[38;5;51m750[38;5;11m REAL_NOTE block IDs[0m
[17:38:08] [Craft Scheduler Thread - 102/INFO]: [ItemsAdder] [0m[38;5;11mUsed [38;5;51m52[38;5;11m/[38;5;51m63[38;5;11m REAL_TRANSPARENT block IDs[0m
[17:38:08] [Craft Scheduler Thread - 102/INFO]: [ItemsAdder] [0m[38;5;11mUsed [38;5;51m0[38;5;11m/[38;5;51m127[38;5;11m REAL_WIRE block IDs[0m
[17:38:08] [Craft Scheduler Thread - 102/INFO]: [ItemsAdder] [0m[38;5;11mUsed [38;5;51m0[38;5;11m/[38;5;51m14[38;5;11m FIRE block IDs[0m
[17:38:08] [Craft Scheduler Thread - 102/INFO]: [ItemsAdder] [0m[38;5;11mUsed [38;5;51m5[38;5;11m/[38;5;51m6608[38;5;11m font_images[0m
[17:38:08] [Craft Scheduler Thread - 102/INFO]: [ItemsAdder] [0m[38;5;10m[Init] Loaded [38;5;51m3[38;5;11m categories[0m
[17:38:08] [Craft Scheduler Thread - 102/INFO]: [ItemsAdder] [0m[38;5;10m[Init] Loaded [38;5;51m224[38;5;10m items and stuff in [38;5;51m636ms[0m
[17:38:08] [Craft Scheduler Thread - 102/INFO]: [ItemsAdder] [0m[38;5;51m[Pack] Checking resourcepack url... [0m
[17:38:08] [Server thread/INFO]: [PlaceholderAPI] Successfully registered expansion: img [1.0.1]
[17:38:08] [Craft Scheduler Thread - 102/INFO]: [ItemsAdder] [0m[38;5;10m[Pack] Resourcepack URL (self-host): http://127.0.0.1:8163/pack.zip[0m
[17:38:08] [Server thread/INFO]: [PlaceholderAPI] Successfully registered expansion: iaplayerstat [1.0.1]
[17:38:08] [Server thread/INFO]: [BlockSounds - ItemsAdder] BlockSounds have been reloaded!
[17:38:09] [Server thread/INFO]: Demy___ issued server command: /clear
[17:38:10] [Server thread/INFO]: Demy___ issued server command: /gm 2
[17:38:12] [Server thread/INFO]: Demy___ issued server command: /gm 1
[17:38:13] [Server thread/INFO]: Demy___ issued server command: /day
[17:55:06] [Server thread/INFO]: Demy___ issued server command: /iaplayerstat
[17:55:13] [Server thread/INFO]: Demy___ issued server command: /iaplayerstat write Demy___
[17:55:14] [Server thread/INFO]: Demy___ issued server command: /iaplayerstat write Demy___ <attribute>
[17:55:35] [Server thread/INFO]: Demy___ issued server command: /iaplayerstat write Demy___ test int 0
[17:55:35] [Server thread/ERROR]: null
org.bukkit.command.CommandException: Unhandled exception executing command 'iaplayerstat' in plugin ItemsAdder v3.2.5-beta5
	at org.bukkit.command.PluginCommand.execute(PluginCommand.java:47) ~[spigot-api-1.19.2-R0.1-SNAPSHOT.jar:?]
	at org.bukkit.command.SimpleCommandMap.dispatch(SimpleCommandMap.java:149) ~[spigot-api-1.19.2-R0.1-SNAPSHOT.jar:?]
	at org.bukkit.craftbukkit.v1_19_R1.CraftServer.dispatchCommand(CraftServer.java:833) ~[spigot-1.19.2-R0.1-SNAPSHOT.jar:3610-Spigot-6198b5a-19df23a]
	at org.bukkit.craftbukkit.v1_19_R1.command.BukkitCommandWrapper.run(BukkitCommandWrapper.java:50) ~[spigot-1.19.2-R0.1-SNAPSHOT.jar:3610-Spigot-6198b5a-19df23a]
	at com.mojang.brigadier.CommandDispatcher.execute(CommandDispatcher.java:264) ~[spigot-1.19.2-R0.1-SNAPSHOT.jar:?]
	at net.minecraft.commands.CommandDispatcher.performCommand(CommandDispatcher.java:298) ~[spigot-1.19.2-R0.1-SNAPSHOT.jar:3610-Spigot-6198b5a-19df23a]
	at net.minecraft.commands.CommandDispatcher.a(CommandDispatcher.java:282) ~[spigot-1.19.2-R0.1-SNAPSHOT.jar:3610-Spigot-6198b5a-19df23a]
	at net.minecraft.server.network.PlayerConnection.b(PlayerConnection.java:1949) ~[spigot-1.19.2-R0.1-SNAPSHOT.jar:3610-Spigot-6198b5a-19df23a]
	at net.minecraft.server.network.PlayerConnection.lambda$18(PlayerConnection.java:1914) ~[spigot-1.19.2-R0.1-SNAPSHOT.jar:3610-Spigot-6198b5a-19df23a]
	at net.minecraft.util.thread.IAsyncTaskHandler.b(SourceFile:68) ~[spigot-1.19.2-R0.1-SNAPSHOT.jar:3610-Spigot-6198b5a-19df23a]
	at java.util.concurrent.CompletableFuture$AsyncSupply.run(CompletableFuture.java:1768) ~[?:?]
	at net.minecraft.server.TickTask.run(SourceFile:18) ~[spigot-1.19.2-R0.1-SNAPSHOT.jar:3610-Spigot-6198b5a-19df23a]
	at net.minecraft.util.thread.IAsyncTaskHandler.d(SourceFile:157) ~[spigot-1.19.2-R0.1-SNAPSHOT.jar:3610-Spigot-6198b5a-19df23a]
	at net.minecraft.util.thread.IAsyncTaskHandlerReentrant.d(SourceFile:23) ~[spigot-1.19.2-R0.1-SNAPSHOT.jar:3610-Spigot-6198b5a-19df23a]
	at net.minecraft.server.MinecraftServer.b(MinecraftServer.java:1150) ~[spigot-1.19.2-R0.1-SNAPSHOT.jar:3610-Spigot-6198b5a-19df23a]
	at net.minecraft.server.MinecraftServer.d(MinecraftServer.java:1) ~[spigot-1.19.2-R0.1-SNAPSHOT.jar:3610-Spigot-6198b5a-19df23a]
	at net.minecraft.util.thread.IAsyncTaskHandler.x(SourceFile:131) ~[spigot-1.19.2-R0.1-SNAPSHOT.jar:3610-Spigot-6198b5a-19df23a]
	at net.minecraft.server.MinecraftServer.bh(MinecraftServer.java:1129) ~[spigot-1.19.2-R0.1-SNAPSHOT.jar:3610-Spigot-6198b5a-19df23a]
	at net.minecraft.server.MinecraftServer.x(MinecraftServer.java:1122) ~[spigot-1.19.2-R0.1-SNAPSHOT.jar:3610-Spigot-6198b5a-19df23a]
	at net.minecraft.util.thread.IAsyncTaskHandler.bq(SourceFile:116) ~[spigot-1.19.2-R0.1-SNAPSHOT.jar:3610-Spigot-6198b5a-19df23a]
	at net.minecraft.server.MinecraftServer.w(MinecraftServer.java:1105) ~[spigot-1.19.2-R0.1-SNAPSHOT.jar:3610-Spigot-6198b5a-19df23a]
	at net.minecraft.server.MinecraftServer.v(MinecraftServer.java:1017) ~[spigot-1.19.2-R0.1-SNAPSHOT.jar:3610-Spigot-6198b5a-19df23a]
	at net.minecraft.server.MinecraftServer.lambda$0(MinecraftServer.java:293) ~[spigot-1.19.2-R0.1-SNAPSHOT.jar:3610-Spigot-6198b5a-19df23a]
	at java.lang.Thread.run(Thread.java:833) [?:?]
Caused by: java.lang.NullPointerException: Cannot invoke "dev.lone.LoneLibs.nbt.nbtapi.NBTFile.hasKey(String)" because the return value of "java.util.HashMap.get(Object)" is null
	at dev.lone.itemsadder.main.fQ.b(SourceFile:87) ~[?:?]
	at dev.lone.itemsadder.main.aj.onCommand(SourceFile:70) ~[?:?]
	at org.bukkit.command.PluginCommand.execute(PluginCommand.java:45) ~[spigot-api-1.19.2-R0.1-SNAPSHOT.jar:?]
	... 23 more
[17:55:36] [Server thread/INFO]: Demy___ issued server command: /iaplayerstat write Demy___ test int 10
[17:55:36] [Server thread/ERROR]: null
org.bukkit.command.CommandException: Unhandled exception executing command 'iaplayerstat' in plugin ItemsAdder v3.2.5-beta5
	at org.bukkit.command.PluginCommand.execute(PluginCommand.java:47) ~[spigot-api-1.19.2-R0.1-SNAPSHOT.jar:?]
	at org.bukkit.command.SimpleCommandMap.dispatch(SimpleCommandMap.java:149) ~[spigot-api-1.19.2-R0.1-SNAPSHOT.jar:?]
	at org.bukkit.craftbukkit.v1_19_R1.CraftServer.dispatchCommand(CraftServer.java:833) ~[spigot-1.19.2-R0.1-SNAPSHOT.jar:3610-Spigot-6198b5a-19df23a]
	at org.bukkit.craftbukkit.v1_19_R1.command.BukkitCommandWrapper.run(BukkitCommandWrapper.java:50) ~[spigot-1.19.2-R0.1-SNAPSHOT.jar:3610-Spigot-6198b5a-19df23a]
	at com.mojang.brigadier.CommandDispatcher.execute(CommandDispatcher.java:264) ~[spigot-1.19.2-R0.1-SNAPSHOT.jar:?]
	at net.minecraft.commands.CommandDispatcher.performCommand(CommandDispatcher.java:298) ~[spigot-1.19.2-R0.1-SNAPSHOT.jar:3610-Spigot-6198b5a-19df23a]
	at net.minecraft.commands.CommandDispatcher.a(CommandDispatcher.java:282) ~[spigot-1.19.2-R0.1-SNAPSHOT.jar:3610-Spigot-6198b5a-19df23a]
	at net.minecraft.server.network.PlayerConnection.b(PlayerConnection.java:1949) ~[spigot-1.19.2-R0.1-SNAPSHOT.jar:3610-Spigot-6198b5a-19df23a]
	at net.minecraft.server.network.PlayerConnection.lambda$18(PlayerConnection.java:1914) ~[spigot-1.19.2-R0.1-SNAPSHOT.jar:3610-Spigot-6198b5a-19df23a]
	at net.minecraft.util.thread.IAsyncTaskHandler.b(SourceFile:68) ~[spigot-1.19.2-R0.1-SNAPSHOT.jar:3610-Spigot-6198b5a-19df23a]
	at java.util.concurrent.CompletableFuture$AsyncSupply.run(CompletableFuture.java:1768) ~[?:?]
	at net.minecraft.server.TickTask.run(SourceFile:18) ~[spigot-1.19.2-R0.1-SNAPSHOT.jar:3610-Spigot-6198b5a-19df23a]
	at net.minecraft.util.thread.IAsyncTaskHandler.d(SourceFile:157) ~[spigot-1.19.2-R0.1-SNAPSHOT.jar:3610-Spigot-6198b5a-19df23a]
	at net.minecraft.util.thread.IAsyncTaskHandlerReentrant.d(SourceFile:23) ~[spigot-1.19.2-R0.1-SNAPSHOT.jar:3610-Spigot-6198b5a-19df23a]
	at net.minecraft.server.MinecraftServer.b(MinecraftServer.java:1150) ~[spigot-1.19.2-R0.1-SNAPSHOT.jar:3610-Spigot-6198b5a-19df23a]
	at net.minecraft.server.MinecraftServer.d(MinecraftServer.java:1) ~[spigot-1.19.2-R0.1-SNAPSHOT.jar:3610-Spigot-6198b5a-19df23a]
	at net.minecraft.util.thread.IAsyncTaskHandler.x(SourceFile:131) ~[spigot-1.19.2-R0.1-SNAPSHOT.jar:3610-Spigot-6198b5a-19df23a]
	at net.minecraft.server.MinecraftServer.bh(MinecraftServer.java:1129) ~[spigot-1.19.2-R0.1-SNAPSHOT.jar:3610-Spigot-6198b5a-19df23a]
	at net.minecraft.server.MinecraftServer.x(MinecraftServer.java:1122) ~[spigot-1.19.2-R0.1-SNAPSHOT.jar:3610-Spigot-6198b5a-19df23a]
	at net.minecraft.util.thread.IAsyncTaskHandler.c(SourceFile:140) ~[spigot-1.19.2-R0.1-SNAPSHOT.jar:3610-Spigot-6198b5a-19df23a]
	at net.minecraft.server.MinecraftServer.w(MinecraftServer.java:1106) ~[spigot-1.19.2-R0.1-SNAPSHOT.jar:3610-Spigot-6198b5a-19df23a]
	at net.minecraft.server.MinecraftServer.v(MinecraftServer.java:1017) ~[spigot-1.19.2-R0.1-SNAPSHOT.jar:3610-Spigot-6198b5a-19df23a]
	at net.minecraft.server.MinecraftServer.lambda$0(MinecraftServer.java:293) ~[spigot-1.19.2-R0.1-SNAPSHOT.jar:3610-Spigot-6198b5a-19df23a]
	at java.lang.Thread.run(Thread.java:833) [?:?]
Caused by: java.lang.NullPointerException: Cannot invoke "dev.lone.LoneLibs.nbt.nbtapi.NBTFile.hasKey(String)" because the return value of "java.util.HashMap.get(Object)" is null
	at dev.lone.itemsadder.main.fQ.b(SourceFile:87) ~[?:?]
	at dev.lone.itemsadder.main.aj.onCommand(SourceFile:70) ~[?:?]
	at org.bukkit.command.PluginCommand.execute(PluginCommand.java:45) ~[spigot-api-1.19.2-R0.1-SNAPSHOT.jar:?]
	... 23 more
[18:02:45] [Server thread/INFO]: Demy___ issued server command: /reload
[18:02:45] [Server thread/INFO]: Demy___: Please note that this command is not supported and may cause issues when using some plugins.
[18:02:45] [Server thread/INFO]: Demy___: If you encounter any issues please use the /stop command to restart your server.
[18:02:45] [Server thread/INFO]: Debug logging is disabled
[18:02:45] [Server thread/INFO]: Server Ping Player Sample Count: 12
[18:02:45] [Server thread/INFO]: Using 4 threads for Netty based IO
[18:02:45] [Server thread/INFO]: -------- World Settings For [world] --------
[18:02:45] [Server thread/INFO]: Simulation Distance: 10
[18:02:45] [Server thread/INFO]: View Distance: 10
[18:02:45] [Server thread/INFO]: Allow Zombie Pigmen to spawn from portal blocks: true
[18:02:45] [Server thread/INFO]: Item Despawn Rate: 6000
[18:02:45] [Server thread/INFO]: Item Merge Radius: 2.5
[18:02:45] [Server thread/INFO]: Nerfing mobs spawned from spawners: false
[18:02:45] [Server thread/INFO]: Zombie Aggressive Towards Villager: true
[18:02:45] [Server thread/INFO]: Mob Spawn Range: 6
[18:02:45] [Server thread/INFO]: Experience Merge Radius: 3.0
[18:02:45] [Server thread/INFO]: Entity Activation Range: An 32 / Mo 32 / Ra 48 / Mi 16 / Tiv true / Isa false
[18:02:45] [Server thread/INFO]: Cactus Growth Modifier: 100%
[18:02:45] [Server thread/INFO]: Cane Growth Modifier: 100%
[18:02:45] [Server thread/INFO]: Melon Growth Modifier: 100%
[18:02:45] [Server thread/INFO]: Mushroom Growth Modifier: 100%
[18:02:45] [Server thread/INFO]: Pumpkin Growth Modifier: 100%
[18:02:45] [Server thread/INFO]: Sapling Growth Modifier: 100%
[18:02:45] [Server thread/INFO]: Beetroot Growth Modifier: 100%
[18:02:45] [Server thread/INFO]: Carrot Growth Modifier: 100%
[18:02:45] [Server thread/INFO]: Potato Growth Modifier: 100%
[18:02:45] [Server thread/INFO]: Wheat Growth Modifier: 100%
[18:02:45] [Server thread/INFO]: NetherWart Growth Modifier: 100%
[18:02:45] [Server thread/INFO]: Vine Growth Modifier: 100%
[18:02:45] [Server thread/INFO]: Cocoa Growth Modifier: 100%
[18:02:45] [Server thread/INFO]: Bamboo Growth Modifier: 100%
[18:02:45] [Server thread/INFO]: SweetBerry Growth Modifier: 100%
[18:02:45] [Server thread/INFO]: Kelp Growth Modifier: 100%
[18:02:45] [Server thread/INFO]: TwistingVines Growth Modifier: 100%
[18:02:45] [Server thread/INFO]: WeepingVines Growth Modifier: 100%
[18:02:45] [Server thread/INFO]: CaveVines Growth Modifier: 100%
[18:02:45] [Server thread/INFO]: Entity Tracking Range: Pl 48 / An 48 / Mo 48 / Mi 32 / Other 64
[18:02:45] [Server thread/INFO]: Hopper Transfer: 8 Hopper Check: 1 Hopper Amount: 1 Hopper Can Load Chunks: false
[18:02:45] [Server thread/INFO]: Custom Map Seeds:  Village: 10387312 Desert: 14357617 Igloo: 14357618 Jungle: 14357619 Swamp: 14357620 Monument: 10387313 Ocean: 14357621 Shipwreck: 165745295 End City: 10387313 Slime: 987234911 Nether: 30084232 Mansion: 10387319 Fossil: 14357921 Portal: 34222645
[18:02:45] [Server thread/INFO]: Max TNT Explosions: 100
[18:02:45] [Server thread/INFO]: Tile Max Tick Time: 50ms Entity max Tick Time: 50ms
[18:02:45] [Server thread/INFO]: Arrow Despawn Rate: 1200 Trident Respawn Rate:1200
[18:02:45] [Server thread/INFO]: -------- World Settings For [world_nether] --------
[18:02:45] [Server thread/INFO]: Simulation Distance: 10
[18:02:45] [Server thread/INFO]: View Distance: 10
[18:02:45] [Server thread/INFO]: Allow Zombie Pigmen to spawn from portal blocks: true
[18:02:45] [Server thread/INFO]: Item Despawn Rate: 6000
[18:02:45] [Server thread/INFO]: Item Merge Radius: 2.5
[18:02:45] [Server thread/INFO]: Nerfing mobs spawned from spawners: false
[18:02:45] [Server thread/INFO]: Zombie Aggressive Towards Villager: true
[18:02:45] [Server thread/INFO]: Mob Spawn Range: 6
[18:02:45] [Server thread/INFO]: Experience Merge Radius: 3.0
[18:02:45] [Server thread/INFO]: Entity Activation Range: An 32 / Mo 32 / Ra 48 / Mi 16 / Tiv true / Isa false
[18:02:45] [Server thread/INFO]: Cactus Growth Modifier: 100%
[18:02:45] [Server thread/INFO]: Cane Growth Modifier: 100%
[18:02:45] [Server thread/INFO]: Melon Growth Modifier: 100%
[18:02:45] [Server thread/INFO]: Mushroom Growth Modifier: 100%
[18:02:45] [Server thread/INFO]: Pumpkin Growth Modifier: 100%
[18:02:45] [Server thread/INFO]: Sapling Growth Modifier: 100%
[18:02:45] [Server thread/INFO]: Beetroot Growth Modifier: 100%
[18:02:45] [Server thread/INFO]: Carrot Growth Modifier: 100%
[18:02:45] [Server thread/INFO]: Potato Growth Modifier: 100%
[18:02:45] [Server thread/INFO]: Wheat Growth Modifier: 100%
[18:02:45] [Server thread/INFO]: NetherWart Growth Modifier: 100%
[18:02:45] [Server thread/INFO]: Vine Growth Modifier: 100%
[18:02:45] [Server thread/INFO]: Cocoa Growth Modifier: 100%
[18:02:45] [Server thread/INFO]: Bamboo Growth Modifier: 100%
[18:02:45] [Server thread/INFO]: SweetBerry Growth Modifier: 100%
[18:02:45] [Server thread/INFO]: Kelp Growth Modifier: 100%
[18:02:45] [Server thread/INFO]: TwistingVines Growth Modifier: 100%
[18:02:45] [Server thread/INFO]: WeepingVines Growth Modifier: 100%
[18:02:45] [Server thread/INFO]: CaveVines Growth Modifier: 100%
[18:02:45] [Server thread/INFO]: Entity Tracking Range: Pl 48 / An 48 / Mo 48 / Mi 32 / Other 64
[18:02:45] [Server thread/INFO]: Hopper Transfer: 8 Hopper Check: 1 Hopper Amount: 1 Hopper Can Load Chunks: false
[18:02:45] [Server thread/INFO]: Custom Map Seeds:  Village: 10387312 Desert: 14357617 Igloo: 14357618 Jungle: 14357619 Swamp: 14357620 Monument: 10387313 Ocean: 14357621 Shipwreck: 165745295 End City: 10387313 Slime: 987234911 Nether: 30084232 Mansion: 10387319 Fossil: 14357921 Portal: 34222645
[18:02:45] [Server thread/INFO]: Max TNT Explosions: 100
[18:02:45] [Server thread/INFO]: Tile Max Tick Time: 50ms Entity max Tick Time: 50ms
[18:02:45] [Server thread/INFO]: Arrow Despawn Rate: 1200 Trident Respawn Rate:1200
[18:02:45] [Server thread/INFO]: -------- World Settings For [world_the_end] --------
[18:02:45] [Server thread/INFO]: Simulation Distance: 10
[18:02:45] [Server thread/INFO]: View Distance: 10
[18:02:45] [Server thread/INFO]: Allow Zombie Pigmen to spawn from portal blocks: true
[18:02:45] [Server thread/INFO]: Item Despawn Rate: 6000
[18:02:45] [Server thread/INFO]: Item Merge Radius: 2.5
[18:02:45] [Server thread/INFO]: Nerfing mobs spawned from spawners: false
[18:02:45] [Server thread/INFO]: Zombie Aggressive Towards Villager: true
[18:02:45] [Server thread/INFO]: Mob Spawn Range: 6
[18:02:45] [Server thread/INFO]: Experience Merge Radius: 3.0
[18:02:45] [Server thread/INFO]: Entity Activation Range: An 32 / Mo 32 / Ra 48 / Mi 16 / Tiv true / Isa false
[18:02:45] [Server thread/INFO]: Cactus Growth Modifier: 100%
[18:02:45] [Server thread/INFO]: Cane Growth Modifier: 100%
[18:02:45] [Server thread/INFO]: Melon Growth Modifier: 100%
[18:02:45] [Server thread/INFO]: Mushroom Growth Modifier: 100%
[18:02:45] [Server thread/INFO]: Pumpkin Growth Modifier: 100%
[18:02:45] [Server thread/INFO]: Sapling Growth Modifier: 100%
[18:02:45] [Server thread/INFO]: Beetroot Growth Modifier: 100%
[18:02:45] [Server thread/INFO]: Carrot Growth Modifier: 100%
[18:02:45] [Server thread/INFO]: Potato Growth Modifier: 100%
[18:02:45] [Server thread/INFO]: Wheat Growth Modifier: 100%
[18:02:45] [Server thread/INFO]: NetherWart Growth Modifier: 100%
[18:02:45] [Server thread/INFO]: Vine Growth Modifier: 100%
[18:02:45] [Server thread/INFO]: Cocoa Growth Modifier: 100%
[18:02:45] [Server thread/INFO]: Bamboo Growth Modifier: 100%
[18:02:45] [Server thread/INFO]: SweetBerry Growth Modifier: 100%
[18:02:45] [Server thread/INFO]: Kelp Growth Modifier: 100%
[18:02:45] [Server thread/INFO]: TwistingVines Growth Modifier: 100%
[18:02:45] [Server thread/INFO]: WeepingVines Growth Modifier: 100%
[18:02:45] [Server thread/INFO]: CaveVines Growth Modifier: 100%
[18:02:45] [Server thread/INFO]: Entity Tracking Range: Pl 48 / An 48 / Mo 48 / Mi 32 / Other 64
[18:02:45] [Server thread/INFO]: Hopper Transfer: 8 Hopper Check: 1 Hopper Amount: 1 Hopper Can Load Chunks: false
[18:02:45] [Server thread/INFO]: Custom Map Seeds:  Village: 10387312 Desert: 14357617 Igloo: 14357618 Jungle: 14357619 Swamp: 14357620 Monument: 10387313 Ocean: 14357621 Shipwreck: 165745295 End City: 10387313 Slime: 987234911 Nether: 30084232 Mansion: 10387319 Fossil: 14357921 Portal: 34222645
[18:02:45] [Server thread/INFO]: Max TNT Explosions: 100
[18:02:45] [Server thread/INFO]: Tile Max Tick Time: 50ms Entity max Tick Time: 50ms
[18:02:45] [Server thread/INFO]: Arrow Despawn Rate: 1200 Trident Respawn Rate:1200
[18:02:45] [Server thread/INFO]: -------- World Settings For [Superflat] --------
[18:02:45] [Server thread/INFO]: Simulation Distance: 10
[18:02:45] [Server thread/INFO]: View Distance: 10
[18:02:45] [Server thread/INFO]: Allow Zombie Pigmen to spawn from portal blocks: true
[18:02:45] [Server thread/INFO]: Item Despawn Rate: 6000
[18:02:45] [Server thread/INFO]: Item Merge Radius: 2.5
[18:02:45] [Server thread/INFO]: Nerfing mobs spawned from spawners: false
[18:02:45] [Server thread/INFO]: Zombie Aggressive Towards Villager: true
[18:02:45] [Server thread/INFO]: Mob Spawn Range: 6
[18:02:45] [Server thread/INFO]: Experience Merge Radius: 3.0
[18:02:45] [Server thread/INFO]: Entity Activation Range: An 32 / Mo 32 / Ra 48 / Mi 16 / Tiv true / Isa false
[18:02:45] [Server thread/INFO]: Cactus Growth Modifier: 100%
[18:02:45] [Server thread/INFO]: Cane Growth Modifier: 100%
[18:02:45] [Server thread/INFO]: Melon Growth Modifier: 100%
[18:02:45] [Server thread/INFO]: Mushroom Growth Modifier: 100%
[18:02:45] [Server thread/INFO]: Pumpkin Growth Modifier: 100%
[18:02:45] [Server thread/INFO]: Sapling Growth Modifier: 100%
[18:02:45] [Server thread/INFO]: Beetroot Growth Modifier: 100%
[18:02:45] [Server thread/INFO]: Carrot Growth Modifier: 100%
[18:02:45] [Server thread/INFO]: Potato Growth Modifier: 100%
[18:02:45] [Server thread/INFO]: Wheat Growth Modifier: 100%
[18:02:45] [Server thread/INFO]: NetherWart Growth Modifier: 100%
[18:02:45] [Server thread/INFO]: Vine Growth Modifier: 100%
[18:02:45] [Server thread/INFO]: Cocoa Growth Modifier: 100%
[18:02:45] [Server thread/INFO]: Bamboo Growth Modifier: 100%
[18:02:45] [Server thread/INFO]: SweetBerry Growth Modifier: 100%
[18:02:45] [Server thread/INFO]: Kelp Growth Modifier: 100%
[18:02:45] [Server thread/INFO]: TwistingVines Growth Modifier: 100%
[18:02:45] [Server thread/INFO]: WeepingVines Growth Modifier: 100%
[18:02:45] [Server thread/INFO]: CaveVines Growth Modifier: 100%
[18:02:45] [Server thread/INFO]: Entity Tracking Range: Pl 48 / An 48 / Mo 48 / Mi 32 / Other 64
[18:02:45] [Server thread/INFO]: Hopper Transfer: 8 Hopper Check: 1 Hopper Amount: 1 Hopper Can Load Chunks: false
[18:02:45] [Server thread/INFO]: Custom Map Seeds:  Village: 10387312 Desert: 14357617 Igloo: 14357618 Jungle: 14357619 Swamp: 14357620 Monument: 10387313 Ocean: 14357621 Shipwreck: 165745295 End City: 10387313 Slime: 987234911 Nether: 30084232 Mansion: 10387319 Fossil: 14357921 Portal: 34222645
[18:02:45] [Server thread/INFO]: Max TNT Explosions: 100
[18:02:45] [Server thread/INFO]: Tile Max Tick Time: 50ms Entity max Tick Time: 50ms
[18:02:45] [Server thread/INFO]: Arrow Despawn Rate: 1200 Trident Respawn Rate:1200
[18:02:45] [Server thread/INFO]: [CustomCrops] Disabling CustomCrops v2.1.2
[18:02:45] [Server thread/INFO]: [BlockSounds] Disabling BlockSounds v1.3
[18:02:45] [Server thread/INFO]: [BossShopPro] Disabling BossShopPro v2.1.0-SNAPSHOT
[18:02:45] [Server thread/INFO]: [BossShopPro] Disabling... bye!
[18:02:45] [Server thread/INFO]: [ItemsAdder] Disabling ItemsAdder v3.2.5-beta5
[18:02:45] [Craft Scheduler Thread - 72/INFO]: [ItemsAdder] [0m[38;5;51m[Host] Started self-host webserver on port: 8163[0m
[18:02:45] [Server thread/INFO]: [ItemJoin] Disabling ItemJoin v5.2.5-RELEASE-b850
[18:02:45] [Server thread/INFO]: [AdvancedAchievements-LuckPerms-Hook] Disabling AdvancedAchievements-LuckPerms-Hook v1.1.0
[18:02:45] [Server thread/INFO]: [TAB] Disabling TAB v3.2.1
[18:02:45] [Server thread/INFO]: [TAB] Disabled in 14ms
[18:02:45] [Server thread/INFO]: [EssentialsChat] Disabling EssentialsChat v2.17.0.0
[18:02:45] [Server thread/INFO]: [AdvancedAchievements] Disabling AdvancedAchievements v6.2.1
[18:02:45] [Server thread/INFO]: [AdvancedAchievements] Remaining requests sent to the database, plugin successfully disabled.
[18:02:45] [Server thread/INFO]: Disabling Essentials v2.19.7
[18:02:45] [Server thread/INFO]: [Vault] [Economy] Essentials Economy unhooked.
[18:02:45] [Server thread/ERROR]: Il y a de bonnes chances que vous soyez entrain de recharger votre serveur en ce moment. Si c'est le cas, pourquoi vous détestez vous-même ? N'attendez aucun support de l'équipe EssentialsX en utilisant /reload.
[18:02:45] [Server thread/INFO]: [SimpleScore] Disabling SimpleScore v3.12.2
[18:02:46] [Server thread/INFO]: [CrazyEnchantments] Disabling CrazyEnchantments v1.9.8
[18:02:46] [Server thread/INFO]: [AdvancedHelp] Disabling AdvancedHelp v1.12.7
[18:02:46] [Server thread/INFO]: [ProtocolLib] Disabling ProtocolLib v5.0.0-SNAPSHOT-b600
[18:02:46] [Server thread/ERROR]: [ProtocolLib] ????????????????????????????????????????????????????????????????????
[18:02:46] [Server thread/ERROR]: [ProtocolLib] ?                               WARNING                            ?
[18:02:46] [Server thread/ERROR]: [ProtocolLib] ?     RELOADING THE SERVER WHILE PROTOCOL LIB IS ENABLED MIGHT     ?
[18:02:46] [Server thread/ERROR]: [ProtocolLib] ?                    LEAD TO UNEXPECTED ERRORS!                    ?
[18:02:46] [Server thread/ERROR]: [ProtocolLib] ?                                                                  ?
[18:02:46] [Server thread/ERROR]: [ProtocolLib] ?     Consider to cleanly restart your server if you encounter     ?
[18:02:46] [Server thread/ERROR]: [ProtocolLib] ?    any issues related to Protocol Lib before opening an issue    ?
[18:02:46] [Server thread/ERROR]: [ProtocolLib] ?                            on GitHub!                            ?
[18:02:46] [Server thread/ERROR]: [ProtocolLib] ????????????????????????????????????????????????????????????????????
[18:02:46] [Server thread/INFO]: [Multiverse-Core] Disabling Multiverse-Core v4.3.1-b861
[18:02:46] [Server thread/INFO]: [LoneLibs] Disabling LoneLibs v1.0.21
[18:02:46] [Server thread/INFO]: [Vault] Disabling Vault v1.7.3-b131
[18:02:46] [Server thread/INFO]: [NametagEdit] Disabling NametagEdit v4.5.14
[18:02:46] [Server thread/INFO]: [PlaceholderAPI] Disabling PlaceholderAPI v2.11.2
[18:02:46] [Server thread/INFO]: [LuckPerms] Disabling LuckPerms v5.4.58
[18:02:46] [Server thread/INFO]: [LuckPerms] Starting shutdown process...
[18:02:46] [Server thread/INFO]: [LuckPerms] Closing storage...
[18:02:46] [Server thread/INFO]: [LuckPerms] Goodbye!
[18:02:47] [Server thread/INFO]: Loaded 7 recipes
[18:02:48] [Server thread/WARN]: Legacy plugin AdvancedAchievements-LuckPerms-Hook v1.1.0 does not specify an api-version.
[18:02:48] [Server thread/INFO]: [LuckPerms] Loading LuckPerms v5.4.58
[18:02:49] [Server thread/INFO]: [PlaceholderAPI] Loading PlaceholderAPI v2.11.2
[18:02:49] [Server thread/INFO]: [NametagEdit] Loading NametagEdit v4.5.14
[18:02:49] [Server thread/INFO]: [Vault] Loading Vault v1.7.3-b131
[18:02:49] [Server thread/INFO]: [LoneLibs] Loading LoneLibs v1.0.21
[18:02:49] [Server thread/INFO]: [Multiverse-Core] Loading Multiverse-Core v4.3.1-b861
[18:02:49] [Server thread/INFO]: [ProtocolLib] Loading ProtocolLib v5.0.0-SNAPSHOT-b600
[18:02:49] [Server thread/WARN]: [ProtocolLib] Version (MC: 1.19.2) has not yet been tested! Proceed with caution.
[18:02:51] [Server thread/INFO]: [AdvancedHelp] Loading AdvancedHelp v1.12.7
[18:02:51] [Server thread/INFO]: [CrazyEnchantments] Loading CrazyEnchantments v1.9.8
[18:02:51] [Server thread/INFO]: [SimpleScore] Loading SimpleScore v3.12.2
[18:02:51] [Server thread/INFO]: [Essentials] Loading Essentials v2.19.7
[18:02:51] [Server thread/INFO]: [AdvancedAchievements] Loading AdvancedAchievements v6.2.1
[18:02:51] [Server thread/INFO]: [EssentialsChat] Loading EssentialsChat v2.17.0.0
[18:02:51] [Server thread/INFO]: [TAB] Loading TAB v3.2.1
[18:02:51] [Server thread/INFO]: [AdvancedAchievements-LuckPerms-Hook] Loading AdvancedAchievements-LuckPerms-Hook v1.1.0
[18:02:51] [Server thread/INFO]: [ItemJoin] Loading ItemJoin v5.2.5-RELEASE-b850
[18:02:51] [Server thread/INFO]: [ItemsAdder] Loading ItemsAdder v3.2.5-beta5
[18:02:51] [Server thread/INFO]: [BossShopPro] Loading BossShopPro v2.1.0-SNAPSHOT
[18:02:51] [Server thread/INFO]: [BlockSounds] Loading BlockSounds v1.3
[18:02:51] [Server thread/INFO]: [CustomCrops] Loading CustomCrops v2.1.2
[18:02:51] [Server thread/INFO]: [SCore] Loading SCore v3.9.15
[18:02:51] [Server thread/INFO]: [ExecutableBlocks] Loading ExecutableBlocks v3.9.15
[18:02:51] [Server thread/INFO]: [LuckPerms] Enabling LuckPerms v5.4.58
[18:02:51] [Server thread/WARN]: [LuckPerms] Loaded class net.kyori.adventure.text.Component from SCore v3.9.15 which is not a depend or softdepend of this plugin.
[18:02:51] [Server thread/INFO]:         __    
[18:02:51] [Server thread/INFO]:   |    |__)   LuckPerms v5.4.58
[18:02:51] [Server thread/INFO]:   |___ |      Running on Bukkit - CraftBukkit
[18:02:51] [Server thread/INFO]: 
[18:02:51] [Server thread/INFO]: [LuckPerms] Loading configuration...
[18:02:52] [Server thread/INFO]: [LuckPerms] Loading storage provider... [H2]
[18:02:52] [Server thread/INFO]: [LuckPerms] Loading internal permission managers...
[18:02:53] [Server thread/INFO]: [LuckPerms] Performing initial data load...
[18:02:53] [Server thread/INFO]: [LuckPerms] Successfully enabled. (took 2176ms)
[18:02:53] [Server thread/INFO]: [Vault] Enabling Vault v1.7.3-b131
[18:02:53] [Server thread/WARN]: [Vault] Loaded class com.earth2me.essentials.api.Economy from Essentials v2.19.7 which is not a depend or softdepend of this plugin.
[18:02:53] [Server thread/INFO]: [Vault] [Economy] Essentials Economy found: Waiting
[18:02:53] [Server thread/INFO]: [Vault] [Permission] SuperPermissions loaded as backup permission system.
[18:02:53] [Server thread/INFO]: [Vault] Enabled Version 1.7.3-b131
[18:02:53] [Server thread/INFO]: [LuckPerms] Registered Vault permission & chat hook.
[18:02:53] [Server thread/INFO]: [LoneLibs] Enabling LoneLibs v1.0.21
[18:02:53] [Server thread/INFO]: [ProtocolLib] Enabling ProtocolLib v5.0.0-SNAPSHOT-b600
[18:02:53] [Server thread/INFO]: [ItemJoin] Enabling ItemJoin v5.2.5-RELEASE-b850
[18:02:53] [Server thread/INFO]: [PlaceholderAPI] Enabling PlaceholderAPI v2.11.2
[18:02:53] [Server thread/WARN]: [PlaceholderAPI] Loaded class net.kyori.adventure.text.Component from SCore v3.9.15 which is not a depend or softdepend of this plugin.
[18:02:53] [Server thread/INFO]: [PlaceholderAPI] Fetching available expansion information...
[18:02:53] [Server thread/INFO]: [NametagEdit] Enabling NametagEdit v4.5.14
[18:02:53] [Server thread/INFO]: [NametagEdit] Successfully loaded using bukkit version: v1_19_R1
[18:02:53] [Server thread/INFO]: [NametagEdit] Found LuckPerms! Hooking in.
[18:02:53] [Server thread/INFO]: [Multiverse-Core] Enabling Multiverse-Core v4.3.1-b861
[18:02:53] [Server thread/WARN]: [Multiverse-Core] "Multiverse-Core v4.3.1-b861" has registered a listener for org.bukkit.event.entity.EntityCreatePortalEvent on method "public void com.onarandombox.MultiverseCore.listeners.MVPortalListener.entityPortalCreate(org.bukkit.event.entity.EntityCreatePortalEvent)", but the event is Deprecated. "Server performance will be affected"; please notify the authors [dumptruckman, Rigby, fernferret, lithium3141, main--].
[18:02:53] [Server thread/INFO]: [Multiverse-Core] §aWe are aware of the warning about the deprecated event. There is no alternative that allows us to do what we need to do and performance impact is negligible. It is safe to ignore.
[18:02:54] [Server thread/INFO]: [Multiverse-Core] 4 - World(s) loaded.
[18:02:54] [Server thread/WARN]: [Multiverse-Core] Buscript failed to load! The script command will be disabled! If you would like not to see this message, use `/mv conf enablebuscript false` to disable Buscript from loading.
[18:02:54] [Server thread/INFO]: [Multiverse-Core] Version 4.3.1-b861 (API v24) Enabled - By dumptruckman, Rigby, fernferret, lithium3141 and main--
[18:02:54] [Server thread/INFO]: [AdvancedHelp] Enabling AdvancedHelp v1.12.7
[18:02:54] [Server thread/INFO]: [AdvancedHelp] PlaceholderAPI Hooked!
[18:02:54] [Server thread/INFO]: [AdvancedHelp] Plugin is up to date! -1.12.7
[18:02:54] [Server thread/INFO]: [AdvancedHelp] Successfully Enabled!
[18:02:54] [Server thread/INFO]: [CrazyEnchantments] Enabling CrazyEnchantments v1.9.8
[18:02:54] [Server thread/INFO]: [CrazyEnchantments] Loading the config.yml.
[18:02:54] [Server thread/INFO]: [CrazyEnchantments] Successfully loaded config.yml.
[18:02:54] [Server thread/INFO]: [CrazyEnchantments] Loading the BlockList.yml.
[18:02:54] [Server thread/INFO]: [CrazyEnchantments] Successfully loaded BlockList.yml.
[18:02:54] [Server thread/INFO]: [CrazyEnchantments] Loading the Data.yml.
[18:02:54] [Server thread/INFO]: [CrazyEnchantments] Successfully loaded Data.yml.
[18:02:54] [Server thread/INFO]: [CrazyEnchantments] Loading the Enchantments.yml.
[18:02:54] [Server thread/INFO]: [CrazyEnchantments] Successfully loaded Enchantments.yml.
[18:02:54] [Server thread/INFO]: [CrazyEnchantments] Loading the GKitz.yml.
[18:02:54] [Server thread/INFO]: [CrazyEnchantments] Successfully loaded GKitz.yml.
[18:02:54] [Server thread/INFO]: [CrazyEnchantments] Loading the Messages.yml.
[18:02:54] [Server thread/INFO]: [CrazyEnchantments] Successfully loaded Messages.yml.
[18:02:54] [Server thread/INFO]: [CrazyEnchantments] Loading the Enchantment-Types.yml.
[18:02:54] [Server thread/INFO]: [CrazyEnchantments] Successfully loaded Enchantment-Types.yml.
[18:02:54] [Server thread/INFO]: [CrazyEnchantments] Loading the Tinker.yml.
[18:02:54] [Server thread/INFO]: [CrazyEnchantments] Successfully loaded Tinker.yml.
[18:02:54] [Server thread/INFO]: [CrazyEnchantments] §8§l=== §e§lCrazyEnchantment Hook Status §8§l===
[18:02:54] [Server thread/INFO]: [CrazyEnchantments] §6§lSILK_SPAWNERS_V2 §c§lNOT FOUND
[18:02:54] [Server thread/INFO]: [CrazyEnchantments] §6§lNO_CHEAT_PLUS §c§lNOT FOUND
[18:02:54] [Server thread/INFO]: [CrazyEnchantments] §6§lTOWNYADVANCED §c§lNOT FOUND
[18:02:54] [Server thread/INFO]: [CrazyEnchantments] §6§lSPARTAN §c§lNOT FOUND
[18:02:54] [Server thread/INFO]: [CrazyEnchantments] §6§lMCMMO §c§lNOT FOUND
[18:02:54] [Server thread/INFO]: [CrazyEnchantments] §6§lWORLDGUARD §c§lNOT FOUND
[18:02:54] [Server thread/INFO]: [CrazyEnchantments] §6§lGRIEF_PREVENTION §c§lNOT FOUND
[18:02:54] [Server thread/INFO]: [CrazyEnchantments] §6§lPLOT_SQUARED §c§lNOT FOUND
[18:02:54] [Server thread/INFO]: [CrazyEnchantments] §6§lSUPERIORSKYBLOCK §c§lNOT FOUND
[18:02:54] [Server thread/INFO]: [CrazyEnchantments] §6§lWORLDEDIT §c§lNOT FOUND
[18:02:54] [Server thread/INFO]: [CrazyEnchantments] §6§lVAULT §a§lFOUND
[18:02:54] [Server thread/INFO]: [CrazyEnchantments] §6§lFACTIONS_UUID §c§lNOT FOUND
[18:02:54] [Server thread/INFO]: [CrazyEnchantments] §6§lSILK_SPAWNERS §c§lNOT FOUND
[18:02:54] [Server thread/INFO]: [CrazyEnchantments] §6§lORAXEN §c§lNOT FOUND
[18:02:54] [Server thread/INFO]: [NBTAPI] Found Spigot: v1_19_R1! Trying to find NMS support
[18:02:54] [Server thread/INFO]: [NBTAPI] NMS support 'MC1_19_R1' loaded!
[18:02:54] [Server thread/INFO]: [NBTAPI] Found Gson: class com.google.gson.Gson
[18:02:54] [Thread-144/INFO]: [NBTAPI] The NBT-API seems to be up-to-date!
[18:02:54] [Server thread/INFO]: [CrazyEnchantments] G-Kitz support is now enabled.
[18:02:54] [Server thread/INFO]: [SimpleScore] Enabling SimpleScore v3.12.2
[18:02:55] [Server thread/INFO]: [PlaceholderAPI] Successfully registered expansion: SimpleScore [3.12.2]
[18:02:55] [Server thread/INFO]: [Essentials] Enabling Essentials v2.19.7
[18:02:55] [Server thread/INFO]: You are running a server with limited API functionality. EssentialsX will still work, but certain features may be disabled.
[18:02:55] [Server thread/WARN]: §4Version mismatch! Please update EssentialsChat to the same version.
[18:02:55] [Server thread/INFO]: Attempting to convert old kits in config.yml to new kits.yml
[18:02:55] [Server thread/INFO]: No kits found to migrate.
[18:02:55] [Server thread/INFO]: Loaded 38132 items from items.json.
[18:02:55] [Server thread/INFO]: Using locale fr_FR
[18:02:55] [Server thread/INFO]: ServerListPingEvent: Spigot iterator API
[18:02:55] [Server thread/INFO]: Starting Metrics. Opt-out using the global bStats config.
[18:02:55] [Server thread/INFO]: [Vault] [Economy] Essentials Economy hooked.
[18:02:55] [Server thread/INFO]: Using Vault based permissions (LuckPerms)
[18:02:55] [Server thread/INFO]: [AdvancedAchievements] Enabling AdvancedAchievements v6.2.1
[18:02:56] [Server thread/INFO]: [AdvancedAchievements] Loading and backing up configuration files...
[18:02:56] [Server thread/WARN]: [AdvancedAchievements] Overriding configuration: disabling PetMasterGive and PetMasterReceive categories.
[18:02:56] [Server thread/WARN]: [AdvancedAchievements] Ensure you have placed Pet Master with a minimum version of 1.4 in your plugins folder or add PetMasterGive and PetMasterReceive to the DisabledCategories list in config.yml.
[18:02:56] [Server thread/INFO]: [AdvancedAchievements] Loaded 58 achievements in 48 categories.
[18:02:56] [Server thread/INFO]: [AdvancedAchievements] 3 disabled categories: [PetMasterGive, PetMasterReceive, AdvancementsCompleted]
[18:02:56] [Server thread/INFO]: [AdvancedAchievements] Registering event listeners...
[18:02:56] [Server thread/INFO]: [AdvancedAchievements] Initialising database...
[18:02:56] [Server thread/INFO]: [AdvancedAchievements] Setting up command executor and custom tab completers...
[18:02:56] [Server thread/INFO]: [AdvancedAchievements] Launching scheduled tasks...
[18:02:56] [Server thread/INFO]: [AdvancedAchievements] Registering permissions...
[18:02:56] [Thread-149/INFO]: [AdvancedAchievements] Checking for plugin update...
[18:02:56] [Server thread/INFO]: [PlaceholderAPI] Successfully registered expansion: aach [6.2.1]
[18:02:56] [Server thread/INFO]: [AdvancedAchievements] Plugin has finished loading and is ready to run! Took 619ms.
[18:02:56] [Server thread/INFO]: [EssentialsChat] Enabling EssentialsChat v2.17.0.0
[18:02:56] [Server thread/WARN]: [EssentialsChat] §4Versions différentes ! Veuillez mettre à jour tous les jars Essentials à la même version.
[18:02:56] [Server thread/ERROR]: Error occurred while enabling EssentialsChat v2.17.0.0 (Is it up to date?)
java.lang.NoClassDefFoundError: com/earth2me/essentials/metrics/Metrics
	at com.earth2me.essentials.chat.EssentialsChat.onEnable(EssentialsChat.java:43) ~[?:?]
	at org.bukkit.plugin.java.JavaPlugin.setEnabled(JavaPlugin.java:264) ~[spigot-api-1.19.2-R0.1-SNAPSHOT.jar:?]
	at org.bukkit.plugin.java.JavaPluginLoader.enablePlugin(JavaPluginLoader.java:342) ~[spigot-api-1.19.2-R0.1-SNAPSHOT.jar:?]
	at org.bukkit.plugin.SimplePluginManager.enablePlugin(SimplePluginManager.java:480) ~[spigot-api-1.19.2-R0.1-SNAPSHOT.jar:?]
	at org.bukkit.craftbukkit.v1_19_R1.CraftServer.enablePlugin(CraftServer.java:525) ~[spigot-1.19.2-R0.1-SNAPSHOT.jar:3610-Spigot-6198b5a-19df23a]
	at org.bukkit.craftbukkit.v1_19_R1.CraftServer.enablePlugins(CraftServer.java:439) ~[spigot-1.19.2-R0.1-SNAPSHOT.jar:3610-Spigot-6198b5a-19df23a]
	at org.bukkit.craftbukkit.v1_19_R1.CraftServer.reload(CraftServer.java:924) ~[spigot-1.19.2-R0.1-SNAPSHOT.jar:3610-Spigot-6198b5a-19df23a]
	at org.bukkit.Bukkit.reload(Bukkit.java:802) ~[spigot-api-1.19.2-R0.1-SNAPSHOT.jar:?]
	at org.bukkit.command.defaults.ReloadCommand.execute(ReloadCommand.java:27) ~[spigot-api-1.19.2-R0.1-SNAPSHOT.jar:?]
	at org.bukkit.command.SimpleCommandMap.dispatch(SimpleCommandMap.java:149) ~[spigot-api-1.19.2-R0.1-SNAPSHOT.jar:?]
	at org.bukkit.craftbukkit.v1_19_R1.CraftServer.dispatchCommand(CraftServer.java:833) ~[spigot-1.19.2-R0.1-SNAPSHOT.jar:3610-Spigot-6198b5a-19df23a]
	at org.bukkit.craftbukkit.v1_19_R1.command.BukkitCommandWrapper.run(BukkitCommandWrapper.java:50) ~[spigot-1.19.2-R0.1-SNAPSHOT.jar:3610-Spigot-6198b5a-19df23a]
	at com.mojang.brigadier.CommandDispatcher.execute(CommandDispatcher.java:264) ~[spigot-1.19.2-R0.1-SNAPSHOT.jar:?]
	at net.minecraft.commands.CommandDispatcher.performCommand(CommandDispatcher.java:298) ~[spigot-1.19.2-R0.1-SNAPSHOT.jar:3610-Spigot-6198b5a-19df23a]
	at net.minecraft.commands.CommandDispatcher.a(CommandDispatcher.java:282) ~[spigot-1.19.2-R0.1-SNAPSHOT.jar:3610-Spigot-6198b5a-19df23a]
	at net.minecraft.server.network.PlayerConnection.b(PlayerConnection.java:1949) ~[spigot-1.19.2-R0.1-SNAPSHOT.jar:3610-Spigot-6198b5a-19df23a]
	at net.minecraft.server.network.PlayerConnection.lambda$18(PlayerConnection.java:1914) ~[spigot-1.19.2-R0.1-SNAPSHOT.jar:3610-Spigot-6198b5a-19df23a]
	at net.minecraft.util.thread.IAsyncTaskHandler.b(SourceFile:68) ~[spigot-1.19.2-R0.1-SNAPSHOT.jar:3610-Spigot-6198b5a-19df23a]
	at java.util.concurrent.CompletableFuture$AsyncSupply.run(CompletableFuture.java:1768) ~[?:?]
	at net.minecraft.server.TickTask.run(SourceFile:18) ~[spigot-1.19.2-R0.1-SNAPSHOT.jar:3610-Spigot-6198b5a-19df23a]
	at net.minecraft.util.thread.IAsyncTaskHandler.d(SourceFile:157) ~[spigot-1.19.2-R0.1-SNAPSHOT.jar:3610-Spigot-6198b5a-19df23a]
	at net.minecraft.util.thread.IAsyncTaskHandlerReentrant.d(SourceFile:23) ~[spigot-1.19.2-R0.1-SNAPSHOT.jar:3610-Spigot-6198b5a-19df23a]
	at net.minecraft.server.MinecraftServer.b(MinecraftServer.java:1150) ~[spigot-1.19.2-R0.1-SNAPSHOT.jar:3610-Spigot-6198b5a-19df23a]
	at net.minecraft.server.MinecraftServer.d(MinecraftServer.java:1) ~[spigot-1.19.2-R0.1-SNAPSHOT.jar:3610-Spigot-6198b5a-19df23a]
	at net.minecraft.util.thread.IAsyncTaskHandler.x(SourceFile:131) ~[spigot-1.19.2-R0.1-SNAPSHOT.jar:3610-Spigot-6198b5a-19df23a]
	at net.minecraft.server.MinecraftServer.bh(MinecraftServer.java:1129) ~[spigot-1.19.2-R0.1-SNAPSHOT.jar:3610-Spigot-6198b5a-19df23a]
	at net.minecraft.server.MinecraftServer.x(MinecraftServer.java:1122) ~[spigot-1.19.2-R0.1-SNAPSHOT.jar:3610-Spigot-6198b5a-19df23a]
	at net.minecraft.util.thread.IAsyncTaskHandler.c(SourceFile:140) ~[spigot-1.19.2-R0.1-SNAPSHOT.jar:3610-Spigot-6198b5a-19df23a]
	at net.minecraft.server.MinecraftServer.w(MinecraftServer.java:1106) ~[spigot-1.19.2-R0.1-SNAPSHOT.jar:3610-Spigot-6198b5a-19df23a]
	at net.minecraft.server.MinecraftServer.v(MinecraftServer.java:1017) ~[spigot-1.19.2-R0.1-SNAPSHOT.jar:3610-Spigot-6198b5a-19df23a]
	at net.minecraft.server.MinecraftServer.lambda$0(MinecraftServer.java:293) ~[spigot-1.19.2-R0.1-SNAPSHOT.jar:3610-Spigot-6198b5a-19df23a]
	at java.lang.Thread.run(Thread.java:833) [?:?]
Caused by: java.lang.ClassNotFoundException: com.earth2me.essentials.metrics.Metrics
	at org.bukkit.plugin.java.PluginClassLoader.loadClass0(PluginClassLoader.java:147) ~[spigot-api-1.19.2-R0.1-SNAPSHOT.jar:?]
	at org.bukkit.plugin.java.PluginClassLoader.loadClass(PluginClassLoader.java:99) ~[spigot-api-1.19.2-R0.1-SNAPSHOT.jar:?]
	at java.lang.ClassLoader.loadClass(ClassLoader.java:520) ~[?:?]
	... 32 more
[18:02:56] [Server thread/INFO]: [TAB] Enabling TAB v3.2.1
[18:02:56] [Server thread/INFO]: [TAB] Server version: 1.19.2 (v1_19_R1)
[18:02:56] [Server thread/INFO]: [TAB] Loaded NMS hook in 16ms
[18:02:56] [Thread-149/WARN]: [AdvancedAchievements] Update available: v8.0.2! Download at spigotmc.org/resources/advanced-achievements.83466
[18:02:56] [Server thread/WARN]: [TAB] Loaded class net.kyori.adventure.text.minimessage.MiniMessage from SCore v3.9.15 which is not a depend or softdepend of this plugin.
[18:02:56] [Server thread/WARN]: [ProtocolLib] Loaded class net.kyori.adventure.text.Component from SCore v3.9.15 which is not a depend or softdepend of this plugin.
[18:02:56] [Server thread/INFO]: [TAB] Enabled in 275ms
[18:02:56] [Server thread/INFO]: [AdvancedAchievements-LuckPerms-Hook] Enabling AdvancedAchievements-LuckPerms-Hook v1.1.0
[18:02:56] [Server thread/INFO]: [AdvancedAchievements-LuckPerms-Hook] Preparing configuration...
[18:02:56] [Server thread/INFO]: [AdvancedAchievements-LuckPerms-Hook] Checking required plugins are installed and enabled, please wait...
[18:02:56] [Server thread/INFO]: [AdvancedAchievements-LuckPerms-Hook] Checking Plugin AdvancedAchievements
[18:02:56] [Server thread/INFO]: [AdvancedAchievements-LuckPerms-Hook] Plugin AdvancedAchievements is ok!
[18:02:56] [Server thread/INFO]: [AdvancedAchievements-LuckPerms-Hook] Checking Plugin LuckPerms
[18:02:56] [Server thread/INFO]: [AdvancedAchievements-LuckPerms-Hook] Plugin LuckPerms is ok!
[18:02:56] [Server thread/ERROR]: Error occurred while enabling AdvancedAchievements-LuckPerms-Hook v1.1.0 (Is it up to date?)
java.lang.NoClassDefFoundError: me/lucko/luckperms/api/LuckPermsApi
	at com.algorithmjunkie.mc.aalphook.AALPHookPlugin$onEnable$2.invoke(AALPHookPlugin.kt:39) ~[?:?]
	at com.algorithmjunkie.mc.aalphook.AALPHookPlugin$onEnable$2.invoke(AALPHookPlugin.kt:14) ~[?:?]
	at com.algorithmjunkie.mc.aalphook.AALPHookPlugin.checkPlugin(AALPHookPlugin.kt:64) ~[?:?]
	at com.algorithmjunkie.mc.aalphook.AALPHookPlugin.onEnable(AALPHookPlugin.kt:38) ~[?:?]
	at org.bukkit.plugin.java.JavaPlugin.setEnabled(JavaPlugin.java:264) ~[spigot-api-1.19.2-R0.1-SNAPSHOT.jar:?]
	at org.bukkit.plugin.java.JavaPluginLoader.enablePlugin(JavaPluginLoader.java:342) ~[spigot-api-1.19.2-R0.1-SNAPSHOT.jar:?]
	at org.bukkit.plugin.SimplePluginManager.enablePlugin(SimplePluginManager.java:480) ~[spigot-api-1.19.2-R0.1-SNAPSHOT.jar:?]
	at org.bukkit.craftbukkit.v1_19_R1.CraftServer.enablePlugin(CraftServer.java:525) ~[spigot-1.19.2-R0.1-SNAPSHOT.jar:3610-Spigot-6198b5a-19df23a]
	at org.bukkit.craftbukkit.v1_19_R1.CraftServer.enablePlugins(CraftServer.java:439) ~[spigot-1.19.2-R0.1-SNAPSHOT.jar:3610-Spigot-6198b5a-19df23a]
	at org.bukkit.craftbukkit.v1_19_R1.CraftServer.reload(CraftServer.java:924) ~[spigot-1.19.2-R0.1-SNAPSHOT.jar:3610-Spigot-6198b5a-19df23a]
	at org.bukkit.Bukkit.reload(Bukkit.java:802) ~[spigot-api-1.19.2-R0.1-SNAPSHOT.jar:?]
	at org.bukkit.command.defaults.ReloadCommand.execute(ReloadCommand.java:27) ~[spigot-api-1.19.2-R0.1-SNAPSHOT.jar:?]
	at org.bukkit.command.SimpleCommandMap.dispatch(SimpleCommandMap.java:149) ~[spigot-api-1.19.2-R0.1-SNAPSHOT.jar:?]
	at org.bukkit.craftbukkit.v1_19_R1.CraftServer.dispatchCommand(CraftServer.java:833) ~[spigot-1.19.2-R0.1-SNAPSHOT.jar:3610-Spigot-6198b5a-19df23a]
	at org.bukkit.craftbukkit.v1_19_R1.command.BukkitCommandWrapper.run(BukkitCommandWrapper.java:50) ~[spigot-1.19.2-R0.1-SNAPSHOT.jar:3610-Spigot-6198b5a-19df23a]
	at com.mojang.brigadier.CommandDispatcher.execute(CommandDispatcher.java:264) ~[spigot-1.19.2-R0.1-SNAPSHOT.jar:?]
	at net.minecraft.commands.CommandDispatcher.performCommand(CommandDispatcher.java:298) ~[spigot-1.19.2-R0.1-SNAPSHOT.jar:3610-Spigot-6198b5a-19df23a]
	at net.minecraft.commands.CommandDispatcher.a(CommandDispatcher.java:282) ~[spigot-1.19.2-R0.1-SNAPSHOT.jar:3610-Spigot-6198b5a-19df23a]
	at net.minecraft.server.network.PlayerConnection.b(PlayerConnection.java:1949) ~[spigot-1.19.2-R0.1-SNAPSHOT.jar:3610-Spigot-6198b5a-19df23a]
	at net.minecraft.server.network.PlayerConnection.lambda$18(PlayerConnection.java:1914) ~[spigot-1.19.2-R0.1-SNAPSHOT.jar:3610-Spigot-6198b5a-19df23a]
	at net.minecraft.util.thread.IAsyncTaskHandler.b(SourceFile:68) ~[spigot-1.19.2-R0.1-SNAPSHOT.jar:3610-Spigot-6198b5a-19df23a]
	at java.util.concurrent.CompletableFuture$AsyncSupply.run(CompletableFuture.java:1768) ~[?:?]
	at net.minecraft.server.TickTask.run(SourceFile:18) ~[spigot-1.19.2-R0.1-SNAPSHOT.jar:3610-Spigot-6198b5a-19df23a]
	at net.minecraft.util.thread.IAsyncTaskHandler.d(SourceFile:157) ~[spigot-1.19.2-R0.1-SNAPSHOT.jar:3610-Spigot-6198b5a-19df23a]
	at net.minecraft.util.thread.IAsyncTaskHandlerReentrant.d(SourceFile:23) ~[spigot-1.19.2-R0.1-SNAPSHOT.jar:3610-Spigot-6198b5a-19df23a]
	at net.minecraft.server.MinecraftServer.b(MinecraftServer.java:1150) ~[spigot-1.19.2-R0.1-SNAPSHOT.jar:3610-Spigot-6198b5a-19df23a]
	at net.minecraft.server.MinecraftServer.d(MinecraftServer.java:1) ~[spigot-1.19.2-R0.1-SNAPSHOT.jar:3610-Spigot-6198b5a-19df23a]
	at net.minecraft.util.thread.IAsyncTaskHandler.x(SourceFile:131) ~[spigot-1.19.2-R0.1-SNAPSHOT.jar:3610-Spigot-6198b5a-19df23a]
	at net.minecraft.server.MinecraftServer.bh(MinecraftServer.java:1129) ~[spigot-1.19.2-R0.1-SNAPSHOT.jar:3610-Spigot-6198b5a-19df23a]
	at net.minecraft.server.MinecraftServer.x(MinecraftServer.java:1122) ~[spigot-1.19.2-R0.1-SNAPSHOT.jar:3610-Spigot-6198b5a-19df23a]
	at net.minecraft.util.thread.IAsyncTaskHandler.c(SourceFile:140) ~[spigot-1.19.2-R0.1-SNAPSHOT.jar:3610-Spigot-6198b5a-19df23a]
	at net.minecraft.server.MinecraftServer.w(MinecraftServer.java:1106) ~[spigot-1.19.2-R0.1-SNAPSHOT.jar:3610-Spigot-6198b5a-19df23a]
	at net.minecraft.server.MinecraftServer.v(MinecraftServer.java:1017) ~[spigot-1.19.2-R0.1-SNAPSHOT.jar:3610-Spigot-6198b5a-19df23a]
	at net.minecraft.server.MinecraftServer.lambda$0(MinecraftServer.java:293) ~[spigot-1.19.2-R0.1-SNAPSHOT.jar:3610-Spigot-6198b5a-19df23a]
	at java.lang.Thread.run(Thread.java:833) [?:?]
Caused by: java.lang.ClassNotFoundException: me.lucko.luckperms.api.LuckPermsApi
	at org.bukkit.plugin.java.PluginClassLoader.loadClass0(PluginClassLoader.java:147) ~[spigot-api-1.19.2-R0.1-SNAPSHOT.jar:?]
	at org.bukkit.plugin.java.PluginClassLoader.loadClass(PluginClassLoader.java:99) ~[spigot-api-1.19.2-R0.1-SNAPSHOT.jar:?]
	at java.lang.ClassLoader.loadClass(ClassLoader.java:520) ~[?:?]
	... 35 more
[18:02:56] [Server thread/INFO]: [ItemsAdder] Enabling ItemsAdder v3.2.5-beta5
[18:02:56] [Server thread/INFO]: [NBTAPI] Found Spigot: v1_19_R1! Trying to find NMS support
[18:02:56] [Server thread/INFO]: [NBTAPI] NMS support 'MC1_19_R1' loaded!
[18:02:56] [Server thread/INFO]: [NBTAPI] Found Gson: class com.google.gson.Gson
[18:02:57] [Server thread/WARN]: [LoneLibs] Loaded class net.kyori.adventure.text.Component from SCore v3.9.15 which is not a depend or softdepend of this plugin.
[18:02:57] [Server thread/INFO]: [ItemsAdder] [0m[38;5;51m
[38;5;51m  ___  ___        __        __   __   ___  __  [38;5;2m    ItemsAdder[38;5;246m 3.2.5-beta5
[38;5;51m|  |  |__   |\/| /__`  /\  |  \ |  \ |__  |__) [38;5;2m    LoneLibs[38;5;246m 1.0.21
[38;5;51m|  |  |___  |  | .__/ /--\ |__/ |__/ |___ |  \ [38;5;8m    CraftBukkit 3610-Spigot-6198b5a-19df23a (MC: 1.19.2)
[38;5;51m                                               [0m
[18:02:57] [Server thread/ERROR]: [ItemsAdder] [0m[38;5;9mYOU RELOADED THE PLUGIN/SERVER, this may cause bugs.[0m
[18:02:57] [Server thread/ERROR]: [ItemsAdder] [0m[38;5;8mPlease use [38;5;51m/iareload[38;5;8m to reload configurations.[0m
[18:02:57] [Server thread/ERROR]: [ItemsAdder] [0m[38;5;8mPlease [38;5;51mrestart the server[38;5;8m if you want to update the plugin jar.

[0m
[18:02:57] [Server thread/INFO]: [ItemsAdder] [0m[38;5;11mLightAPI not installed, please install it to see blocks emitting light: [38;5;51mhttps://a.devs.beer/lightapi-new[0m
[18:02:57] [Server thread/INFO]: [BossShopPro] Enabling BossShopPro v2.1.0-SNAPSHOT
[18:02:57] [Server thread/INFO]: [BossShopPro] Loading data...
[18:02:57] [Server thread/INFO]: [BossShopPro] Hooked into PlaceholderAPI.
[18:02:57] [Server thread/INFO]: [BlockSounds] Enabling BlockSounds v1.3
[18:02:57] [Server thread/INFO]: [CustomCrops] Enabling CustomCrops v2.1.2
[18:02:58] [Server thread/INFO]: [CustomCrops] Running on 3610-Spigot-6198b5a-19df23a (MC: 1.19.2)
[18:02:58] [Server thread/INFO]: [CustomCrops] Custom Item Plugin Platform: ItemsAdder
[18:02:58] [Server thread/INFO]: [CustomCrops] Crop Mode: Tripwire
[18:02:58] [Server thread/INFO]: [CustomCrops] Loaded 13 crops
[18:02:58] [Server thread/INFO]: [CustomCrops] Loaded 15 fertilizers
[18:02:58] [Server thread/INFO]: [CustomCrops] Loaded 3 sprinklers
[18:02:58] [Server thread/INFO]: [CustomCrops] Loaded 4 watering cans
[18:02:58] [Server thread/INFO]: [PlaceholderAPI] Successfully registered expansion: cseason [1.0]
[18:02:58] [Server thread/INFO]: [CustomCrops] Plugin Enabled!
[18:02:58] [Server thread/INFO]: [SCore] Enabling SCore v3.9.15
[18:02:58] [Server thread/INFO]: ================ SCore ================
[18:02:58] [Server thread/INFO]: SCore Version of the server 3610-Spigot-6198b5a-19df23a (MC: 1.19.2) !
[18:02:58] [Server thread/INFO]: SCore ExecutableBlocks hooked !
[18:02:58] [Server thread/INFO]: SCore PlaceholderAPI hooked !
[18:02:58] [Server thread/INFO]: SCore Vault hooked !
[18:02:58] [Server thread/INFO]: SCore Multiverse-Core hooked !
[18:02:58] [Server thread/INFO]: SCore ProtocolLib hooked !
[18:02:58] [Server thread/INFO]: SCore ItemsAdder hooked !
[18:02:58] [Server thread/INFO]: SCore Locale setup: EN
[18:02:58] [Server thread/INFO]: SCore Language setup on EN
[18:02:58] [Server thread/INFO]: [SCore] Update of actionbarMessage in your for the plugin > SCore in language: EN
[18:02:58] [Server thread/INFO]: [SCore] Update of actionbarEnd in your for the plugin > SCore in language: EN
[18:02:58] [Server thread/INFO]: [SCore] Update of setActionbarOn in your for the plugin > SCore in language: EN
[18:02:58] [Server thread/INFO]: [SCore] Update of setActionbarOff in your for the plugin > SCore in language: EN
[18:02:58] [Server thread/INFO]: [SCore] Update of haveActionbarOn in your for the plugin > SCore in language: EN
[18:02:58] [Server thread/INFO]: [SCore] Update of haveActionbarOff in your for the plugin > SCore in language: EN
[18:02:58] [Server thread/INFO]: [SCore] Update of errorMoneyMsg in your for the plugin > SCore in language: EN
[18:02:58] [Server thread/INFO]: [SCore] Update of newBalanceMsg in your for the plugin > SCore in language: EN
[18:02:58] [Server thread/INFO]: [SCore] Update of newBalancePositiveMsg in your for the plugin > SCore in language: EN
[18:02:58] [Server thread/INFO]: [SCore] Update of noPlayerHit in your for the plugin > SCore in language: EN
[18:02:58] [Server thread/INFO]: [SCore] Update of noEntityHit in your for the plugin > SCore in language: EN
[18:02:59] [Server thread/INFO]: [SCore] Update of damageCommandKill in your for the plugin > SCore in language: EN
[18:02:59] [Server thread/INFO]: [SCore] Update of variableValueSet in your for the plugin > SCore in language: EN
[18:02:59] [Server thread/WARN]: [SCore] Loaded class org.h2.Driver from AdvancedAchievements v6.2.1 which is not a depend or softdepend of this plugin.
[18:02:59] [Server thread/INFO]: SCore onnection to the db...
[18:02:59] [Server thread/INFO]: SCore Creating table SecurityOP if not exists...
[18:02:59] [Server thread/INFO]: SCore Creating table Commands if not exists...
[18:02:59] [Server thread/INFO]: SCore Creating table Cooldowns if not exists...
[18:02:59] [Server thread/INFO]: SCore Creating table Commands Player if not exists...
[18:02:59] [Server thread/INFO]: SCore Creating table Commands Entity if not exists...
[18:02:59] [Server thread/INFO]: SCore Creating table Commands Block if not exists...
[18:02:59] [Server thread/INFO]: SCore Creating table UsePerDay if not exists...
[18:02:59] [Server thread/ERROR]: [SCore] CANT LOAD YOUR PROJECTILES, FOLDER 'projectiles' not found !
[18:02:59] [Server thread/ERROR]: [SCore] DEFAULT PROJECTILES CREATED !
[18:03:01] [Server thread/ERROR]: [SCore] CANT LOAD YOUR VARIABLES, FOLDER 'variables' not found !
[18:03:01] [Server thread/ERROR]: [SCore] DEFAULT VARIABLES CREATED !
[18:03:01] [Server thread/INFO]: SCore SCore loaded 0 delayed commands saved
[18:03:01] [Server thread/INFO]: [PlaceholderAPI] Successfully registered expansion: SCore [1.0.0]
[18:03:01] [Server thread/INFO]: ================ SCore ================
[18:03:01] [Server thread/INFO]: [ExecutableBlocks] Enabling ExecutableBlocks v3.9.15
[18:03:01] [Server thread/INFO]: ================ ExecutableBlocks ================
[18:03:01] [Server thread/INFO]: [SCore] Update of receiveBlock in your for the plugin > ExecutableBlocks in language: EN
[18:03:01] [Server thread/INFO]: [SCore] Update of giveMessage in your for the plugin > ExecutableBlocks in language: EN
[18:03:01] [Server thread/INFO]: [SCore] Update of fullInventory in your for the plugin > ExecutableBlocks in language: EN
[18:03:01] [Server thread/INFO]: [SCore] Update of requiredLevel in your for the plugin > ExecutableBlocks in language: EN
[18:03:01] [Server thread/INFO]: [SCore] Update of notWhitelistedWorld in your for the plugin > ExecutableBlocks in language: EN
[18:03:01] [Server thread/INFO]: [SCore] Update of requiredItemsFirstPart in your for the plugin > ExecutableBlocks in language: EN
[18:03:01] [Server thread/INFO]: [SCore] Update of requiredItemsQuantity in your for the plugin > ExecutableBlocks in language: EN
[18:03:01] [Server thread/INFO]: [SCore] Update of requiredItemsSeparator in your for the plugin > ExecutableBlocks in language: EN
[18:03:01] [Server thread/INFO]: [SCore] Update of permissionMessage in your for the plugin > ExecutableBlocks in language: EN
[18:03:01] [Server thread/INFO]: ExecutableBlocks ItemsAdder hooked !
[18:03:01] [Server thread/ERROR]: [ExecutableBlocks] CANT LOAD YOUR BLOCKS, FOLDER 'blocks' not found !
[18:03:01] [Server thread/ERROR]: [ExecutableBlocks] DEFAULT BLOCKS CREATED !
[18:03:01] [Server thread/INFO]: ExecutableBlocks There are: 0 ExecutableBlock placed configs to load.
[18:03:01] [Server thread/INFO]: ExecutableBlocks 0 ExecutableBlock(s)Placed loaded !
[18:03:01] [Server thread/INFO]: ================ ExecutableBlocks ================
[18:03:01] [Server thread/INFO]: Server permissions file permissions.yml is empty, ignoring it
[18:03:01] [Server thread/INFO]: [PlaceholderAPI] Placeholder expansion registration initializing...
[18:03:01] [Server thread/INFO]: Demy___: Reload complete.
[18:03:01] [Server thread/WARN]: Can't keep up! Is the server overloaded? Running 16312ms or 326 ticks behind
[18:03:01] [Craft Scheduler Thread - 112/INFO]: [ItemJoin] Hooked into { Multiverse-Core, PlaceholderAPI, ProtocolLib, Vault }
[18:03:01] [Craft Scheduler Thread - 112/INFO]: [ItemJoin] 1 Custom item(s) loaded!
[18:03:02] [Craft Scheduler Thread - 112/WARN]: [ItemJoin] Loaded class org.h2.Driver from AdvancedAchievements v6.2.1 which is not a depend or softdepend of this plugin.
[18:03:02] [Server thread/INFO]: Essentials found a compatible payment resolution method: Vault Compatibility Layer (v1.7.3-b131)!
[18:03:02] [Server thread/INFO]: [ItemsAdder] [0m[38;5;51m[Pack] Extracting utility resource_pack assets from .jar[0m
[18:03:02] [Craft Scheduler Thread - 119/INFO]: §6Récupération des informations de version...
[18:03:02] [Craft Scheduler Thread - 121/INFO]: [ItemsAdder] [0m[38;5;10m[License] Spigot product licensed to: [38;5;51mluluxe (244044)[0m
[18:03:02] [Craft Scheduler Thread - 122/INFO]: [ItemsAdder] [0m
[0m
[ItemsAdder] [38;5;10mUPDATE available: [38;5;51mhttps://www.spigotmc.org/resources/73355/[0m
[ItemsAdder] [38;5;8mCurrent version: 3.2.5-beta5[38;5;8m | Online version: 3.3.0b-r4
[0m
[18:03:02] [Server thread/INFO]: [ItemsAdder] [0m[38;5;10m[Pack] DONE extracting utility resource_pack assets from .jar[0m
[18:03:02] [Craft Scheduler Thread - 113/INFO]: [ItemJoin] You are up to date!
[18:03:03] [Server thread/INFO]: [PlaceholderAPI] Successfully registered expansion: Advancements [1.7]
[18:03:03] [Server thread/WARN]: [PlaceholderAPI] Loaded class net.luckperms.api.LuckPerms from LuckPerms v5.4.58 which is not a depend or softdepend of this plugin.
[18:03:03] [Server thread/INFO]: [PlaceholderAPI] Successfully registered expansion: luckperms [5.4-R2]
[18:03:03] [Server thread/INFO]: 2 placeholder hook(s) registered!
[18:03:03] [Craft Scheduler Thread - 122/INFO]: [Vault] Checking for Updates ... 
[18:03:03] [Server thread/INFO]: Demy___ issued server command: /gm 1
[18:03:03] [Server thread/INFO]: Demy___ issued server command: /difficulty peaceful
[18:03:03] [Server thread/INFO]: [Demy___: The difficulty has been set to Peaceful]
[18:03:03] [Craft Scheduler Thread - 122/INFO]: [Vault] No new version available
[18:03:03] [Craft Scheduler Thread - 72/INFO]: [ItemsAdder] [0m[38;5;11mLoaded [38;5;51m224[38;5;11m items[0m
[18:03:03] [Craft Scheduler Thread - 72/INFO]: [ItemsAdder] [0m[38;5;11mUsed [38;5;51m20[38;5;11m/[38;5;51m188[38;5;11m REAL block IDs[0m
[18:03:03] [Craft Scheduler Thread - 72/INFO]: [ItemsAdder] [0m[38;5;11mUsed [38;5;51m110[38;5;11m/[38;5;51m750[38;5;11m REAL_NOTE block IDs[0m
[18:03:03] [Craft Scheduler Thread - 72/INFO]: [ItemsAdder] [0m[38;5;11mUsed [38;5;51m52[38;5;11m/[38;5;51m63[38;5;11m REAL_TRANSPARENT block IDs[0m
[18:03:03] [Craft Scheduler Thread - 72/INFO]: [ItemsAdder] [0m[38;5;11mUsed [38;5;51m0[38;5;11m/[38;5;51m127[38;5;11m REAL_WIRE block IDs[0m
[18:03:03] [Craft Scheduler Thread - 72/INFO]: [ItemsAdder] [0m[38;5;11mUsed [38;5;51m0[38;5;11m/[38;5;51m14[38;5;11m FIRE block IDs[0m
[18:03:03] [Craft Scheduler Thread - 72/INFO]: [ItemsAdder] [0m[38;5;11mUsed [38;5;51m5[38;5;11m/[38;5;51m6608[38;5;11m font_images[0m
[18:03:03] [Craft Scheduler Thread - 72/INFO]: [ItemsAdder] [0m[38;5;10m[Init] Loaded [38;5;51m3[38;5;11m categories[0m
[18:03:03] [Craft Scheduler Thread - 72/INFO]: [ItemsAdder] [0m[38;5;10m[Init] Loaded [38;5;51m224[38;5;10m items and stuff in [38;5;51m1657ms[0m
[18:03:03] [Craft Scheduler Thread - 72/INFO]: [ItemsAdder] [0m[38;5;51m[Pack] Checking resourcepack url... [0m
[18:03:03] [Craft Scheduler Thread - 119/INFO]: [BossShopPro] Loaded 5 Shops!
[18:03:03] [Craft Scheduler Thread - 119/INFO]: [ItemsAdder] [0m[38;5;10m[Pack] Resourcepack URL (self-host): http://127.0.0.1:8163/pack.zip[0m
[18:03:03] [Server thread/INFO]: [PlaceholderAPI] Successfully registered expansion: img [1.0.1]
[18:03:03] [Server thread/INFO]: [PlaceholderAPI] Successfully registered expansion: iaplayerstat [1.0.1]
[18:03:03] [Server thread/INFO]: [BlockSounds - ItemsAdder] BlockSounds have been enabled!
[18:03:07] [Server thread/INFO]: Demy___ issued server command: /pl
[18:03:42] [Server thread/INFO]: Demy___ issued server command: /executableblocks:eb
[18:03:46] [Server thread/INFO]: Demy___ issued server command: /eb help
[18:05:04] [Server thread/INFO]: Demy___ issued server command: /eb give Demy___ Free_Test
[18:05:06] [Server thread/INFO]: [NBTAPI] Found Spigot: v1_19_R1! Trying to find NMS support
[18:05:06] [Server thread/INFO]: [NBTAPI] NMS support 'MC1_19_R1' loaded!
[18:05:06] [Server thread/INFO]: [NBTAPI] Found Gson: class com.google.gson.Gson
[18:05:06] [Thread-157/INFO]: [NBTAPI] The NBT-API seems to be up-to-date!
[18:12:44] [Server thread/INFO]: Demy___ lost connection: Disconnected
[18:12:44] [Server thread/INFO]: Demy___ left the game
[18:21:44] [Server thread/INFO]: com.mojang.authlib.GameProfile@5781a125[id=<null>,name=Demy___,properties={},legacy=false] (/127.0.0.1:60138) lost connection: Disconnected
[18:21:47] [User Authenticator #3/INFO]: UUID of player Demy___ is 436d3716-30ec-4e15-b753-d52946ee5739
[18:21:49] [Server thread/INFO]: Demy___ joined the game
[18:21:50] [Server thread/INFO]: Demy___[/127.0.0.1:60156] logged in with entity id 3162 at ([Superflat]70.5583228465597, -59.0, -48.56774073873033)
[18:21:50] [Server thread/WARN]: Permissions lag notice with (LuckPermsHandler). Response took 62,820200ms. Summary: Getting group for Demy___
[18:21:55] [Server thread/WARN]: Can't keep up! Is the server overloaded? Running 5247ms or 104 ticks behind
[18:23:16] [Server thread/INFO]: Demy___ issued server command: /eb give Demy___ Free_Hut
[18:23:32] [Server thread/INFO]: Changed the block at 72, -60, -51
[18:23:32] [Server thread/INFO]: Played sound minecraft:block.stone.place to Demy___
[18:23:32] [Server thread/INFO]: Changed the block at 73, -60, -51
[18:23:32] [Server thread/INFO]: Played sound minecraft:block.stone.place to Demy___
[18:23:32] [Server thread/INFO]: Changed the block at 73, -60, -50
[18:23:32] [Server thread/INFO]: Played sound minecraft:block.stone.place to Demy___
[18:23:32] [Server thread/INFO]: Changed the block at 72, -60, -50
[18:23:32] [Server thread/INFO]: Played sound minecraft:block.stone.place to Demy___
[18:23:33] [Server thread/INFO]: Changed the block at 71, -60, -50
[18:23:33] [Server thread/INFO]: Played sound minecraft:block.stone.place to Demy___
[18:23:33] [Server thread/INFO]: Changed the block at 71, -60, -51
[18:23:33] [Server thread/INFO]: Played sound minecraft:block.stone.place to Demy___
[18:23:33] [Server thread/INFO]: Changed the block at 71, -60, -52
[18:23:33] [Server thread/INFO]: Played sound minecraft:block.stone.place to Demy___
[18:23:33] [Server thread/INFO]: Changed the block at 72, -60, -52
[18:23:33] [Server thread/INFO]: Played sound minecraft:block.stone.place to Demy___
[18:23:33] [Server thread/INFO]: Changed the block at 73, -60, -52
[18:23:33] [Server thread/INFO]: Played sound minecraft:block.stone.place to Demy___
[18:23:33] [Server thread/INFO]: Changed the block at 74, -60, -51
[18:23:33] [Server thread/INFO]: Played sound minecraft:block.stone.place to Demy___
[18:23:33] [Server thread/INFO]: Changed the block at 74, -60, -50
[18:23:33] [Server thread/INFO]: Played sound minecraft:block.stone.place to Demy___
[18:23:33] [Server thread/INFO]: Changed the block at 74, -60, -49
[18:23:33] [Server thread/INFO]: Played sound minecraft:block.stone.place to Demy___
[18:23:33] [Server thread/INFO]: Changed the block at 73, -60, -49
[18:23:33] [Server thread/INFO]: Played sound minecraft:block.stone.place to Demy___
[18:23:33] [Server thread/INFO]: Changed the block at 72, -60, -49
[18:23:33] [Server thread/INFO]: Played sound minecraft:block.stone.place to Demy___
[18:23:34] [Server thread/INFO]: Changed the block at 71, -60, -49
[18:23:34] [Server thread/INFO]: Played sound minecraft:block.stone.place to Demy___
[18:23:34] [Server thread/INFO]: Changed the block at 70, -60, -49
[18:23:34] [Server thread/INFO]: Played sound minecraft:block.stone.place to Demy___
[18:23:34] [Server thread/INFO]: Changed the block at 70, -60, -50
[18:23:34] [Server thread/INFO]: Played sound minecraft:block.stone.place to Demy___
[18:23:34] [Server thread/INFO]: Changed the block at 70, -60, -51
[18:23:34] [Server thread/INFO]: Played sound minecraft:block.stone.place to Demy___
[18:23:34] [Server thread/INFO]: Changed the block at 70, -60, -52
[18:23:34] [Server thread/INFO]: Played sound minecraft:block.stone.place to Demy___
[18:23:34] [Server thread/INFO]: Changed the block at 70, -60, -53
[18:23:34] [Server thread/INFO]: Played sound minecraft:block.stone.place to Demy___
[18:23:34] [Server thread/INFO]: Changed the block at 71, -60, -53
[18:23:34] [Server thread/INFO]: Played sound minecraft:block.stone.place to Demy___
[18:23:34] [Server thread/INFO]: Changed the block at 72, -60, -53
[18:23:34] [Server thread/INFO]: Played sound minecraft:block.stone.place to Demy___
[18:23:34] [Server thread/INFO]: Changed the block at 73, -60, -53
[18:23:34] [Server thread/INFO]: Played sound minecraft:block.stone.place to Demy___
[18:23:34] [Server thread/INFO]: Changed the block at 74, -60, -53
[18:23:34] [Server thread/INFO]: Played sound minecraft:block.stone.place to Demy___
[18:23:35] [Server thread/INFO]: Changed the block at 74, -60, -52
[18:23:35] [Server thread/INFO]: Played sound minecraft:block.stone.place to Demy___
[18:23:35] [Server thread/INFO]: Changed the block at 74, -59, -53
[18:23:35] [Server thread/INFO]: Played sound minecraft:block.wood.place to Demy___
[18:23:35] [Server thread/INFO]: Changed the block at 74, -59, -49
[18:23:35] [Server thread/INFO]: Played sound minecraft:block.wood.place to Demy___
[18:23:35] [Server thread/INFO]: Changed the block at 70, -59, -49
[18:23:35] [Server thread/INFO]: Played sound minecraft:block.wood.place to Demy___
[18:23:35] [Server thread/INFO]: Changed the block at 70, -59, -53
[18:23:35] [Server thread/INFO]: Played sound minecraft:block.wood.place to Demy___
[18:23:35] [Server thread/INFO]: Changed the block at 74, -58, -53
[18:23:35] [Server thread/INFO]: Played sound minecraft:block.wood.place to Demy___
[18:23:35] [Server thread/INFO]: Changed the block at 74, -58, -49
[18:23:35] [Server thread/INFO]: Played sound minecraft:block.wood.place to Demy___
[18:23:35] [Server thread/INFO]: Changed the block at 70, -58, -49
[18:23:35] [Server thread/INFO]: Played sound minecraft:block.wood.place to Demy___
[18:23:35] [Server thread/INFO]: Changed the block at 70, -58, -53
[18:23:35] [Server thread/INFO]: Played sound minecraft:block.wood.place to Demy___
[18:23:35] [Server thread/INFO]: Changed the block at 74, -57, -53
[18:23:35] [Server thread/INFO]: Played sound minecraft:block.wood.place to Demy___
[18:23:36] [Server thread/INFO]: Changed the block at 74, -57, -49
[18:23:36] [Server thread/INFO]: Played sound minecraft:block.wood.place to Demy___
[18:23:36] [Server thread/INFO]: Changed the block at 70, -57, -49
[18:23:36] [Server thread/INFO]: Played sound minecraft:block.wood.place to Demy___
[18:23:36] [Server thread/INFO]: Changed the block at 70, -57, -53
[18:23:36] [Server thread/INFO]: Played sound minecraft:block.wood.place to Demy___
[18:23:36] [Server thread/INFO]: Changed the block at 74, -56, -53
[18:23:36] [Server thread/INFO]: Played sound minecraft:block.wood.place to Demy___
[18:23:36] [Server thread/INFO]: Changed the block at 74, -56, -49
[18:23:36] [Server thread/INFO]: Played sound minecraft:block.wood.place to Demy___
[18:23:36] [Server thread/INFO]: Changed the block at 70, -56, -49
[18:23:36] [Server thread/INFO]: Played sound minecraft:block.wood.place to Demy___
[18:23:36] [Server thread/INFO]: Changed the block at 70, -56, -53
[18:23:36] [Server thread/INFO]: Played sound minecraft:block.wood.place to Demy___
[18:23:36] [Server thread/INFO]: Played sound minecraft:block.wood.place to Demy___
[18:23:36] [Server thread/INFO]: Played sound minecraft:block.wood.place to Demy___
[18:23:36] [Server thread/INFO]: Played sound minecraft:block.wood.place to Demy___
[18:23:37] [Server thread/INFO]: Changed the block at 74, -56, -52
[18:23:37] [Server thread/INFO]: Played sound minecraft:block.wood.place to Demy___
[18:23:37] [Server thread/INFO]: Changed the block at 74, -56, -51
[18:23:37] [Server thread/INFO]: Played sound minecraft:block.wood.place to Demy___
[18:23:37] [Server thread/INFO]: Changed the block at 74, -56, -50
[18:23:37] [Server thread/INFO]: Played sound minecraft:block.wood.place to Demy___
[18:23:37] [Server thread/INFO]: Changed the block at 72, -56, -49
[18:23:37] [Server thread/INFO]: Played sound minecraft:block.wood.place to Demy___
[18:23:37] [Server thread/INFO]: Played sound minecraft:block.wood.place to Demy___
[18:23:37] [Server thread/INFO]: Played sound minecraft:block.wood.place to Demy___
[18:23:37] [Server thread/INFO]: Changed the block at 70, -56, -51
[18:23:37] [Server thread/INFO]: Played sound minecraft:block.wood.place to Demy___
[18:23:37] [Server thread/INFO]: Changed the block at 73, -56, -53
[18:23:37] [Server thread/INFO]: Played sound minecraft:block.wood.place to Demy___
[18:23:37] [Server thread/INFO]: Played sound minecraft:block.wood.place to Demy___
[18:23:37] [Server thread/INFO]: Changed the block at 72, -56, -53
[18:23:37] [Server thread/INFO]: Played sound minecraft:block.wood.place to Demy___
[18:23:38] [Server thread/INFO]: Changed the block at 71, -56, -53
[18:23:38] [Server thread/INFO]: Played sound minecraft:block.wood.place to Demy___
[18:23:38] [Server thread/INFO]: Changed the block at 71, -56, -49
[18:23:38] [Server thread/INFO]: Played sound minecraft:block.wood.place to Demy___
[18:23:38] [Server thread/INFO]: Changed the block at 73, -56, -49
[18:23:38] [Server thread/INFO]: Played sound minecraft:block.wood.place to Demy___
[18:23:38] [Server thread/INFO]: Changed the block at 70, -56, -50
[18:23:38] [Server thread/INFO]: Played sound minecraft:block.wood.place to Demy___
[18:23:38] [Server thread/INFO]: Changed the block at 70, -56, -52
[18:23:38] [Server thread/INFO]: Played sound minecraft:block.wood.place to Demy___
[18:23:38] [Server thread/INFO]: Changed the block at 70, -59, -51
[18:23:38] [Server thread/INFO]: Played sound minecraft:block.wood.place to Demy___
[18:23:38] [Server thread/INFO]: Changed the block at 70, -59, -50
[18:23:38] [Server thread/INFO]: Played sound minecraft:block.wood.place to Demy___
[18:23:38] [Server thread/INFO]: Changed the block at 70, -58, -50
[18:23:38] [Server thread/INFO]: Played sound minecraft:block.wood.place to Demy___
[18:23:38] [Server thread/INFO]: Changed the block at 70, -57, -50
[18:23:38] [Server thread/INFO]: Played sound minecraft:block.wood.place to Demy___
[18:23:38] [Server thread/INFO]: Changed the block at 70, -57, -51
[18:23:38] [Server thread/INFO]: Played sound minecraft:block.wood.place to Demy___
[18:23:39] [Server thread/INFO]: Changed the block at 70, -57, -52
[18:23:39] [Server thread/INFO]: Played sound minecraft:block.wood.place to Demy___
[18:23:39] [Server thread/INFO]: Changed the block at 70, -58, -52
[18:23:39] [Server thread/INFO]: Played sound minecraft:block.wood.place to Demy___
[18:23:39] [Server thread/INFO]: Changed the block at 70, -59, -52
[18:23:39] [Server thread/INFO]: Played sound minecraft:block.wood.place to Demy___
[18:23:39] [Server thread/INFO]: Changed the block at 72, -59, -49
[18:23:39] [Server thread/INFO]: Played sound minecraft:block.wood.place to Demy___
[18:23:39] [Server thread/INFO]: Changed the block at 71, -59, -49
[18:23:39] [Server thread/INFO]: Played sound minecraft:block.wood.place to Demy___
[18:23:39] [Server thread/INFO]: Changed the block at 71, -58, -49
[18:23:39] [Server thread/INFO]: Played sound minecraft:block.wood.place to Demy___
[18:23:39] [Server thread/INFO]: Changed the block at 71, -57, -49
[18:23:39] [Server thread/INFO]: Played sound minecraft:block.wood.place to Demy___
[18:23:39] [Server thread/INFO]: Changed the block at 72, -57, -49
[18:23:39] [Server thread/INFO]: Played sound minecraft:block.wood.place to Demy___
[18:23:39] [Server thread/INFO]: Changed the block at 73, -57, -49
[18:23:39] [Server thread/INFO]: Played sound minecraft:block.wood.place to Demy___
[18:23:39] [Server thread/INFO]: Changed the block at 73, -58, -49
[18:23:39] [Server thread/INFO]: Played sound minecraft:block.wood.place to Demy___
[18:23:40] [Server thread/INFO]: Changed the block at 73, -59, -49
[18:23:40] [Server thread/INFO]: Played sound minecraft:block.wood.place to Demy___
[18:23:40] [Server thread/INFO]: Changed the block at 72, -58, -49
[18:23:40] [Server thread/INFO]: Played sound minecraft:block.wood.place to Demy___
[18:23:40] [Server thread/INFO]: Changed the block at 72, -59, -53
[18:23:40] [Server thread/INFO]: Played sound minecraft:block.wood.place to Demy___
[18:23:40] [Server thread/INFO]: Changed the block at 71, -59, -53
[18:23:40] [Server thread/INFO]: Played sound minecraft:block.wood.place to Demy___
[18:23:40] [Server thread/INFO]: Changed the block at 71, -58, -53
[18:23:40] [Server thread/INFO]: Played sound minecraft:block.wood.place to Demy___
[18:23:40] [Server thread/INFO]: Changed the block at 71, -57, -53
[18:23:40] [Server thread/INFO]: Played sound minecraft:block.wood.place to Demy___
[18:23:40] [Server thread/INFO]: Changed the block at 72, -57, -53
[18:23:40] [Server thread/INFO]: Played sound minecraft:block.wood.place to Demy___
[18:23:40] [Server thread/INFO]: Changed the block at 73, -57, -53
[18:23:40] [Server thread/INFO]: Played sound minecraft:block.wood.place to Demy___
[18:23:40] [Server thread/INFO]: Changed the block at 73, -58, -53
[18:23:40] [Server thread/INFO]: Played sound minecraft:block.wood.place to Demy___
[18:23:40] [Server thread/INFO]: Changed the block at 73, -59, -53
[18:23:40] [Server thread/INFO]: Played sound minecraft:block.wood.place to Demy___
[18:23:41] [Server thread/INFO]: Changed the block at 72, -58, -53
[18:23:41] [Server thread/INFO]: Played sound minecraft:block.wood.place to Demy___
[18:23:41] [Server thread/INFO]: Changed the block at 74, -59, -52
[18:23:41] [Server thread/INFO]: Played sound minecraft:block.wood.place to Demy___
[18:23:41] [Server thread/INFO]: Changed the block at 74, -58, -52
[18:23:41] [Server thread/INFO]: Played sound minecraft:block.wood.place to Demy___
[18:23:41] [Server thread/INFO]: Changed the block at 74, -57, -52
[18:23:41] [Server thread/INFO]: Played sound minecraft:block.wood.place to Demy___
[18:23:41] [Server thread/INFO]: Changed the block at 74, -57, -51
[18:23:41] [Server thread/INFO]: Played sound minecraft:block.wood.place to Demy___
[18:23:41] [Server thread/INFO]: Changed the block at 74, -57, -50
[18:23:41] [Server thread/INFO]: Played sound minecraft:block.wood.place to Demy___
[18:23:41] [Server thread/INFO]: Changed the block at 74, -58, -50
[18:23:41] [Server thread/INFO]: Played sound minecraft:block.wood.place to Demy___
[18:23:41] [Server thread/INFO]: Changed the block at 74, -59, -50
[18:23:41] [Server thread/INFO]: Played sound minecraft:block.wood.place to Demy___
[18:23:41] [Server thread/INFO]: Changed the block at 73, -56, -51
[18:23:41] [Server thread/INFO]: Played sound minecraft:block.wood.place to Demy___
[18:23:41] [Server thread/INFO]: Changed the block at 73, -56, -50
[18:23:41] [Server thread/INFO]: Played sound minecraft:block.wood.place to Demy___
[18:23:42] [Server thread/INFO]: Changed the block at 71, -56, -50
[18:23:42] [Server thread/INFO]: Played sound minecraft:block.wood.place to Demy___
[18:23:42] [Server thread/INFO]: Changed the block at 71, -56, -51
[18:23:42] [Server thread/INFO]: Played sound minecraft:block.wood.place to Demy___
[18:23:42] [Server thread/INFO]: Changed the block at 71, -56, -52
[18:23:42] [Server thread/INFO]: Played sound minecraft:block.wood.place to Demy___
[18:23:42] [Server thread/INFO]: Changed the block at 72, -56, -52
[18:23:42] [Server thread/INFO]: Played sound minecraft:block.wood.place to Demy___
[18:23:42] [Server thread/INFO]: Changed the block at 73, -56, -52
[18:23:42] [Server thread/INFO]: Played sound minecraft:block.wood.place to Demy___
[18:23:42] [Server thread/INFO]: Changed the block at 72, -56, -51
[18:23:42] [Server thread/INFO]: Played sound minecraft:block.wood.place to Demy___
[18:23:42] [Server thread/INFO]: Changed the block at 72, -58, -50
[18:23:42] [Server thread/INFO]: Played sound minecraft:block.wood.place to Demy___
[18:23:42] [Server thread/INFO]: Changed the block at 72, -57, -50
[18:23:42] [Server thread/INFO]: Played sound minecraft:block.wood.place to Demy___
[18:23:42] [Server thread/INFO]: Changed the block at 72, -56, -50
[18:23:42] [Server thread/INFO]: Played sound minecraft:block.wood.place to Demy___
[18:23:43] [Server thread/INFO]: Changed the block at 74, -55, -51
[18:23:43] [Server thread/INFO]: Played sound minecraft:block.wood.place to Demy___
[18:23:43] [Server thread/INFO]: Changed the block at 74, -55, -50
[18:23:43] [Server thread/INFO]: Played sound minecraft:block.wood.place to Demy___
[18:23:43] [Server thread/INFO]: Changed the block at 74, -55, -49
[18:23:43] [Server thread/INFO]: Played sound minecraft:block.wood.place to Demy___
[18:23:43] [Server thread/INFO]: Changed the block at 73, -55, -49
[18:23:43] [Server thread/INFO]: Played sound minecraft:block.wood.place to Demy___
[18:23:43] [Server thread/INFO]: Changed the block at 72, -55, -49
[18:23:43] [Server thread/INFO]: Played sound minecraft:block.wood.place to Demy___
[18:23:43] [Server thread/INFO]: Changed the block at 71, -55, -49
[18:23:43] [Server thread/INFO]: Played sound minecraft:block.wood.place to Demy___
[18:23:43] [Server thread/INFO]: Changed the block at 70, -55, -49
[18:23:43] [Server thread/INFO]: Played sound minecraft:block.wood.place to Demy___
[18:23:43] [Server thread/INFO]: Changed the block at 70, -55, -50
[18:23:43] [Server thread/INFO]: Played sound minecraft:block.wood.place to Demy___
[18:23:43] [Server thread/INFO]: Changed the block at 70, -55, -51
[18:23:43] [Server thread/INFO]: Played sound minecraft:block.wood.place to Demy___
[18:23:43] [Server thread/INFO]: Changed the block at 70, -55, -52
[18:23:43] [Server thread/INFO]: Played sound minecraft:block.wood.place to Demy___
[18:23:43] [Server thread/INFO]: Changed the block at 70, -55, -53
[18:23:43] [Server thread/INFO]: Played sound minecraft:block.wood.place to Demy___
[18:23:44] [Server thread/INFO]: Changed the block at 71, -55, -53
[18:23:44] [Server thread/INFO]: Played sound minecraft:block.wood.place to Demy___
[18:23:44] [Server thread/INFO]: Changed the block at 72, -55, -53
[18:23:44] [Server thread/INFO]: Played sound minecraft:block.wood.place to Demy___
[18:23:44] [Server thread/INFO]: Changed the block at 73, -55, -53
[18:23:44] [Server thread/INFO]: Played sound minecraft:block.wood.place to Demy___
[18:23:44] [Server thread/INFO]: Changed the block at 74, -55, -53
[18:23:44] [Server thread/INFO]: Played sound minecraft:block.wood.place to Demy___
[18:23:44] [Server thread/INFO]: Changed the block at 74, -55, -52
[18:23:44] [Server thread/INFO]: Played sound minecraft:block.wood.place to Demy___
[18:23:44] [Server thread/INFO]: Changed the block at 74, -59, -51
[18:23:44] [Server thread/INFO]: Changed the block at 74, -58, -51
[18:23:44] [Server thread/INFO]: Played sound minecraft:block.wood.place to Demy___
[18:23:44] [Server thread/INFO]: Changed the block at 70, -58, -51
[18:23:52] [Server thread/INFO]: Demy___ issued server command: /eb give Demy___ Free_Mine
[18:24:11] [Server thread/INFO]: Demy___ issued server command: /gm 0
[18:24:11] [Server thread/INFO]: Demy___ issued server command: /god
[18:25:06] [Server thread/INFO]: Demy___ issued server command: /eb give Demy___ Free_Test2
[18:25:19] [Server thread/INFO]: Demy___ issued server command: /give Demy___ waterbucket
[18:25:20] [Server thread/INFO]: Demy___ issued server command: /fly
[18:25:25] [Server thread/INFO]: Demy___ issued server command: /fly
[18:25:28] [Server thread/INFO]: Demy___ issued server command: /fly
[18:25:29] [Server thread/INFO]: Demy___ issued server command: /give Demy___ waterbucket
[18:25:52] [Server thread/INFO]: Demy___ issued server command: /eb give Demy___ Free_Test2
[18:25:58] [Server thread/INFO]: Demy___ issued server command: /eb give Demy___ Free_Test2
[18:27:02] [Server thread/INFO]: Demy___ issued server command: /eb give Demy___ Free_Hut
[18:27:29] [Server thread/INFO]: Demy___ issued server command: /clear
[18:27:31] [Server thread/INFO]: Demy___ issued server command: /gm 1
[18:27:33] [Server thread/INFO]: Demy___ issued server command: /bs
[18:44:54] [Server thread/INFO]: Demy___ lost connection: Disconnected
[18:44:54] [Server thread/INFO]: Demy___ left the game
[18:48:55] [User Authenticator #4/INFO]: UUID of player Demy___ is 436d3716-30ec-4e15-b753-d52946ee5739
[18:48:56] [Server thread/INFO]: Demy___ joined the game
[18:48:56] [Server thread/INFO]: Demy___[/127.0.0.1:50209] logged in with entity id 3427 at ([Superflat]95.12934760286248, -57.841912851664546, -28.25755808548362)
[18:49:15] [Server thread/INFO]: Demy___ issued server command: /sun
[18:51:34] [Server thread/INFO]: Demy___ issued server command: /datapack disable "file/factorysky"
[18:51:34] [Server thread/INFO]: [Demy___: Disabling data pack [file/factorysky (world)]]
[18:51:35] [Server thread/INFO]: Loaded 7 recipes
[18:51:37] [Server thread/INFO]: Demy___ issued server command: /datapack enable "file/factorysky"
[18:51:37] [Server thread/INFO]: [Demy___: Enabling data pack [file/factorysky (world)]]
[18:51:38] [Server thread/INFO]: Loaded 7 recipes
[18:51:42] [Server thread/INFO]: Demy___ issued server command: /iagive Demy___ dirt_mud
[18:51:42] [Server thread/INFO]: Demy___ has made the advancement [L'ère de la boue]
[18:51:46] [Server thread/INFO]: Demy___ issued server command: /iagive Demy___ stone_mud
[18:51:46] [Server thread/INFO]: Demy___ has made the advancement [Boue en pierre]
[18:51:48] [Server thread/INFO]: Demy___ issued server command: /clear
[18:51:54] [Server thread/INFO]: Demy___ issued server command: /advancement revoke Demy___ from factorysky:root
[18:51:54] [Server thread/INFO]: [Demy___: Revoked 2 advancements from Demy___]
[18:53:14] [Server thread/INFO]: Demy___ issued server command: /day
[19:13:05] [Server thread/INFO]: Demy___ lost connection: Disconnected
[19:13:05] [Server thread/INFO]: Demy___ left the game
[19:51:11] [User Authenticator #5/INFO]: UUID of player Demy___ is 436d3716-30ec-4e15-b753-d52946ee5739
[19:51:11] [Server thread/INFO]: Demy___ joined the game
[19:51:11] [Server thread/INFO]: Demy___[/127.0.0.1:62836] logged in with entity id 3690 at ([Superflat]75.0500125502429, -50.30934424712714, 0.2831017424904268)
[20:07:27] [Server thread/INFO]: Demy___ lost connection: Disconnected
[20:07:27] [Server thread/INFO]: Demy___ left the game
[20:30:54] [User Authenticator #6/INFO]: UUID of player Demy___ is 436d3716-30ec-4e15-b753-d52946ee5739
[20:30:55] [Server thread/INFO]: Demy___ joined the game
[20:30:55] [Server thread/INFO]: Demy___[/127.0.0.1:58274] logged in with entity id 3870 at ([Superflat]75.0500125502429, -49.509344235206214, 0.2831017424904268)
[20:31:04] [Server thread/INFO]: Demy___ issued server command: /day
[20:31:12] [Server thread/INFO]: Demy___ issued server command: /datapack disable "file/factorysky"
[20:31:12] [Server thread/INFO]: [Demy___: Disabling data pack [file/factorysky (world)]]
[20:31:13] [Server thread/INFO]: Loaded 7 recipes
[20:31:37] [Server thread/INFO]: Demy___ issued server command: /datapack enable "file/factorysky"
[20:31:37] [Server thread/INFO]: [Demy___: Enabling data pack [file/factorysky (world)]]
[20:31:38] [Server thread/INFO]: Loaded 7 recipes
[20:31:43] [Server thread/INFO]: Demy___ issued server command: /iagive Demy___ dirt_mud
[20:31:43] [Server thread/INFO]: Demy___ has made the advancement [L'ère de la boue]
[20:31:55] [Server thread/INFO]: Demy___ issued server command: /reload
[20:31:55] [Server thread/INFO]: Demy___: Please note that this command is not supported and may cause issues when using some plugins.
[20:31:55] [Server thread/INFO]: Demy___: If you encounter any issues please use the /stop command to restart your server.
[20:31:55] [Server thread/INFO]: Debug logging is disabled
[20:31:55] [Server thread/INFO]: Server Ping Player Sample Count: 12
[20:31:55] [Server thread/INFO]: Using 4 threads for Netty based IO
[20:31:55] [Server thread/INFO]: -------- World Settings For [world] --------
[20:31:55] [Server thread/INFO]: Simulation Distance: 10
[20:31:55] [Server thread/INFO]: View Distance: 10
[20:31:55] [Server thread/INFO]: Allow Zombie Pigmen to spawn from portal blocks: true
[20:31:55] [Server thread/INFO]: Item Despawn Rate: 6000
[20:31:55] [Server thread/INFO]: Item Merge Radius: 2.5
[20:31:55] [Server thread/INFO]: Nerfing mobs spawned from spawners: false
[20:31:55] [Server thread/INFO]: Zombie Aggressive Towards Villager: true
[20:31:55] [Server thread/INFO]: Mob Spawn Range: 6
[20:31:55] [Server thread/INFO]: Experience Merge Radius: 3.0
[20:31:55] [Server thread/INFO]: Entity Activation Range: An 32 / Mo 32 / Ra 48 / Mi 16 / Tiv true / Isa false
[20:31:55] [Server thread/INFO]: Cactus Growth Modifier: 100%
[20:31:55] [Server thread/INFO]: Cane Growth Modifier: 100%
[20:31:55] [Server thread/INFO]: Melon Growth Modifier: 100%
[20:31:55] [Server thread/INFO]: Mushroom Growth Modifier: 100%
[20:31:55] [Server thread/INFO]: Pumpkin Growth Modifier: 100%
[20:31:55] [Server thread/INFO]: Sapling Growth Modifier: 100%
[20:31:55] [Server thread/INFO]: Beetroot Growth Modifier: 100%
[20:31:55] [Server thread/INFO]: Carrot Growth Modifier: 100%
[20:31:55] [Server thread/INFO]: Potato Growth Modifier: 100%
[20:31:55] [Server thread/INFO]: Wheat Growth Modifier: 100%
[20:31:55] [Server thread/INFO]: NetherWart Growth Modifier: 100%
[20:31:55] [Server thread/INFO]: Vine Growth Modifier: 100%
[20:31:55] [Server thread/INFO]: Cocoa Growth Modifier: 100%
[20:31:55] [Server thread/INFO]: Bamboo Growth Modifier: 100%
[20:31:55] [Server thread/INFO]: SweetBerry Growth Modifier: 100%
[20:31:55] [Server thread/INFO]: Kelp Growth Modifier: 100%
[20:31:55] [Server thread/INFO]: TwistingVines Growth Modifier: 100%
[20:31:55] [Server thread/INFO]: WeepingVines Growth Modifier: 100%
[20:31:55] [Server thread/INFO]: CaveVines Growth Modifier: 100%
[20:31:55] [Server thread/INFO]: Entity Tracking Range: Pl 48 / An 48 / Mo 48 / Mi 32 / Other 64
[20:31:55] [Server thread/INFO]: Hopper Transfer: 8 Hopper Check: 1 Hopper Amount: 1 Hopper Can Load Chunks: false
[20:31:55] [Server thread/INFO]: Custom Map Seeds:  Village: 10387312 Desert: 14357617 Igloo: 14357618 Jungle: 14357619 Swamp: 14357620 Monument: 10387313 Ocean: 14357621 Shipwreck: 165745295 End City: 10387313 Slime: 987234911 Nether: 30084232 Mansion: 10387319 Fossil: 14357921 Portal: 34222645
[20:31:55] [Server thread/INFO]: Max TNT Explosions: 100
[20:31:55] [Server thread/INFO]: Tile Max Tick Time: 50ms Entity max Tick Time: 50ms
[20:31:55] [Server thread/INFO]: Arrow Despawn Rate: 1200 Trident Respawn Rate:1200
[20:31:55] [Server thread/INFO]: -------- World Settings For [world_nether] --------
[20:31:55] [Server thread/INFO]: Simulation Distance: 10
[20:31:55] [Server thread/INFO]: View Distance: 10
[20:31:55] [Server thread/INFO]: Allow Zombie Pigmen to spawn from portal blocks: true
[20:31:55] [Server thread/INFO]: Item Despawn Rate: 6000
[20:31:55] [Server thread/INFO]: Item Merge Radius: 2.5
[20:31:55] [Server thread/INFO]: Nerfing mobs spawned from spawners: false
[20:31:55] [Server thread/INFO]: Zombie Aggressive Towards Villager: true
[20:31:55] [Server thread/INFO]: Mob Spawn Range: 6
[20:31:55] [Server thread/INFO]: Experience Merge Radius: 3.0
[20:31:55] [Server thread/INFO]: Entity Activation Range: An 32 / Mo 32 / Ra 48 / Mi 16 / Tiv true / Isa false
[20:31:55] [Server thread/INFO]: Cactus Growth Modifier: 100%
[20:31:55] [Server thread/INFO]: Cane Growth Modifier: 100%
[20:31:55] [Server thread/INFO]: Melon Growth Modifier: 100%
[20:31:55] [Server thread/INFO]: Mushroom Growth Modifier: 100%
[20:31:55] [Server thread/INFO]: Pumpkin Growth Modifier: 100%
[20:31:55] [Server thread/INFO]: Sapling Growth Modifier: 100%
[20:31:55] [Server thread/INFO]: Beetroot Growth Modifier: 100%
[20:31:55] [Server thread/INFO]: Carrot Growth Modifier: 100%
[20:31:55] [Server thread/INFO]: Potato Growth Modifier: 100%
[20:31:55] [Server thread/INFO]: Wheat Growth Modifier: 100%
[20:31:55] [Server thread/INFO]: NetherWart Growth Modifier: 100%
[20:31:55] [Server thread/INFO]: Vine Growth Modifier: 100%
[20:31:55] [Server thread/INFO]: Cocoa Growth Modifier: 100%
[20:31:55] [Server thread/INFO]: Bamboo Growth Modifier: 100%
[20:31:55] [Server thread/INFO]: SweetBerry Growth Modifier: 100%
[20:31:55] [Server thread/INFO]: Kelp Growth Modifier: 100%
[20:31:55] [Server thread/INFO]: TwistingVines Growth Modifier: 100%
[20:31:55] [Server thread/INFO]: WeepingVines Growth Modifier: 100%
[20:31:55] [Server thread/INFO]: CaveVines Growth Modifier: 100%
[20:31:55] [Server thread/INFO]: Entity Tracking Range: Pl 48 / An 48 / Mo 48 / Mi 32 / Other 64
[20:31:55] [Server thread/INFO]: Hopper Transfer: 8 Hopper Check: 1 Hopper Amount: 1 Hopper Can Load Chunks: false
[20:31:55] [Server thread/INFO]: Custom Map Seeds:  Village: 10387312 Desert: 14357617 Igloo: 14357618 Jungle: 14357619 Swamp: 14357620 Monument: 10387313 Ocean: 14357621 Shipwreck: 165745295 End City: 10387313 Slime: 987234911 Nether: 30084232 Mansion: 10387319 Fossil: 14357921 Portal: 34222645
[20:31:55] [Server thread/INFO]: Max TNT Explosions: 100
[20:31:55] [Server thread/INFO]: Tile Max Tick Time: 50ms Entity max Tick Time: 50ms
[20:31:55] [Server thread/INFO]: Arrow Despawn Rate: 1200 Trident Respawn Rate:1200
[20:31:55] [Server thread/INFO]: -------- World Settings For [world_the_end] --------
[20:31:55] [Server thread/INFO]: Simulation Distance: 10
[20:31:55] [Server thread/INFO]: View Distance: 10
[20:31:55] [Server thread/INFO]: Allow Zombie Pigmen to spawn from portal blocks: true
[20:31:55] [Server thread/INFO]: Item Despawn Rate: 6000
[20:31:55] [Server thread/INFO]: Item Merge Radius: 2.5
[20:31:55] [Server thread/INFO]: Nerfing mobs spawned from spawners: false
[20:31:55] [Server thread/INFO]: Zombie Aggressive Towards Villager: true
[20:31:55] [Server thread/INFO]: Mob Spawn Range: 6
[20:31:55] [Server thread/INFO]: Experience Merge Radius: 3.0
[20:31:55] [Server thread/INFO]: Entity Activation Range: An 32 / Mo 32 / Ra 48 / Mi 16 / Tiv true / Isa false
[20:31:55] [Server thread/INFO]: Cactus Growth Modifier: 100%
[20:31:55] [Server thread/INFO]: Cane Growth Modifier: 100%
[20:31:55] [Server thread/INFO]: Melon Growth Modifier: 100%
[20:31:55] [Server thread/INFO]: Mushroom Growth Modifier: 100%
[20:31:55] [Server thread/INFO]: Pumpkin Growth Modifier: 100%
[20:31:55] [Server thread/INFO]: Sapling Growth Modifier: 100%
[20:31:55] [Server thread/INFO]: Beetroot Growth Modifier: 100%
[20:31:55] [Server thread/INFO]: Carrot Growth Modifier: 100%
[20:31:55] [Server thread/INFO]: Potato Growth Modifier: 100%
[20:31:55] [Server thread/INFO]: Wheat Growth Modifier: 100%
[20:31:55] [Server thread/INFO]: NetherWart Growth Modifier: 100%
[20:31:55] [Server thread/INFO]: Vine Growth Modifier: 100%
[20:31:55] [Server thread/INFO]: Cocoa Growth Modifier: 100%
[20:31:55] [Server thread/INFO]: Bamboo Growth Modifier: 100%
[20:31:55] [Server thread/INFO]: SweetBerry Growth Modifier: 100%
[20:31:55] [Server thread/INFO]: Kelp Growth Modifier: 100%
[20:31:55] [Server thread/INFO]: TwistingVines Growth Modifier: 100%
[20:31:55] [Server thread/INFO]: WeepingVines Growth Modifier: 100%
[20:31:55] [Server thread/INFO]: CaveVines Growth Modifier: 100%
[20:31:55] [Server thread/INFO]: Entity Tracking Range: Pl 48 / An 48 / Mo 48 / Mi 32 / Other 64
[20:31:55] [Server thread/INFO]: Hopper Transfer: 8 Hopper Check: 1 Hopper Amount: 1 Hopper Can Load Chunks: false
[20:31:55] [Server thread/INFO]: Custom Map Seeds:  Village: 10387312 Desert: 14357617 Igloo: 14357618 Jungle: 14357619 Swamp: 14357620 Monument: 10387313 Ocean: 14357621 Shipwreck: 165745295 End City: 10387313 Slime: 987234911 Nether: 30084232 Mansion: 10387319 Fossil: 14357921 Portal: 34222645
[20:31:55] [Server thread/INFO]: Max TNT Explosions: 100
[20:31:55] [Server thread/INFO]: Tile Max Tick Time: 50ms Entity max Tick Time: 50ms
[20:31:55] [Server thread/INFO]: Arrow Despawn Rate: 1200 Trident Respawn Rate:1200
[20:31:55] [Server thread/INFO]: -------- World Settings For [Superflat] --------
[20:31:55] [Server thread/INFO]: Simulation Distance: 10
[20:31:55] [Server thread/INFO]: View Distance: 10
[20:31:55] [Server thread/INFO]: Allow Zombie Pigmen to spawn from portal blocks: true
[20:31:55] [Server thread/INFO]: Item Despawn Rate: 6000
[20:31:55] [Server thread/INFO]: Item Merge Radius: 2.5
[20:31:55] [Server thread/INFO]: Nerfing mobs spawned from spawners: false
[20:31:55] [Server thread/INFO]: Zombie Aggressive Towards Villager: true
[20:31:55] [Server thread/INFO]: Mob Spawn Range: 6
[20:31:55] [Server thread/INFO]: Experience Merge Radius: 3.0
[20:31:55] [Server thread/INFO]: Entity Activation Range: An 32 / Mo 32 / Ra 48 / Mi 16 / Tiv true / Isa false
[20:31:55] [Server thread/INFO]: Cactus Growth Modifier: 100%
[20:31:55] [Server thread/INFO]: Cane Growth Modifier: 100%
[20:31:55] [Server thread/INFO]: Melon Growth Modifier: 100%
[20:31:55] [Server thread/INFO]: Mushroom Growth Modifier: 100%
[20:31:55] [Server thread/INFO]: Pumpkin Growth Modifier: 100%
[20:31:55] [Server thread/INFO]: Sapling Growth Modifier: 100%
[20:31:55] [Server thread/INFO]: Beetroot Growth Modifier: 100%
[20:31:55] [Server thread/INFO]: Carrot Growth Modifier: 100%
[20:31:55] [Server thread/INFO]: Potato Growth Modifier: 100%
[20:31:55] [Server thread/INFO]: Wheat Growth Modifier: 100%
[20:31:55] [Server thread/INFO]: NetherWart Growth Modifier: 100%
[20:31:55] [Server thread/INFO]: Vine Growth Modifier: 100%
[20:31:55] [Server thread/INFO]: Cocoa Growth Modifier: 100%
[20:31:55] [Server thread/INFO]: Bamboo Growth Modifier: 100%
[20:31:55] [Server thread/INFO]: SweetBerry Growth Modifier: 100%
[20:31:55] [Server thread/INFO]: Kelp Growth Modifier: 100%
[20:31:55] [Server thread/INFO]: TwistingVines Growth Modifier: 100%
[20:31:55] [Server thread/INFO]: WeepingVines Growth Modifier: 100%
[20:31:55] [Server thread/INFO]: CaveVines Growth Modifier: 100%
[20:31:55] [Server thread/INFO]: Entity Tracking Range: Pl 48 / An 48 / Mo 48 / Mi 32 / Other 64
[20:31:55] [Server thread/INFO]: Hopper Transfer: 8 Hopper Check: 1 Hopper Amount: 1 Hopper Can Load Chunks: false
[20:31:55] [Server thread/INFO]: Custom Map Seeds:  Village: 10387312 Desert: 14357617 Igloo: 14357618 Jungle: 14357619 Swamp: 14357620 Monument: 10387313 Ocean: 14357621 Shipwreck: 165745295 End City: 10387313 Slime: 987234911 Nether: 30084232 Mansion: 10387319 Fossil: 14357921 Portal: 34222645
[20:31:55] [Server thread/INFO]: Max TNT Explosions: 100
[20:31:55] [Server thread/INFO]: Tile Max Tick Time: 50ms Entity max Tick Time: 50ms
[20:31:55] [Server thread/INFO]: Arrow Despawn Rate: 1200 Trident Respawn Rate:1200
[20:31:55] [Server thread/INFO]: [ExecutableBlocks] Disabling ExecutableBlocks v3.9.15
[20:31:55] [Server thread/INFO]: [CustomCrops] Disabling CustomCrops v2.1.2
[20:31:55] [Server thread/INFO]: [BlockSounds] Disabling BlockSounds v1.3
[20:31:55] [Server thread/INFO]: [BossShopPro] Disabling BossShopPro v2.1.0-SNAPSHOT
[20:31:55] [Server thread/INFO]: [BossShopPro] Disabling... bye!
[20:31:55] [Server thread/INFO]: [ItemsAdder] Disabling ItemsAdder v3.2.5-beta5
[20:31:55] [Craft Scheduler Thread - 123/INFO]: [ItemsAdder] [0m[38;5;51m[Host] Started self-host webserver on port: 8163[0m
[20:31:55] [Server thread/INFO]: [ItemJoin] Disabling ItemJoin v5.2.5-RELEASE-b850
[20:31:55] [Server thread/INFO]: [AdvancedAchievements-LuckPerms-Hook] Disabling AdvancedAchievements-LuckPerms-Hook v1.1.0
[20:31:55] [Server thread/INFO]: [TAB] Disabling TAB v3.2.1
[20:31:55] [Server thread/INFO]: [TAB] Disabled in 11ms
[20:31:55] [Server thread/INFO]: [EssentialsChat] Disabling EssentialsChat v2.17.0.0
[20:31:55] [Server thread/INFO]: [AdvancedAchievements] Disabling AdvancedAchievements v6.2.1
[20:31:55] [Server thread/INFO]: [AdvancedAchievements] Remaining requests sent to the database, plugin successfully disabled.
[20:31:55] [Server thread/INFO]: Disabling Essentials v2.19.7
[20:31:55] [Server thread/INFO]: [Vault] [Economy] Essentials Economy unhooked.
[20:31:55] [Server thread/ERROR]: Il y a de bonnes chances que vous soyez entrain de recharger votre serveur en ce moment. Si c'est le cas, pourquoi vous détestez vous-même ? N'attendez aucun support de l'équipe EssentialsX en utilisant /reload.
[20:31:55] [Server thread/INFO]: [SimpleScore] Disabling SimpleScore v3.12.2
[20:31:55] [Server thread/INFO]: [CrazyEnchantments] Disabling CrazyEnchantments v1.9.8
[20:31:55] [Server thread/INFO]: [AdvancedHelp] Disabling AdvancedHelp v1.12.7
[20:31:55] [Server thread/INFO]: [ProtocolLib] Disabling ProtocolLib v5.0.0-SNAPSHOT-b600
[20:31:55] [Server thread/ERROR]: [ProtocolLib] ????????????????????????????????????????????????????????????????????
[20:31:55] [Server thread/ERROR]: [ProtocolLib] ?                               WARNING                            ?
[20:31:55] [Server thread/ERROR]: [ProtocolLib] ?     RELOADING THE SERVER WHILE PROTOCOL LIB IS ENABLED MIGHT     ?
[20:31:55] [Server thread/ERROR]: [ProtocolLib] ?                    LEAD TO UNEXPECTED ERRORS!                    ?
[20:31:55] [Server thread/ERROR]: [ProtocolLib] ?                                                                  ?
[20:31:55] [Server thread/ERROR]: [ProtocolLib] ?     Consider to cleanly restart your server if you encounter     ?
[20:31:55] [Server thread/ERROR]: [ProtocolLib] ?    any issues related to Protocol Lib before opening an issue    ?
[20:31:55] [Server thread/ERROR]: [ProtocolLib] ?                            on GitHub!                            ?
[20:31:55] [Server thread/ERROR]: [ProtocolLib] ????????????????????????????????????????????????????????????????????
[20:31:55] [Server thread/INFO]: [Multiverse-Core] Disabling Multiverse-Core v4.3.1-b861
[20:31:55] [Server thread/INFO]: [LoneLibs] Disabling LoneLibs v1.0.21
[20:31:55] [Server thread/INFO]: [Vault] Disabling Vault v1.7.3-b131
[20:31:55] [Server thread/INFO]: [NametagEdit] Disabling NametagEdit v4.5.14
[20:31:55] [Server thread/INFO]: [PlaceholderAPI] Disabling PlaceholderAPI v2.11.2
[20:31:55] [Server thread/INFO]: [LuckPerms] Disabling LuckPerms v5.4.58
[20:31:55] [Server thread/INFO]: [LuckPerms] Starting shutdown process...
[20:31:55] [Server thread/INFO]: [LuckPerms] Closing storage...
[20:31:55] [Server thread/INFO]: [LuckPerms] Goodbye!
[20:31:56] [Server thread/INFO]: Loaded 7 recipes
[20:31:58] [Server thread/WARN]: Legacy plugin AdvancedAchievements-LuckPerms-Hook v1.1.0 does not specify an api-version.
[20:31:58] [Server thread/INFO]: [LuckPerms] Loading LuckPerms v5.4.58
[20:31:58] [Server thread/INFO]: [PlaceholderAPI] Loading PlaceholderAPI v2.11.2
[20:31:58] [Server thread/INFO]: [NametagEdit] Loading NametagEdit v4.5.14
[20:31:58] [Server thread/INFO]: [Vault] Loading Vault v1.7.3-b131
[20:31:58] [Server thread/INFO]: [LoneLibs] Loading LoneLibs v1.0.21
[20:31:58] [Server thread/INFO]: [Multiverse-Core] Loading Multiverse-Core v4.3.1-b861
[20:31:58] [Server thread/INFO]: [ProtocolLib] Loading ProtocolLib v5.0.0-SNAPSHOT-b600
[20:31:58] [Server thread/WARN]: [ProtocolLib] Version (MC: 1.19.2) has not yet been tested! Proceed with caution.
[20:32:00] [Server thread/INFO]: [AdvancedHelp] Loading AdvancedHelp v1.12.7
[20:32:00] [Server thread/INFO]: [CrazyEnchantments] Loading CrazyEnchantments v1.9.8
[20:32:00] [Server thread/INFO]: [SimpleScore] Loading SimpleScore v3.12.2
[20:32:00] [Server thread/INFO]: [Essentials] Loading Essentials v2.19.7
[20:32:00] [Server thread/INFO]: [AdvancedAchievements] Loading AdvancedAchievements v6.2.1
[20:32:00] [Server thread/INFO]: [EssentialsChat] Loading EssentialsChat v2.17.0.0
[20:32:00] [Server thread/INFO]: [TAB] Loading TAB v3.2.1
[20:32:00] [Server thread/INFO]: [AdvancedAchievements-LuckPerms-Hook] Loading AdvancedAchievements-LuckPerms-Hook v1.1.0
[20:32:00] [Server thread/INFO]: [ItemJoin] Loading ItemJoin v5.2.5-RELEASE-b850
[20:32:00] [Server thread/INFO]: [ItemsAdder] Loading ItemsAdder v3.2.5-beta5
[20:32:00] [Server thread/INFO]: [BossShopPro] Loading BossShopPro v2.1.0-SNAPSHOT
[20:32:00] [Server thread/INFO]: [BlockSounds] Loading BlockSounds v1.3
[20:32:00] [Server thread/INFO]: [CustomCrops] Loading CustomCrops v2.1.2
[20:32:00] [Server thread/INFO]: [SCore] Loading SCore v3.9.15
[20:32:00] [Server thread/INFO]: [ExecutableBlocks] Loading ExecutableBlocks v3.9.15
[20:32:00] [Server thread/INFO]: [LuckPerms] Enabling LuckPerms v5.4.58
[20:32:00] [Server thread/WARN]: [LuckPerms] Loaded class net.kyori.adventure.text.Component from SCore v3.9.15 which is not a depend or softdepend of this plugin.
[20:32:00] [Server thread/INFO]:         __    
[20:32:00] [Server thread/INFO]:   |    |__)   LuckPerms v5.4.58
[20:32:00] [Server thread/INFO]:   |___ |      Running on Bukkit - CraftBukkit
[20:32:00] [Server thread/INFO]: 
[20:32:00] [Server thread/INFO]: [LuckPerms] Loading configuration...
[20:32:01] [Server thread/INFO]: [LuckPerms] Loading storage provider... [H2]
[20:32:01] [Server thread/INFO]: [LuckPerms] Loading internal permission managers...
[20:32:01] [Server thread/INFO]: [LuckPerms] Performing initial data load...
[20:32:02] [Server thread/INFO]: [LuckPerms] Successfully enabled. (took 2109ms)
[20:32:02] [Server thread/INFO]: [Vault] Enabling Vault v1.7.3-b131
[20:32:02] [Server thread/WARN]: [Vault] Loaded class com.earth2me.essentials.api.Economy from Essentials v2.19.7 which is not a depend or softdepend of this plugin.
[20:32:02] [Server thread/INFO]: [Vault] [Economy] Essentials Economy found: Waiting
[20:32:02] [Server thread/INFO]: [Vault] [Permission] SuperPermissions loaded as backup permission system.
[20:32:02] [Server thread/INFO]: [Vault] Enabled Version 1.7.3-b131
[20:32:02] [Server thread/INFO]: [LuckPerms] Registered Vault permission & chat hook.
[20:32:02] [Server thread/INFO]: [LoneLibs] Enabling LoneLibs v1.0.21
[20:32:02] [Server thread/INFO]: [ProtocolLib] Enabling ProtocolLib v5.0.0-SNAPSHOT-b600
[20:32:02] [Server thread/INFO]: [ItemJoin] Enabling ItemJoin v5.2.5-RELEASE-b850
[20:32:02] [Server thread/INFO]: [PlaceholderAPI] Enabling PlaceholderAPI v2.11.2
[20:32:02] [Server thread/WARN]: [PlaceholderAPI] Loaded class net.kyori.adventure.text.Component from SCore v3.9.15 which is not a depend or softdepend of this plugin.
[20:32:02] [Server thread/INFO]: [PlaceholderAPI] Fetching available expansion information...
[20:32:02] [Server thread/INFO]: [NametagEdit] Enabling NametagEdit v4.5.14
[20:32:02] [Server thread/INFO]: [NametagEdit] Successfully loaded using bukkit version: v1_19_R1
[20:32:02] [Server thread/INFO]: [NametagEdit] Found LuckPerms! Hooking in.
[20:32:02] [Server thread/INFO]: [Multiverse-Core] Enabling Multiverse-Core v4.3.1-b861
[20:32:02] [Server thread/WARN]: [Multiverse-Core] "Multiverse-Core v4.3.1-b861" has registered a listener for org.bukkit.event.entity.EntityCreatePortalEvent on method "public void com.onarandombox.MultiverseCore.listeners.MVPortalListener.entityPortalCreate(org.bukkit.event.entity.EntityCreatePortalEvent)", but the event is Deprecated. "Server performance will be affected"; please notify the authors [dumptruckman, Rigby, fernferret, lithium3141, main--].
[20:32:02] [Server thread/INFO]: [Multiverse-Core] §aWe are aware of the warning about the deprecated event. There is no alternative that allows us to do what we need to do and performance impact is negligible. It is safe to ignore.
[20:32:02] [Server thread/INFO]: [Multiverse-Core] 4 - World(s) loaded.
[20:32:02] [Server thread/WARN]: [Multiverse-Core] Buscript failed to load! The script command will be disabled! If you would like not to see this message, use `/mv conf enablebuscript false` to disable Buscript from loading.
[20:32:02] [Server thread/INFO]: [Multiverse-Core] Version 4.3.1-b861 (API v24) Enabled - By dumptruckman, Rigby, fernferret, lithium3141 and main--
[20:32:02] [Server thread/INFO]: [AdvancedHelp] Enabling AdvancedHelp v1.12.7
[20:32:03] [Server thread/INFO]: [AdvancedHelp] PlaceholderAPI Hooked!
[20:32:03] [Server thread/INFO]: [AdvancedHelp] Plugin is up to date! -1.12.7
[20:32:03] [Server thread/INFO]: [AdvancedHelp] Successfully Enabled!
[20:32:03] [Server thread/INFO]: [CrazyEnchantments] Enabling CrazyEnchantments v1.9.8
[20:32:03] [Server thread/INFO]: [CrazyEnchantments] Loading the config.yml.
[20:32:03] [Server thread/INFO]: [CrazyEnchantments] Successfully loaded config.yml.
[20:32:03] [Server thread/INFO]: [CrazyEnchantments] Loading the BlockList.yml.
[20:32:03] [Server thread/INFO]: [CrazyEnchantments] Successfully loaded BlockList.yml.
[20:32:03] [Server thread/INFO]: [CrazyEnchantments] Loading the Data.yml.
[20:32:03] [Server thread/INFO]: [CrazyEnchantments] Successfully loaded Data.yml.
[20:32:03] [Server thread/INFO]: [CrazyEnchantments] Loading the Enchantments.yml.
[20:32:03] [Server thread/INFO]: [CrazyEnchantments] Successfully loaded Enchantments.yml.
[20:32:03] [Server thread/INFO]: [CrazyEnchantments] Loading the GKitz.yml.
[20:32:03] [Server thread/INFO]: [CrazyEnchantments] Successfully loaded GKitz.yml.
[20:32:03] [Server thread/INFO]: [CrazyEnchantments] Loading the Messages.yml.
[20:32:03] [Server thread/INFO]: [CrazyEnchantments] Successfully loaded Messages.yml.
[20:32:03] [Server thread/INFO]: [CrazyEnchantments] Loading the Enchantment-Types.yml.
[20:32:03] [Server thread/INFO]: [CrazyEnchantments] Successfully loaded Enchantment-Types.yml.
[20:32:03] [Server thread/INFO]: [CrazyEnchantments] Loading the Tinker.yml.
[20:32:03] [Server thread/INFO]: [CrazyEnchantments] Successfully loaded Tinker.yml.
[20:32:03] [Server thread/INFO]: [CrazyEnchantments] §8§l=== §e§lCrazyEnchantment Hook Status §8§l===
[20:32:03] [Server thread/INFO]: [CrazyEnchantments] §6§lSPARTAN §c§lNOT FOUND
[20:32:03] [Server thread/INFO]: [CrazyEnchantments] §6§lPLOT_SQUARED §c§lNOT FOUND
[20:32:03] [Server thread/INFO]: [CrazyEnchantments] §6§lSILK_SPAWNERS_V2 §c§lNOT FOUND
[20:32:03] [Server thread/INFO]: [CrazyEnchantments] §6§lMCMMO §c§lNOT FOUND
[20:32:03] [Server thread/INFO]: [CrazyEnchantments] §6§lGRIEF_PREVENTION §c§lNOT FOUND
[20:32:03] [Server thread/INFO]: [CrazyEnchantments] §6§lSUPERIORSKYBLOCK §c§lNOT FOUND
[20:32:03] [Server thread/INFO]: [CrazyEnchantments] §6§lORAXEN §c§lNOT FOUND
[20:32:03] [Server thread/INFO]: [CrazyEnchantments] §6§lNO_CHEAT_PLUS §c§lNOT FOUND
[20:32:03] [Server thread/INFO]: [CrazyEnchantments] §6§lSILK_SPAWNERS §c§lNOT FOUND
[20:32:03] [Server thread/INFO]: [CrazyEnchantments] §6§lWORLDGUARD §c§lNOT FOUND
[20:32:03] [Server thread/INFO]: [CrazyEnchantments] §6§lWORLDEDIT §c§lNOT FOUND
[20:32:03] [Server thread/INFO]: [CrazyEnchantments] §6§lFACTIONS_UUID §c§lNOT FOUND
[20:32:03] [Server thread/INFO]: [CrazyEnchantments] §6§lTOWNYADVANCED §c§lNOT FOUND
[20:32:03] [Server thread/INFO]: [CrazyEnchantments] §6§lVAULT §a§lFOUND
[20:32:03] [Server thread/INFO]: [NBTAPI] Found Spigot: v1_19_R1! Trying to find NMS support
[20:32:03] [Server thread/INFO]: [NBTAPI] NMS support 'MC1_19_R1' loaded!
[20:32:03] [Server thread/INFO]: [NBTAPI] Found Gson: class com.google.gson.Gson
[20:32:03] [Server thread/INFO]: [CrazyEnchantments] G-Kitz support is now enabled.
[20:32:03] [Server thread/INFO]: [SimpleScore] Enabling SimpleScore v3.12.2
[20:32:03] [Thread-276/INFO]: [NBTAPI] The NBT-API seems to be up-to-date!
[20:32:03] [Server thread/INFO]: [PlaceholderAPI] Successfully registered expansion: SimpleScore [3.12.2]
[20:32:03] [Server thread/INFO]: [Essentials] Enabling Essentials v2.19.7
[20:32:03] [Server thread/INFO]: You are running a server with limited API functionality. EssentialsX will still work, but certain features may be disabled.
[20:32:03] [Server thread/WARN]: §4Version mismatch! Please update EssentialsChat to the same version.
[20:32:04] [Server thread/INFO]: Attempting to convert old kits in config.yml to new kits.yml
[20:32:04] [Server thread/INFO]: No kits found to migrate.
[20:32:04] [Server thread/INFO]: Loaded 38132 items from items.json.
[20:32:04] [Server thread/INFO]: Using locale fr_FR
[20:32:04] [Server thread/INFO]: ServerListPingEvent: Spigot iterator API
[20:32:04] [Server thread/INFO]: Starting Metrics. Opt-out using the global bStats config.
[20:32:04] [Server thread/INFO]: [Vault] [Economy] Essentials Economy hooked.
[20:32:04] [Server thread/INFO]: Using Vault based permissions (LuckPerms)
[20:32:04] [Server thread/INFO]: [AdvancedAchievements] Enabling AdvancedAchievements v6.2.1
[20:32:04] [Server thread/INFO]: [AdvancedAchievements] Loading and backing up configuration files...
[20:32:04] [Server thread/WARN]: [AdvancedAchievements] Overriding configuration: disabling PetMasterGive and PetMasterReceive categories.
[20:32:04] [Server thread/WARN]: [AdvancedAchievements] Ensure you have placed Pet Master with a minimum version of 1.4 in your plugins folder or add PetMasterGive and PetMasterReceive to the DisabledCategories list in config.yml.
[20:32:04] [Server thread/INFO]: [AdvancedAchievements] Loaded 58 achievements in 48 categories.
[20:32:04] [Server thread/INFO]: [AdvancedAchievements] 3 disabled categories: [PetMasterReceive, AdvancementsCompleted, PetMasterGive]
[20:32:04] [Server thread/INFO]: [AdvancedAchievements] Registering event listeners...
[20:32:04] [Server thread/INFO]: [AdvancedAchievements] Initialising database...
[20:32:05] [Server thread/INFO]: [AdvancedAchievements] Setting up command executor and custom tab completers...
[20:32:05] [Server thread/INFO]: [AdvancedAchievements] Launching scheduled tasks...
[20:32:05] [Server thread/INFO]: [AdvancedAchievements] Registering permissions...
[20:32:05] [Thread-281/INFO]: [AdvancedAchievements] Checking for plugin update...
[20:32:05] [Server thread/INFO]: [PlaceholderAPI] Successfully registered expansion: aach [6.2.1]
[20:32:05] [Server thread/INFO]: [AdvancedAchievements] Plugin has finished loading and is ready to run! Took 710ms.
[20:32:05] [Server thread/INFO]: [EssentialsChat] Enabling EssentialsChat v2.17.0.0
[20:32:05] [Server thread/WARN]: [EssentialsChat] §4Versions différentes ! Veuillez mettre à jour tous les jars Essentials à la même version.
[20:32:05] [Server thread/ERROR]: Error occurred while enabling EssentialsChat v2.17.0.0 (Is it up to date?)
java.lang.NoClassDefFoundError: com/earth2me/essentials/metrics/Metrics
	at com.earth2me.essentials.chat.EssentialsChat.onEnable(EssentialsChat.java:43) ~[?:?]
	at org.bukkit.plugin.java.JavaPlugin.setEnabled(JavaPlugin.java:264) ~[spigot-api-1.19.2-R0.1-SNAPSHOT.jar:?]
	at org.bukkit.plugin.java.JavaPluginLoader.enablePlugin(JavaPluginLoader.java:342) ~[spigot-api-1.19.2-R0.1-SNAPSHOT.jar:?]
	at org.bukkit.plugin.SimplePluginManager.enablePlugin(SimplePluginManager.java:480) ~[spigot-api-1.19.2-R0.1-SNAPSHOT.jar:?]
	at org.bukkit.craftbukkit.v1_19_R1.CraftServer.enablePlugin(CraftServer.java:525) ~[spigot-1.19.2-R0.1-SNAPSHOT.jar:3610-Spigot-6198b5a-19df23a]
	at org.bukkit.craftbukkit.v1_19_R1.CraftServer.enablePlugins(CraftServer.java:439) ~[spigot-1.19.2-R0.1-SNAPSHOT.jar:3610-Spigot-6198b5a-19df23a]
	at org.bukkit.craftbukkit.v1_19_R1.CraftServer.reload(CraftServer.java:924) ~[spigot-1.19.2-R0.1-SNAPSHOT.jar:3610-Spigot-6198b5a-19df23a]
	at org.bukkit.Bukkit.reload(Bukkit.java:802) ~[spigot-api-1.19.2-R0.1-SNAPSHOT.jar:?]
	at org.bukkit.command.defaults.ReloadCommand.execute(ReloadCommand.java:27) ~[spigot-api-1.19.2-R0.1-SNAPSHOT.jar:?]
	at org.bukkit.command.SimpleCommandMap.dispatch(SimpleCommandMap.java:149) ~[spigot-api-1.19.2-R0.1-SNAPSHOT.jar:?]
	at org.bukkit.craftbukkit.v1_19_R1.CraftServer.dispatchCommand(CraftServer.java:833) ~[spigot-1.19.2-R0.1-SNAPSHOT.jar:3610-Spigot-6198b5a-19df23a]
	at org.bukkit.craftbukkit.v1_19_R1.command.BukkitCommandWrapper.run(BukkitCommandWrapper.java:50) ~[spigot-1.19.2-R0.1-SNAPSHOT.jar:3610-Spigot-6198b5a-19df23a]
	at com.mojang.brigadier.CommandDispatcher.execute(CommandDispatcher.java:264) ~[spigot-1.19.2-R0.1-SNAPSHOT.jar:?]
	at net.minecraft.commands.CommandDispatcher.performCommand(CommandDispatcher.java:298) ~[spigot-1.19.2-R0.1-SNAPSHOT.jar:3610-Spigot-6198b5a-19df23a]
	at net.minecraft.commands.CommandDispatcher.a(CommandDispatcher.java:282) ~[spigot-1.19.2-R0.1-SNAPSHOT.jar:3610-Spigot-6198b5a-19df23a]
	at net.minecraft.server.network.PlayerConnection.b(PlayerConnection.java:1949) ~[spigot-1.19.2-R0.1-SNAPSHOT.jar:3610-Spigot-6198b5a-19df23a]
	at net.minecraft.server.network.PlayerConnection.lambda$18(PlayerConnection.java:1914) ~[spigot-1.19.2-R0.1-SNAPSHOT.jar:3610-Spigot-6198b5a-19df23a]
	at net.minecraft.util.thread.IAsyncTaskHandler.b(SourceFile:68) ~[spigot-1.19.2-R0.1-SNAPSHOT.jar:3610-Spigot-6198b5a-19df23a]
	at java.util.concurrent.CompletableFuture$AsyncSupply.run(CompletableFuture.java:1768) ~[?:?]
	at net.minecraft.server.TickTask.run(SourceFile:18) ~[spigot-1.19.2-R0.1-SNAPSHOT.jar:3610-Spigot-6198b5a-19df23a]
	at net.minecraft.util.thread.IAsyncTaskHandler.d(SourceFile:157) ~[spigot-1.19.2-R0.1-SNAPSHOT.jar:3610-Spigot-6198b5a-19df23a]
	at net.minecraft.util.thread.IAsyncTaskHandlerReentrant.d(SourceFile:23) ~[spigot-1.19.2-R0.1-SNAPSHOT.jar:3610-Spigot-6198b5a-19df23a]
	at net.minecraft.server.MinecraftServer.b(MinecraftServer.java:1150) ~[spigot-1.19.2-R0.1-SNAPSHOT.jar:3610-Spigot-6198b5a-19df23a]
	at net.minecraft.server.MinecraftServer.d(MinecraftServer.java:1) ~[spigot-1.19.2-R0.1-SNAPSHOT.jar:3610-Spigot-6198b5a-19df23a]
	at net.minecraft.util.thread.IAsyncTaskHandler.x(SourceFile:131) ~[spigot-1.19.2-R0.1-SNAPSHOT.jar:3610-Spigot-6198b5a-19df23a]
	at net.minecraft.server.MinecraftServer.bh(MinecraftServer.java:1129) ~[spigot-1.19.2-R0.1-SNAPSHOT.jar:3610-Spigot-6198b5a-19df23a]
	at net.minecraft.server.MinecraftServer.x(MinecraftServer.java:1122) ~[spigot-1.19.2-R0.1-SNAPSHOT.jar:3610-Spigot-6198b5a-19df23a]
	at net.minecraft.util.thread.IAsyncTaskHandler.bq(SourceFile:116) ~[spigot-1.19.2-R0.1-SNAPSHOT.jar:3610-Spigot-6198b5a-19df23a]
	at net.minecraft.server.MinecraftServer.w(MinecraftServer.java:1105) ~[spigot-1.19.2-R0.1-SNAPSHOT.jar:3610-Spigot-6198b5a-19df23a]
	at net.minecraft.server.MinecraftServer.v(MinecraftServer.java:1017) ~[spigot-1.19.2-R0.1-SNAPSHOT.jar:3610-Spigot-6198b5a-19df23a]
	at net.minecraft.server.MinecraftServer.lambda$0(MinecraftServer.java:293) ~[spigot-1.19.2-R0.1-SNAPSHOT.jar:3610-Spigot-6198b5a-19df23a]
	at java.lang.Thread.run(Thread.java:833) [?:?]
Caused by: java.lang.ClassNotFoundException: com.earth2me.essentials.metrics.Metrics
	at org.bukkit.plugin.java.PluginClassLoader.loadClass0(PluginClassLoader.java:147) ~[spigot-api-1.19.2-R0.1-SNAPSHOT.jar:?]
	at org.bukkit.plugin.java.PluginClassLoader.loadClass(PluginClassLoader.java:99) ~[spigot-api-1.19.2-R0.1-SNAPSHOT.jar:?]
	at java.lang.ClassLoader.loadClass(ClassLoader.java:520) ~[?:?]
	... 32 more
[20:32:05] [Server thread/INFO]: [TAB] Enabling TAB v3.2.1
[20:32:05] [Server thread/INFO]: [TAB] Server version: 1.19.2 (v1_19_R1)
[20:32:05] [Server thread/INFO]: [TAB] Loaded NMS hook in 13ms
[20:32:05] [Thread-281/WARN]: [AdvancedAchievements] Update available: v8.0.2! Download at spigotmc.org/resources/advanced-achievements.83466
[20:32:05] [Server thread/WARN]: [TAB] Loaded class net.kyori.adventure.text.minimessage.MiniMessage from SCore v3.9.15 which is not a depend or softdepend of this plugin.
[20:32:05] [Server thread/WARN]: [ProtocolLib] Loaded class net.kyori.adventure.text.Component from SCore v3.9.15 which is not a depend or softdepend of this plugin.
[20:32:05] [Server thread/INFO]: [TAB] Enabled in 291ms
[20:32:05] [Server thread/INFO]: [AdvancedAchievements-LuckPerms-Hook] Enabling AdvancedAchievements-LuckPerms-Hook v1.1.0
[20:32:05] [Server thread/INFO]: [AdvancedAchievements-LuckPerms-Hook] Preparing configuration...
[20:32:05] [Server thread/INFO]: [AdvancedAchievements-LuckPerms-Hook] Checking required plugins are installed and enabled, please wait...
[20:32:05] [Server thread/INFO]: [AdvancedAchievements-LuckPerms-Hook] Checking Plugin AdvancedAchievements
[20:32:05] [Server thread/INFO]: [AdvancedAchievements-LuckPerms-Hook] Plugin AdvancedAchievements is ok!
[20:32:05] [Server thread/INFO]: [AdvancedAchievements-LuckPerms-Hook] Checking Plugin LuckPerms
[20:32:05] [Server thread/INFO]: [AdvancedAchievements-LuckPerms-Hook] Plugin LuckPerms is ok!
[20:32:05] [Server thread/ERROR]: Error occurred while enabling AdvancedAchievements-LuckPerms-Hook v1.1.0 (Is it up to date?)
java.lang.NoClassDefFoundError: me/lucko/luckperms/api/LuckPermsApi
	at com.algorithmjunkie.mc.aalphook.AALPHookPlugin$onEnable$2.invoke(AALPHookPlugin.kt:39) ~[?:?]
	at com.algorithmjunkie.mc.aalphook.AALPHookPlugin$onEnable$2.invoke(AALPHookPlugin.kt:14) ~[?:?]
	at com.algorithmjunkie.mc.aalphook.AALPHookPlugin.checkPlugin(AALPHookPlugin.kt:64) ~[?:?]
	at com.algorithmjunkie.mc.aalphook.AALPHookPlugin.onEnable(AALPHookPlugin.kt:38) ~[?:?]
	at org.bukkit.plugin.java.JavaPlugin.setEnabled(JavaPlugin.java:264) ~[spigot-api-1.19.2-R0.1-SNAPSHOT.jar:?]
	at org.bukkit.plugin.java.JavaPluginLoader.enablePlugin(JavaPluginLoader.java:342) ~[spigot-api-1.19.2-R0.1-SNAPSHOT.jar:?]
	at org.bukkit.plugin.SimplePluginManager.enablePlugin(SimplePluginManager.java:480) ~[spigot-api-1.19.2-R0.1-SNAPSHOT.jar:?]
	at org.bukkit.craftbukkit.v1_19_R1.CraftServer.enablePlugin(CraftServer.java:525) ~[spigot-1.19.2-R0.1-SNAPSHOT.jar:3610-Spigot-6198b5a-19df23a]
	at org.bukkit.craftbukkit.v1_19_R1.CraftServer.enablePlugins(CraftServer.java:439) ~[spigot-1.19.2-R0.1-SNAPSHOT.jar:3610-Spigot-6198b5a-19df23a]
	at org.bukkit.craftbukkit.v1_19_R1.CraftServer.reload(CraftServer.java:924) ~[spigot-1.19.2-R0.1-SNAPSHOT.jar:3610-Spigot-6198b5a-19df23a]
	at org.bukkit.Bukkit.reload(Bukkit.java:802) ~[spigot-api-1.19.2-R0.1-SNAPSHOT.jar:?]
	at org.bukkit.command.defaults.ReloadCommand.execute(ReloadCommand.java:27) ~[spigot-api-1.19.2-R0.1-SNAPSHOT.jar:?]
	at org.bukkit.command.SimpleCommandMap.dispatch(SimpleCommandMap.java:149) ~[spigot-api-1.19.2-R0.1-SNAPSHOT.jar:?]
	at org.bukkit.craftbukkit.v1_19_R1.CraftServer.dispatchCommand(CraftServer.java:833) ~[spigot-1.19.2-R0.1-SNAPSHOT.jar:3610-Spigot-6198b5a-19df23a]
	at org.bukkit.craftbukkit.v1_19_R1.command.BukkitCommandWrapper.run(BukkitCommandWrapper.java:50) ~[spigot-1.19.2-R0.1-SNAPSHOT.jar:3610-Spigot-6198b5a-19df23a]
	at com.mojang.brigadier.CommandDispatcher.execute(CommandDispatcher.java:264) ~[spigot-1.19.2-R0.1-SNAPSHOT.jar:?]
	at net.minecraft.commands.CommandDispatcher.performCommand(CommandDispatcher.java:298) ~[spigot-1.19.2-R0.1-SNAPSHOT.jar:3610-Spigot-6198b5a-19df23a]
	at net.minecraft.commands.CommandDispatcher.a(CommandDispatcher.java:282) ~[spigot-1.19.2-R0.1-SNAPSHOT.jar:3610-Spigot-6198b5a-19df23a]
	at net.minecraft.server.network.PlayerConnection.b(PlayerConnection.java:1949) ~[spigot-1.19.2-R0.1-SNAPSHOT.jar:3610-Spigot-6198b5a-19df23a]
	at net.minecraft.server.network.PlayerConnection.lambda$18(PlayerConnection.java:1914) ~[spigot-1.19.2-R0.1-SNAPSHOT.jar:3610-Spigot-6198b5a-19df23a]
	at net.minecraft.util.thread.IAsyncTaskHandler.b(SourceFile:68) ~[spigot-1.19.2-R0.1-SNAPSHOT.jar:3610-Spigot-6198b5a-19df23a]
	at java.util.concurrent.CompletableFuture$AsyncSupply.run(CompletableFuture.java:1768) ~[?:?]
	at net.minecraft.server.TickTask.run(SourceFile:18) ~[spigot-1.19.2-R0.1-SNAPSHOT.jar:3610-Spigot-6198b5a-19df23a]
	at net.minecraft.util.thread.IAsyncTaskHandler.d(SourceFile:157) ~[spigot-1.19.2-R0.1-SNAPSHOT.jar:3610-Spigot-6198b5a-19df23a]
	at net.minecraft.util.thread.IAsyncTaskHandlerReentrant.d(SourceFile:23) ~[spigot-1.19.2-R0.1-SNAPSHOT.jar:3610-Spigot-6198b5a-19df23a]
	at net.minecraft.server.MinecraftServer.b(MinecraftServer.java:1150) ~[spigot-1.19.2-R0.1-SNAPSHOT.jar:3610-Spigot-6198b5a-19df23a]
	at net.minecraft.server.MinecraftServer.d(MinecraftServer.java:1) ~[spigot-1.19.2-R0.1-SNAPSHOT.jar:3610-Spigot-6198b5a-19df23a]
	at net.minecraft.util.thread.IAsyncTaskHandler.x(SourceFile:131) ~[spigot-1.19.2-R0.1-SNAPSHOT.jar:3610-Spigot-6198b5a-19df23a]
	at net.minecraft.server.MinecraftServer.bh(MinecraftServer.java:1129) ~[spigot-1.19.2-R0.1-SNAPSHOT.jar:3610-Spigot-6198b5a-19df23a]
	at net.minecraft.server.MinecraftServer.x(MinecraftServer.java:1122) ~[spigot-1.19.2-R0.1-SNAPSHOT.jar:3610-Spigot-6198b5a-19df23a]
	at net.minecraft.util.thread.IAsyncTaskHandler.bq(SourceFile:116) ~[spigot-1.19.2-R0.1-SNAPSHOT.jar:3610-Spigot-6198b5a-19df23a]
	at net.minecraft.server.MinecraftServer.w(MinecraftServer.java:1105) ~[spigot-1.19.2-R0.1-SNAPSHOT.jar:3610-Spigot-6198b5a-19df23a]
	at net.minecraft.server.MinecraftServer.v(MinecraftServer.java:1017) ~[spigot-1.19.2-R0.1-SNAPSHOT.jar:3610-Spigot-6198b5a-19df23a]
	at net.minecraft.server.MinecraftServer.lambda$0(MinecraftServer.java:293) ~[spigot-1.19.2-R0.1-SNAPSHOT.jar:3610-Spigot-6198b5a-19df23a]
	at java.lang.Thread.run(Thread.java:833) [?:?]
Caused by: java.lang.ClassNotFoundException: me.lucko.luckperms.api.LuckPermsApi
	at org.bukkit.plugin.java.PluginClassLoader.loadClass0(PluginClassLoader.java:147) ~[spigot-api-1.19.2-R0.1-SNAPSHOT.jar:?]
	at org.bukkit.plugin.java.PluginClassLoader.loadClass(PluginClassLoader.java:99) ~[spigot-api-1.19.2-R0.1-SNAPSHOT.jar:?]
	at java.lang.ClassLoader.loadClass(ClassLoader.java:520) ~[?:?]
	... 35 more
[20:32:05] [Server thread/INFO]: [ItemsAdder] Enabling ItemsAdder v3.2.5-beta5
[20:32:05] [Server thread/INFO]: [NBTAPI] Found Spigot: v1_19_R1! Trying to find NMS support
[20:32:05] [Server thread/INFO]: [NBTAPI] NMS support 'MC1_19_R1' loaded!
[20:32:05] [Server thread/INFO]: [NBTAPI] Found Gson: class com.google.gson.Gson
[20:32:05] [Server thread/WARN]: [LoneLibs] Loaded class net.kyori.adventure.text.Component from SCore v3.9.15 which is not a depend or softdepend of this plugin.
[20:32:05] [Server thread/INFO]: [ItemsAdder] [0m[38;5;51m
[38;5;51m  ___  ___        __        __   __   ___  __  [38;5;2m    ItemsAdder[38;5;246m 3.2.5-beta5
[38;5;51m|  |  |__   |\/| /__`  /\  |  \ |  \ |__  |__) [38;5;2m    LoneLibs[38;5;246m 1.0.21
[38;5;51m|  |  |___  |  | .__/ /--\ |__/ |__/ |___ |  \ [38;5;8m    CraftBukkit 3610-Spigot-6198b5a-19df23a (MC: 1.19.2)
[38;5;51m                                               [0m
[20:32:05] [Server thread/ERROR]: [ItemsAdder] [0m[38;5;9mYOU RELOADED THE PLUGIN/SERVER, this may cause bugs.[0m
[20:32:05] [Server thread/ERROR]: [ItemsAdder] [0m[38;5;8mPlease use [38;5;51m/iareload[38;5;8m to reload configurations.[0m
[20:32:05] [Server thread/ERROR]: [ItemsAdder] [0m[38;5;8mPlease [38;5;51mrestart the server[38;5;8m if you want to update the plugin jar.

[0m
[20:32:05] [Server thread/INFO]: [ItemsAdder] [0m[38;5;11mLightAPI not installed, please install it to see blocks emitting light: [38;5;51mhttps://a.devs.beer/lightapi-new[0m
[20:32:06] [Server thread/INFO]: [BossShopPro] Enabling BossShopPro v2.1.0-SNAPSHOT
[20:32:06] [Server thread/INFO]: [BossShopPro] Loading data...
[20:32:06] [Server thread/INFO]: [BossShopPro] Hooked into PlaceholderAPI.
[20:32:06] [Server thread/INFO]: [BlockSounds] Enabling BlockSounds v1.3
[20:32:06] [Server thread/INFO]: [CustomCrops] Enabling CustomCrops v2.1.2
[20:32:06] [Server thread/INFO]: [CustomCrops] Running on 3610-Spigot-6198b5a-19df23a (MC: 1.19.2)
[20:32:06] [Server thread/INFO]: [CustomCrops] Custom Item Plugin Platform: ItemsAdder
[20:32:06] [Server thread/INFO]: [CustomCrops] Crop Mode: Tripwire
[20:32:06] [Server thread/INFO]: [CustomCrops] Loaded 13 crops
[20:32:06] [Server thread/INFO]: [CustomCrops] Loaded 15 fertilizers
[20:32:06] [Server thread/INFO]: [CustomCrops] Loaded 3 sprinklers
[20:32:06] [Server thread/INFO]: [CustomCrops] Loaded 4 watering cans
[20:32:06] [Server thread/INFO]: [PlaceholderAPI] Successfully registered expansion: cseason [1.0]
[20:32:06] [Server thread/INFO]: [CustomCrops] Plugin Enabled!
[20:32:06] [Server thread/INFO]: [SCore] Enabling SCore v3.9.15
[20:32:06] [Server thread/INFO]: ================ SCore ================
[20:32:06] [Server thread/INFO]: SCore Version of the server 3610-Spigot-6198b5a-19df23a (MC: 1.19.2) !
[20:32:06] [Server thread/INFO]: SCore ExecutableBlocks hooked !
[20:32:06] [Server thread/INFO]: SCore PlaceholderAPI hooked !
[20:32:06] [Server thread/INFO]: SCore Vault hooked !
[20:32:06] [Server thread/INFO]: SCore Multiverse-Core hooked !
[20:32:06] [Server thread/INFO]: SCore ProtocolLib hooked !
[20:32:06] [Server thread/INFO]: SCore ItemsAdder hooked !
[20:32:06] [Server thread/INFO]: SCore Locale setup: EN
[20:32:06] [Server thread/INFO]: SCore Language setup on EN
[20:32:06] [Server thread/WARN]: [SCore] Loaded class org.h2.Driver from AdvancedAchievements v6.2.1 which is not a depend or softdepend of this plugin.
[20:32:06] [Server thread/INFO]: SCore onnection to the db...
[20:32:06] [Server thread/INFO]: SCore Creating table SecurityOP if not exists...
[20:32:06] [Server thread/INFO]: SCore Creating table Commands if not exists...
[20:32:06] [Server thread/INFO]: SCore Creating table Cooldowns if not exists...
[20:32:06] [Server thread/INFO]: SCore Creating table Commands Player if not exists...
[20:32:06] [Server thread/INFO]: SCore Creating table Commands Entity if not exists...
[20:32:06] [Server thread/INFO]: SCore Creating table Commands Block if not exists...
[20:32:06] [Server thread/INFO]: SCore Creating table UsePerDay if not exists...
[20:32:08] [Server thread/INFO]: SCore SCore loaded 0 delayed commands saved
[20:32:08] [Server thread/INFO]: [PlaceholderAPI] Successfully registered expansion: SCore [1.0.0]
[20:32:08] [Server thread/INFO]: ================ SCore ================
[20:32:08] [Server thread/INFO]: [ExecutableBlocks] Enabling ExecutableBlocks v3.9.15
[20:32:08] [Server thread/INFO]: ================ ExecutableBlocks ================
[20:32:08] [Server thread/INFO]: ExecutableBlocks ItemsAdder hooked !
[20:32:09] [Server thread/INFO]: ExecutableBlocks There are: 3 ExecutableBlock placed configs to load.
[20:32:09] [Server thread/INFO]: ExecutableBlocks 0/3 blocks loaded.
[20:32:09] [Server thread/INFO]: ExecutableBlocks 1/3 blocks loaded.
[20:32:09] [Server thread/INFO]: ExecutableBlocks 2/3 blocks loaded.
[20:32:09] [Server thread/INFO]: ExecutableBlocks 3 ExecutableBlock(s)Placed loaded !
[20:32:09] [Server thread/INFO]: ================ ExecutableBlocks ================
[20:32:09] [Server thread/INFO]: Server permissions file permissions.yml is empty, ignoring it
[20:32:09] [Server thread/INFO]: [PlaceholderAPI] Placeholder expansion registration initializing...
[20:32:09] [Server thread/INFO]: Demy___: Reload complete.
[20:32:09] [Server thread/WARN]: Can't keep up! Is the server overloaded? Running 14093ms or 281 ticks behind
[20:32:09] [Craft Scheduler Thread - 273/INFO]: [ItemJoin] Hooked into { Multiverse-Core, PlaceholderAPI, ProtocolLib, Vault }
[20:32:09] [Craft Scheduler Thread - 273/INFO]: [ItemJoin] 1 Custom item(s) loaded!
[20:32:09] [Craft Scheduler Thread - 273/WARN]: [ItemJoin] Loaded class org.h2.Driver from AdvancedAchievements v6.2.1 which is not a depend or softdepend of this plugin.
[20:32:09] [Server thread/INFO]: Essentials found a compatible payment resolution method: Vault Compatibility Layer (v1.7.3-b131)!
[20:32:09] [Craft Scheduler Thread - 270/INFO]: §6Récupération des informations de version...
[20:32:09] [Server thread/INFO]: [ItemsAdder] [0m[38;5;51m[Pack] Extracting utility resource_pack assets from .jar[0m
[20:32:09] [Craft Scheduler Thread - 274/INFO]: [ItemsAdder] [0m
[0m
[ItemsAdder] [38;5;10mUPDATE available: [38;5;51mhttps://www.spigotmc.org/resources/73355/[0m
[ItemsAdder] [38;5;8mCurrent version: 3.2.5-beta5[38;5;8m | Online version: 3.3.0b-r4
[0m
[20:32:09] [Server thread/INFO]: [ItemsAdder] [0m[38;5;10m[Pack] DONE extracting utility resource_pack assets from .jar[0m
[20:32:09] [Craft Scheduler Thread - 241/INFO]: [ItemJoin] You are up to date!
[20:32:09] [Craft Scheduler Thread - 268/INFO]: [ItemsAdder] [0m[38;5;10m[License] Spigot product licensed to: [38;5;51mluluxe (244044)[0m
[20:32:10] [Server thread/INFO]: [PlaceholderAPI] Successfully registered expansion: Advancements [1.7]
[20:32:10] [Server thread/WARN]: [PlaceholderAPI] Loaded class net.luckperms.api.LuckPerms from LuckPerms v5.4.58 which is not a depend or softdepend of this plugin.
[20:32:10] [Server thread/INFO]: [PlaceholderAPI] Successfully registered expansion: luckperms [5.4-R2]
[20:32:10] [Server thread/INFO]: 2 placeholder hook(s) registered!
[20:32:10] [Craft Scheduler Thread - 241/INFO]: [Vault] Checking for Updates ... 
[20:32:10] [Server thread/INFO]: Demy___ issued server command: /gm 1
[20:32:10] [Server thread/INFO]: Demy___ issued server command: /difficulty peaceful
[20:32:10] [Server thread/INFO]: [Demy___: The difficulty has been set to Peaceful]
[20:32:10] [Craft Scheduler Thread - 241/INFO]: [Vault] No new version available
[20:32:10] [Craft Scheduler Thread - 268/INFO]: [ItemsAdder] [0m[38;5;11mLoaded [38;5;51m224[38;5;11m items[0m
[20:32:10] [Craft Scheduler Thread - 268/INFO]: [ItemsAdder] [0m[38;5;11mUsed [38;5;51m20[38;5;11m/[38;5;51m188[38;5;11m REAL block IDs[0m
[20:32:10] [Craft Scheduler Thread - 268/INFO]: [ItemsAdder] [0m[38;5;11mUsed [38;5;51m110[38;5;11m/[38;5;51m750[38;5;11m REAL_NOTE block IDs[0m
[20:32:10] [Craft Scheduler Thread - 268/INFO]: [ItemsAdder] [0m[38;5;11mUsed [38;5;51m52[38;5;11m/[38;5;51m63[38;5;11m REAL_TRANSPARENT block IDs[0m
[20:32:10] [Craft Scheduler Thread - 268/INFO]: [ItemsAdder] [0m[38;5;11mUsed [38;5;51m0[38;5;11m/[38;5;51m127[38;5;11m REAL_WIRE block IDs[0m
[20:32:10] [Craft Scheduler Thread - 268/INFO]: [ItemsAdder] [0m[38;5;11mUsed [38;5;51m0[38;5;11m/[38;5;51m14[38;5;11m FIRE block IDs[0m
[20:32:10] [Craft Scheduler Thread - 268/INFO]: [ItemsAdder] [0m[38;5;11mUsed [38;5;51m5[38;5;11m/[38;5;51m6608[38;5;11m font_images[0m
[20:32:10] [Craft Scheduler Thread - 123/INFO]: [BossShopPro] Loaded 5 Shops!
[20:32:10] [Craft Scheduler Thread - 268/INFO]: [ItemsAdder] [0m[38;5;10m[Init] Loaded [38;5;51m3[38;5;11m categories[0m
[20:32:10] [Craft Scheduler Thread - 268/INFO]: [ItemsAdder] [0m[38;5;10m[Init] Loaded [38;5;51m224[38;5;10m items and stuff in [38;5;51m1370ms[0m
[20:32:10] [Craft Scheduler Thread - 268/INFO]: [ItemsAdder] [0m[38;5;51m[Pack] Checking resourcepack url... [0m
[20:32:10] [Craft Scheduler Thread - 268/INFO]: [ItemsAdder] [0m[38;5;10m[Pack] Resourcepack URL (self-host): http://127.0.0.1:8163/pack.zip[0m
[20:32:10] [Server thread/INFO]: [PlaceholderAPI] Successfully registered expansion: img [1.0.1]
[20:32:10] [Server thread/INFO]: [PlaceholderAPI] Successfully registered expansion: iaplayerstat [1.0.1]
[20:32:10] [Server thread/INFO]: [BlockSounds - ItemsAdder] BlockSounds have been enabled!
[20:32:12] [Server thread/INFO]: Demy___ issued server command: /clear
[20:32:13] [Server thread/INFO]: [NBTAPI] Found Spigot: v1_19_R1! Trying to find NMS support
[20:32:13] [Server thread/INFO]: [NBTAPI] NMS support 'MC1_19_R1' loaded!
[20:32:13] [Server thread/INFO]: [NBTAPI] Found Gson: class com.google.gson.Gson
[20:32:13] [Thread-283/INFO]: [NBTAPI] The NBT-API seems to be up-to-date!
[20:32:25] [Server thread/INFO]: Demy___ issued server command: /advancement revoke Demy___ from factorysky:root
[20:32:25] [Server thread/INFO]: [Demy___: Revoked 2 advancements from Demy___]
[20:32:49] [Server thread/INFO]: Demy___ issued server command: /iagive Demy___ dirt_mud
[20:32:50] [Server thread/INFO]: Demy___ has made the advancement [L'ère de la boue]
[20:32:57] [Server thread/INFO]: Demy___ issued server command: /clear
[20:33:00] [Server thread/INFO]: Demy___ issued server command: /datapack disable "file/factorysky"
[20:33:00] [Server thread/INFO]: [Demy___: Disabling data pack [file/factorysky (world)]]
[20:33:01] [Server thread/INFO]: Loaded 7 recipes
[20:33:27] [Server thread/INFO]: Demy___ issued server command: /datapack enable "file/factorysky"
[20:33:27] [Server thread/INFO]: [Demy___: Enabling data pack [file/factorysky (world)]]
[20:33:28] [Server thread/INFO]: Loaded 7 recipes
[20:33:28] [Server thread/ERROR]: Parsing error loading custom advancement factorysky:adv5: Disallowed data tag found
[20:33:28] [Server thread/ERROR]: Parsing error loading custom advancement factorysky:adv4: Disallowed data tag found
[20:33:28] [Server thread/ERROR]: Parsing error loading custom advancement factorysky:adv3: Disallowed data tag found
[20:33:28] [Server thread/ERROR]: Parsing error loading custom advancement factorysky:adv2: Disallowed data tag found
[20:33:28] [Server thread/ERROR]: Parsing error loading custom advancement factorysky:adv6: Disallowed data tag found
[20:33:34] [Server thread/INFO]: Demy___ issued server command: /iagive Demy___ dirt_mud
[20:33:34] [Server thread/INFO]: Demy___ has made the advancement [FactorySky]
[20:34:06] [Server thread/INFO]: Demy___ issued server command: /give Demy___ stone
[20:34:16] [Server thread/INFO]: CONSOLE issued server command: /give Demy___ dispenser 10
[20:34:16] [Server thread/INFO]:  10 dispenser ont été donnés à  Admin Demy___.
[20:34:16] [Server thread/INFO]: CONSOLE issued server command: /give Demy___ lever 5
[20:34:16] [Server thread/INFO]:  5 lever ont été donnés à  Admin Demy___.
[20:34:16] [Server thread/INFO]: [AdvancedAchievements] Player Demy___ received the achievement: break_1_stone (Cobble Gobble!)
[20:34:18] [Server thread/INFO]: Demy___ issued server command: /clear
[20:35:17] [Server thread/INFO]: Demy___ issued server command: /clear
[20:35:22] [Server thread/INFO]: Demy___ issued server command: /datapack disable "file/factorysky"
[20:35:22] [Server thread/INFO]: [Demy___: Disabling data pack [file/factorysky (world)]]
[20:35:23] [Server thread/INFO]: Loaded 7 recipes
[20:35:45] [Server thread/INFO]: Demy___ issued server command: /datapack enable "file/factorysky"
[20:35:45] [Server thread/INFO]: [Demy___: Enabling data pack [file/factorysky (world)]]
[20:35:46] [Server thread/INFO]: Loaded 7 recipes
[20:35:46] [Server thread/ERROR]: Parsing error loading custom advancement factorysky:d: Disallowed data tag found
[20:35:46] [Server thread/ERROR]: Parsing error loading custom advancement factorysky:c: Disallowed data tag found
[20:35:46] [Server thread/ERROR]: Parsing error loading custom advancement factorysky:e: Disallowed data tag found
[20:35:46] [Server thread/ERROR]: Parsing error loading custom advancement factorysky:b: Disallowed data tag found
[20:35:46] [Server thread/ERROR]: Parsing error loading custom advancement factorysky:a: Disallowed data tag found
[20:35:49] [Server thread/INFO]: Demy___ issued server command: /iagive Demy___ dirt_mud
[20:35:49] [Server thread/INFO]: Demy___ has made the advancement [FactorySky]
[20:35:56] [Server thread/INFO]: Demy___ issued server command: /give Demy___ stone
[20:35:57] [Server thread/INFO]: Demy___ issued server command: /clear
[20:36:25] [Server thread/INFO]: Demy___ issued server command: /datapack disable dem
[20:36:27] [Server thread/INFO]: Demy___ issued server command: /datapack disable "file/factorysky"
[20:36:27] [Server thread/INFO]: [Demy___: Disabling data pack [file/factorysky (world)]]
[20:36:28] [Server thread/INFO]: Loaded 7 recipes
[20:36:35] [Server thread/INFO]: Demy___ issued server command: /datapack enable "file/factorysky"
[20:36:35] [Server thread/INFO]: [Demy___: Enabling data pack [file/factorysky (world)]]
[20:36:36] [Server thread/INFO]: Loaded 7 recipes
[20:36:36] [Server thread/ERROR]: Parsing error loading custom advancement factorysky:d: Disallowed data tag found
[20:36:36] [Server thread/ERROR]: Parsing error loading custom advancement factorysky:c: Disallowed data tag found
[20:36:36] [Server thread/ERROR]: Parsing error loading custom advancement factorysky:e: Disallowed data tag found
[20:36:36] [Server thread/ERROR]: Parsing error loading custom advancement factorysky:b: Disallowed data tag found
[20:36:36] [Server thread/ERROR]: Parsing error loading custom advancement factorysky:a: Disallowed data tag found
[20:36:41] [Server thread/INFO]: Demy___ issued server command: /iagive Demy___ dirt_mud
[20:36:41] [Server thread/INFO]: Demy___ has made the advancement [FactorySky]
[20:36:48] [Server thread/INFO]: Demy___ issued server command: /clear
[20:38:08] [Server thread/INFO]: Demy___ issued server command: /datapack disable "file/factorysky"
[20:38:08] [Server thread/INFO]: [Demy___: Disabling data pack [file/factorysky (world)]]
[20:38:09] [Server thread/INFO]: Loaded 7 recipes
[20:38:30] [Server thread/INFO]: Demy___ issued server command: /datapack enable "file/factorysky"
[20:38:30] [Server thread/INFO]: [Demy___: Enabling data pack [file/factorysky (world)]]
[20:38:31] [Server thread/INFO]: Loaded 7 recipes
[20:38:31] [Server thread/ERROR]: Parsing error loading custom advancement factorysky:test6: Disallowed data tag found
[20:38:31] [Server thread/ERROR]: Parsing error loading custom advancement factorysky:test5: Disallowed data tag found
[20:38:31] [Server thread/ERROR]: Parsing error loading custom advancement factorysky:test4: Disallowed data tag found
[20:38:31] [Server thread/ERROR]: Parsing error loading custom advancement factorysky:test3: Disallowed data tag found
[20:38:31] [Server thread/ERROR]: Parsing error loading custom advancement factorysky:test2: Disallowed data tag found
[20:38:35] [Server thread/INFO]: Demy___ issued server command: /iagive Demy___ dirt_mud
[20:38:35] [Server thread/INFO]: Demy___ has made the advancement [FactorySky]
[20:40:47] [Server thread/INFO]: Demy___ issued server command: /datapack disable "file/factorysky"
[20:40:47] [Server thread/INFO]: [Demy___: Disabling data pack [file/factorysky (world)]]
[20:40:48] [Server thread/INFO]: Loaded 7 recipes
[20:41:07] [Server thread/INFO]: Demy___ issued server command: /datapack enable "file/factorysky"
[20:41:07] [Server thread/INFO]: [Demy___: Enabling data pack [file/factorysky (world)]]
[20:41:08] [Server thread/INFO]: Loaded 7 recipes
[20:41:14] [Server thread/INFO]: [AdvancedAchievements] Player Demy___ received the achievement: distancefoot_1000 (Big Walker)
[20:41:19] [Server thread/INFO]: Demy___ issued server command: /clear
[20:41:22] [Server thread/INFO]: Demy___ issued server command: /iagive Demy___ dirt_mud
[20:41:22] [Server thread/INFO]: Demy___ has made the advancement [abcd]
[20:41:22] [Server thread/INFO]: Demy___ has made the advancement [ijkl]
[20:41:22] [Server thread/INFO]: Demy___ has made the advancement [qrst]
[20:41:22] [Server thread/INFO]: Demy___ has made the advancement [mnop]
[20:41:22] [Server thread/INFO]: Demy___ has made the advancement [FactorySky]
[20:41:22] [Server thread/INFO]: Demy___ has made the advancement [efgh]
[20:42:22] [Server thread/INFO]: Demy___ issued server command: /advancement revoke Demy___ from factorysky:root
[20:42:22] [Server thread/INFO]: [Demy___: Revoked 7 advancements from Demy___]
[20:42:24] [Server thread/INFO]: Demy___ issued server command: /cmlear
[20:42:25] [Server thread/INFO]: Demy___ issued server command: /clear
[20:42:32] [Server thread/INFO]: Demy___ issued server command: /iagive Demy___ dirt_mud
[20:42:32] [Server thread/INFO]: Demy___ has made the advancement [abcd]
[20:42:32] [Server thread/INFO]: Demy___ has made the advancement [ijkl]
[20:42:32] [Server thread/INFO]: Demy___ has made the advancement [qrst]
[20:42:32] [Server thread/INFO]: Demy___ has made the advancement [mnop]
[20:42:32] [Server thread/INFO]: Demy___ has made the advancement [FactorySky]
[20:42:32] [Server thread/INFO]: Demy___ has made the advancement [efgh]
[20:43:33] [Server thread/INFO]: Demy___ issued server command: /datapack list
[20:43:47] [Server thread/INFO]: Demy___ issued server command: /clear
[20:43:48] [Server thread/INFO]: Demy___ issued server command: /day
[20:44:50] [Server thread/INFO]: Demy___ lost connection: Disconnected
[20:44:50] [Server thread/INFO]: Demy___ left the game
[20:57:30] [User Authenticator #7/INFO]: UUID of player Demy___ is 436d3716-30ec-4e15-b753-d52946ee5739
[20:57:30] [Server thread/INFO]: Demy___ joined the game
[20:57:30] [Server thread/INFO]: Demy___[/127.0.0.1:57838] logged in with entity id 4047 at ([Superflat]35.720402985011724, -60.0, -10.813452632994634)
[20:57:46] [Server thread/INFO]: Demy___ issued server command: /day
[20:57:56] [Server thread/INFO]: Demy___ issued server command: /reload
[20:57:56] [Server thread/INFO]: Demy___: Please note that this command is not supported and may cause issues when using some plugins.
[20:57:56] [Server thread/INFO]: Demy___: If you encounter any issues please use the /stop command to restart your server.
[20:57:56] [Server thread/INFO]: Debug logging is disabled
[20:57:56] [Server thread/INFO]: Server Ping Player Sample Count: 12
[20:57:56] [Server thread/INFO]: Using 4 threads for Netty based IO
[20:57:56] [Server thread/INFO]: -------- World Settings For [world] --------
[20:57:56] [Server thread/INFO]: Simulation Distance: 10
[20:57:56] [Server thread/INFO]: View Distance: 10
[20:57:56] [Server thread/INFO]: Allow Zombie Pigmen to spawn from portal blocks: true
[20:57:56] [Server thread/INFO]: Item Despawn Rate: 6000
[20:57:56] [Server thread/INFO]: Item Merge Radius: 2.5
[20:57:56] [Server thread/INFO]: Nerfing mobs spawned from spawners: false
[20:57:56] [Server thread/INFO]: Zombie Aggressive Towards Villager: true
[20:57:56] [Server thread/INFO]: Mob Spawn Range: 6
[20:57:56] [Server thread/INFO]: Experience Merge Radius: 3.0
[20:57:56] [Server thread/INFO]: Entity Activation Range: An 32 / Mo 32 / Ra 48 / Mi 16 / Tiv true / Isa false
[20:57:56] [Server thread/INFO]: Cactus Growth Modifier: 100%
[20:57:56] [Server thread/INFO]: Cane Growth Modifier: 100%
[20:57:56] [Server thread/INFO]: Melon Growth Modifier: 100%
[20:57:56] [Server thread/INFO]: Mushroom Growth Modifier: 100%
[20:57:56] [Server thread/INFO]: Pumpkin Growth Modifier: 100%
[20:57:56] [Server thread/INFO]: Sapling Growth Modifier: 100%
[20:57:56] [Server thread/INFO]: Beetroot Growth Modifier: 100%
[20:57:56] [Server thread/INFO]: Carrot Growth Modifier: 100%
[20:57:56] [Server thread/INFO]: Potato Growth Modifier: 100%
[20:57:56] [Server thread/INFO]: Wheat Growth Modifier: 100%
[20:57:56] [Server thread/INFO]: NetherWart Growth Modifier: 100%
[20:57:56] [Server thread/INFO]: Vine Growth Modifier: 100%
[20:57:56] [Server thread/INFO]: Cocoa Growth Modifier: 100%
[20:57:56] [Server thread/INFO]: Bamboo Growth Modifier: 100%
[20:57:56] [Server thread/INFO]: SweetBerry Growth Modifier: 100%
[20:57:56] [Server thread/INFO]: Kelp Growth Modifier: 100%
[20:57:56] [Server thread/INFO]: TwistingVines Growth Modifier: 100%
[20:57:56] [Server thread/INFO]: WeepingVines Growth Modifier: 100%
[20:57:56] [Server thread/INFO]: CaveVines Growth Modifier: 100%
[20:57:56] [Server thread/INFO]: Entity Tracking Range: Pl 48 / An 48 / Mo 48 / Mi 32 / Other 64
[20:57:56] [Server thread/INFO]: Hopper Transfer: 8 Hopper Check: 1 Hopper Amount: 1 Hopper Can Load Chunks: false
[20:57:56] [Server thread/INFO]: Custom Map Seeds:  Village: 10387312 Desert: 14357617 Igloo: 14357618 Jungle: 14357619 Swamp: 14357620 Monument: 10387313 Ocean: 14357621 Shipwreck: 165745295 End City: 10387313 Slime: 987234911 Nether: 30084232 Mansion: 10387319 Fossil: 14357921 Portal: 34222645
[20:57:56] [Server thread/INFO]: Max TNT Explosions: 100
[20:57:56] [Server thread/INFO]: Tile Max Tick Time: 50ms Entity max Tick Time: 50ms
[20:57:56] [Server thread/INFO]: Arrow Despawn Rate: 1200 Trident Respawn Rate:1200
[20:57:56] [Server thread/INFO]: -------- World Settings For [world_nether] --------
[20:57:56] [Server thread/INFO]: Simulation Distance: 10
[20:57:56] [Server thread/INFO]: View Distance: 10
[20:57:56] [Server thread/INFO]: Allow Zombie Pigmen to spawn from portal blocks: true
[20:57:56] [Server thread/INFO]: Item Despawn Rate: 6000
[20:57:56] [Server thread/INFO]: Item Merge Radius: 2.5
[20:57:56] [Server thread/INFO]: Nerfing mobs spawned from spawners: false
[20:57:56] [Server thread/INFO]: Zombie Aggressive Towards Villager: true
[20:57:56] [Server thread/INFO]: Mob Spawn Range: 6
[20:57:56] [Server thread/INFO]: Experience Merge Radius: 3.0
[20:57:56] [Server thread/INFO]: Entity Activation Range: An 32 / Mo 32 / Ra 48 / Mi 16 / Tiv true / Isa false
[20:57:56] [Server thread/INFO]: Cactus Growth Modifier: 100%
[20:57:56] [Server thread/INFO]: Cane Growth Modifier: 100%
[20:57:56] [Server thread/INFO]: Melon Growth Modifier: 100%
[20:57:56] [Server thread/INFO]: Mushroom Growth Modifier: 100%
[20:57:56] [Server thread/INFO]: Pumpkin Growth Modifier: 100%
[20:57:56] [Server thread/INFO]: Sapling Growth Modifier: 100%
[20:57:56] [Server thread/INFO]: Beetroot Growth Modifier: 100%
[20:57:56] [Server thread/INFO]: Carrot Growth Modifier: 100%
[20:57:56] [Server thread/INFO]: Potato Growth Modifier: 100%
[20:57:56] [Server thread/INFO]: Wheat Growth Modifier: 100%
[20:57:56] [Server thread/INFO]: NetherWart Growth Modifier: 100%
[20:57:56] [Server thread/INFO]: Vine Growth Modifier: 100%
[20:57:56] [Server thread/INFO]: Cocoa Growth Modifier: 100%
[20:57:56] [Server thread/INFO]: Bamboo Growth Modifier: 100%
[20:57:56] [Server thread/INFO]: SweetBerry Growth Modifier: 100%
[20:57:56] [Server thread/INFO]: Kelp Growth Modifier: 100%
[20:57:56] [Server thread/INFO]: TwistingVines Growth Modifier: 100%
[20:57:56] [Server thread/INFO]: WeepingVines Growth Modifier: 100%
[20:57:56] [Server thread/INFO]: CaveVines Growth Modifier: 100%
[20:57:56] [Server thread/INFO]: Entity Tracking Range: Pl 48 / An 48 / Mo 48 / Mi 32 / Other 64
[20:57:56] [Server thread/INFO]: Hopper Transfer: 8 Hopper Check: 1 Hopper Amount: 1 Hopper Can Load Chunks: false
[20:57:56] [Server thread/INFO]: Custom Map Seeds:  Village: 10387312 Desert: 14357617 Igloo: 14357618 Jungle: 14357619 Swamp: 14357620 Monument: 10387313 Ocean: 14357621 Shipwreck: 165745295 End City: 10387313 Slime: 987234911 Nether: 30084232 Mansion: 10387319 Fossil: 14357921 Portal: 34222645
[20:57:56] [Server thread/INFO]: Max TNT Explosions: 100
[20:57:56] [Server thread/INFO]: Tile Max Tick Time: 50ms Entity max Tick Time: 50ms
[20:57:56] [Server thread/INFO]: Arrow Despawn Rate: 1200 Trident Respawn Rate:1200
[20:57:56] [Server thread/INFO]: -------- World Settings For [world_the_end] --------
[20:57:56] [Server thread/INFO]: Simulation Distance: 10
[20:57:56] [Server thread/INFO]: View Distance: 10
[20:57:56] [Server thread/INFO]: Allow Zombie Pigmen to spawn from portal blocks: true
[20:57:56] [Server thread/INFO]: Item Despawn Rate: 6000
[20:57:56] [Server thread/INFO]: Item Merge Radius: 2.5
[20:57:56] [Server thread/INFO]: Nerfing mobs spawned from spawners: false
[20:57:56] [Server thread/INFO]: Zombie Aggressive Towards Villager: true
[20:57:56] [Server thread/INFO]: Mob Spawn Range: 6
[20:57:56] [Server thread/INFO]: Experience Merge Radius: 3.0
[20:57:56] [Server thread/INFO]: Entity Activation Range: An 32 / Mo 32 / Ra 48 / Mi 16 / Tiv true / Isa false
[20:57:56] [Server thread/INFO]: Cactus Growth Modifier: 100%
[20:57:56] [Server thread/INFO]: Cane Growth Modifier: 100%
[20:57:56] [Server thread/INFO]: Melon Growth Modifier: 100%
[20:57:56] [Server thread/INFO]: Mushroom Growth Modifier: 100%
[20:57:56] [Server thread/INFO]: Pumpkin Growth Modifier: 100%
[20:57:56] [Server thread/INFO]: Sapling Growth Modifier: 100%
[20:57:56] [Server thread/INFO]: Beetroot Growth Modifier: 100%
[20:57:56] [Server thread/INFO]: Carrot Growth Modifier: 100%
[20:57:56] [Server thread/INFO]: Potato Growth Modifier: 100%
[20:57:56] [Server thread/INFO]: Wheat Growth Modifier: 100%
[20:57:56] [Server thread/INFO]: NetherWart Growth Modifier: 100%
[20:57:56] [Server thread/INFO]: Vine Growth Modifier: 100%
[20:57:56] [Server thread/INFO]: Cocoa Growth Modifier: 100%
[20:57:56] [Server thread/INFO]: Bamboo Growth Modifier: 100%
[20:57:56] [Server thread/INFO]: SweetBerry Growth Modifier: 100%
[20:57:56] [Server thread/INFO]: Kelp Growth Modifier: 100%
[20:57:56] [Server thread/INFO]: TwistingVines Growth Modifier: 100%
[20:57:56] [Server thread/INFO]: WeepingVines Growth Modifier: 100%
[20:57:56] [Server thread/INFO]: CaveVines Growth Modifier: 100%
[20:57:56] [Server thread/INFO]: Entity Tracking Range: Pl 48 / An 48 / Mo 48 / Mi 32 / Other 64
[20:57:56] [Server thread/INFO]: Hopper Transfer: 8 Hopper Check: 1 Hopper Amount: 1 Hopper Can Load Chunks: false
[20:57:56] [Server thread/INFO]: Custom Map Seeds:  Village: 10387312 Desert: 14357617 Igloo: 14357618 Jungle: 14357619 Swamp: 14357620 Monument: 10387313 Ocean: 14357621 Shipwreck: 165745295 End City: 10387313 Slime: 987234911 Nether: 30084232 Mansion: 10387319 Fossil: 14357921 Portal: 34222645
[20:57:56] [Server thread/INFO]: Max TNT Explosions: 100
[20:57:56] [Server thread/INFO]: Tile Max Tick Time: 50ms Entity max Tick Time: 50ms
[20:57:56] [Server thread/INFO]: Arrow Despawn Rate: 1200 Trident Respawn Rate:1200
[20:57:56] [Server thread/INFO]: -------- World Settings For [Superflat] --------
[20:57:56] [Server thread/INFO]: Simulation Distance: 10
[20:57:56] [Server thread/INFO]: View Distance: 10
[20:57:56] [Server thread/INFO]: Allow Zombie Pigmen to spawn from portal blocks: true
[20:57:56] [Server thread/INFO]: Item Despawn Rate: 6000
[20:57:56] [Server thread/INFO]: Item Merge Radius: 2.5
[20:57:56] [Server thread/INFO]: Nerfing mobs spawned from spawners: false
[20:57:56] [Server thread/INFO]: Zombie Aggressive Towards Villager: true
[20:57:56] [Server thread/INFO]: Mob Spawn Range: 6
[20:57:56] [Server thread/INFO]: Experience Merge Radius: 3.0
[20:57:56] [Server thread/INFO]: Entity Activation Range: An 32 / Mo 32 / Ra 48 / Mi 16 / Tiv true / Isa false
[20:57:56] [Server thread/INFO]: Cactus Growth Modifier: 100%
[20:57:56] [Server thread/INFO]: Cane Growth Modifier: 100%
[20:57:56] [Server thread/INFO]: Melon Growth Modifier: 100%
[20:57:56] [Server thread/INFO]: Mushroom Growth Modifier: 100%
[20:57:56] [Server thread/INFO]: Pumpkin Growth Modifier: 100%
[20:57:56] [Server thread/INFO]: Sapling Growth Modifier: 100%
[20:57:56] [Server thread/INFO]: Beetroot Growth Modifier: 100%
[20:57:56] [Server thread/INFO]: Carrot Growth Modifier: 100%
[20:57:56] [Server thread/INFO]: Potato Growth Modifier: 100%
[20:57:56] [Server thread/INFO]: Wheat Growth Modifier: 100%
[20:57:56] [Server thread/INFO]: NetherWart Growth Modifier: 100%
[20:57:56] [Server thread/INFO]: Vine Growth Modifier: 100%
[20:57:56] [Server thread/INFO]: Cocoa Growth Modifier: 100%
[20:57:56] [Server thread/INFO]: Bamboo Growth Modifier: 100%
[20:57:56] [Server thread/INFO]: SweetBerry Growth Modifier: 100%
[20:57:56] [Server thread/INFO]: Kelp Growth Modifier: 100%
[20:57:56] [Server thread/INFO]: TwistingVines Growth Modifier: 100%
[20:57:56] [Server thread/INFO]: WeepingVines Growth Modifier: 100%
[20:57:56] [Server thread/INFO]: CaveVines Growth Modifier: 100%
[20:57:56] [Server thread/INFO]: Entity Tracking Range: Pl 48 / An 48 / Mo 48 / Mi 32 / Other 64
[20:57:56] [Server thread/INFO]: Hopper Transfer: 8 Hopper Check: 1 Hopper Amount: 1 Hopper Can Load Chunks: false
[20:57:56] [Server thread/INFO]: Custom Map Seeds:  Village: 10387312 Desert: 14357617 Igloo: 14357618 Jungle: 14357619 Swamp: 14357620 Monument: 10387313 Ocean: 14357621 Shipwreck: 165745295 End City: 10387313 Slime: 987234911 Nether: 30084232 Mansion: 10387319 Fossil: 14357921 Portal: 34222645
[20:57:56] [Server thread/INFO]: Max TNT Explosions: 100
[20:57:56] [Server thread/INFO]: Tile Max Tick Time: 50ms Entity max Tick Time: 50ms
[20:57:56] [Server thread/INFO]: Arrow Despawn Rate: 1200 Trident Respawn Rate:1200
[20:57:56] [Server thread/INFO]: [ExecutableBlocks] Disabling ExecutableBlocks v3.9.15
[20:57:56] [Server thread/INFO]: [CustomCrops] Disabling CustomCrops v2.1.2
[20:57:56] [Server thread/INFO]: [BlockSounds] Disabling BlockSounds v1.3
[20:57:56] [Server thread/INFO]: [BossShopPro] Disabling BossShopPro v2.1.0-SNAPSHOT
[20:57:56] [Server thread/INFO]: [BossShopPro] Disabling... bye!
[20:57:56] [Server thread/INFO]: [ItemsAdder] Disabling ItemsAdder v3.2.5-beta5
[20:57:56] [Craft Scheduler Thread - 273/INFO]: [ItemsAdder] [0m[38;5;51m[Host] Started self-host webserver on port: 8163[0m
[20:57:56] [Server thread/INFO]: [ItemJoin] Disabling ItemJoin v5.2.5-RELEASE-b850
[20:57:56] [Server thread/INFO]: [AdvancedAchievements-LuckPerms-Hook] Disabling AdvancedAchievements-LuckPerms-Hook v1.1.0
[20:57:56] [Server thread/INFO]: [TAB] Disabling TAB v3.2.1
[20:57:56] [Server thread/INFO]: [TAB] Disabled in 2ms
[20:57:56] [Server thread/INFO]: [EssentialsChat] Disabling EssentialsChat v2.17.0.0
[20:57:56] [Server thread/INFO]: [AdvancedAchievements] Disabling AdvancedAchievements v6.2.1
[20:57:56] [Server thread/INFO]: [AdvancedAchievements] Remaining requests sent to the database, plugin successfully disabled.
[20:57:56] [Server thread/INFO]: Disabling Essentials v2.19.7
[20:57:56] [Server thread/INFO]: [Vault] [Economy] Essentials Economy unhooked.
[20:57:56] [Server thread/ERROR]: Il y a de bonnes chances que vous soyez entrain de recharger votre serveur en ce moment. Si c'est le cas, pourquoi vous détestez vous-même ? N'attendez aucun support de l'équipe EssentialsX en utilisant /reload.
[20:57:56] [Server thread/INFO]: [SimpleScore] Disabling SimpleScore v3.12.2
[20:57:56] [Server thread/INFO]: [CrazyEnchantments] Disabling CrazyEnchantments v1.9.8
[20:57:56] [Server thread/INFO]: [AdvancedHelp] Disabling AdvancedHelp v1.12.7
[20:57:56] [Server thread/INFO]: [ProtocolLib] Disabling ProtocolLib v5.0.0-SNAPSHOT-b600
[20:57:56] [Server thread/ERROR]: [ProtocolLib] ????????????????????????????????????????????????????????????????????
[20:57:56] [Server thread/ERROR]: [ProtocolLib] ?                               WARNING                            ?
[20:57:56] [Server thread/ERROR]: [ProtocolLib] ?     RELOADING THE SERVER WHILE PROTOCOL LIB IS ENABLED MIGHT     ?
[20:57:56] [Server thread/ERROR]: [ProtocolLib] ?                    LEAD TO UNEXPECTED ERRORS!                    ?
[20:57:56] [Server thread/ERROR]: [ProtocolLib] ?                                                                  ?
[20:57:56] [Server thread/ERROR]: [ProtocolLib] ?     Consider to cleanly restart your server if you encounter     ?
[20:57:56] [Server thread/ERROR]: [ProtocolLib] ?    any issues related to Protocol Lib before opening an issue    ?
[20:57:56] [Server thread/ERROR]: [ProtocolLib] ?                            on GitHub!                            ?
[20:57:56] [Server thread/ERROR]: [ProtocolLib] ????????????????????????????????????????????????????????????????????
[20:57:56] [Server thread/INFO]: [Multiverse-Core] Disabling Multiverse-Core v4.3.1-b861
[20:57:56] [Server thread/INFO]: [LoneLibs] Disabling LoneLibs v1.0.21
[20:57:56] [Server thread/INFO]: [Vault] Disabling Vault v1.7.3-b131
[20:57:56] [Server thread/INFO]: [NametagEdit] Disabling NametagEdit v4.5.14
[20:57:56] [Server thread/INFO]: [PlaceholderAPI] Disabling PlaceholderAPI v2.11.2
[20:57:56] [Server thread/INFO]: [LuckPerms] Disabling LuckPerms v5.4.58
[20:57:56] [Server thread/INFO]: [LuckPerms] Starting shutdown process...
[20:57:56] [Server thread/INFO]: [LuckPerms] Closing storage...
[20:57:56] [Server thread/INFO]: [LuckPerms] Goodbye!
[20:57:59] [Server thread/INFO]: Demy___ issued server command: /gm 1
[20:58:00] [Server thread/INFO]: Loaded 7 recipes
[20:58:03] [Server thread/WARN]: Legacy plugin AdvancedAchievements-LuckPerms-Hook v1.1.0 does not specify an api-version.
[20:58:03] [Server thread/INFO]: [LuckPerms] Loading LuckPerms v5.4.58
[20:58:05] [Server thread/INFO]: [PlaceholderAPI] Loading PlaceholderAPI v2.11.2
[20:58:05] [Server thread/INFO]: [NametagEdit] Loading NametagEdit v4.5.14
[20:58:05] [Server thread/INFO]: [Vault] Loading Vault v1.7.3-b131
[20:58:05] [Server thread/INFO]: [LoneLibs] Loading LoneLibs v1.0.21
[20:58:05] [Server thread/INFO]: [Multiverse-Core] Loading Multiverse-Core v4.3.1-b861
[20:58:05] [Server thread/INFO]: [ProtocolLib] Loading ProtocolLib v5.0.0-SNAPSHOT-b600
[20:58:05] [Server thread/WARN]: [ProtocolLib] Version (MC: 1.19.2) has not yet been tested! Proceed with caution.
[20:58:07] [Server thread/INFO]: [AdvancedHelp] Loading AdvancedHelp v1.12.7
[20:58:07] [Server thread/INFO]: [CrazyEnchantments] Loading CrazyEnchantments v1.9.8
[20:58:07] [Server thread/INFO]: [SimpleScore] Loading SimpleScore v3.12.2
[20:58:07] [Server thread/INFO]: [Essentials] Loading Essentials v2.19.7
[20:58:07] [Server thread/INFO]: [AdvancedAchievements] Loading AdvancedAchievements v6.2.1
[20:58:07] [Server thread/INFO]: [EssentialsChat] Loading EssentialsChat v2.17.0.0
[20:58:07] [Server thread/INFO]: [TAB] Loading TAB v3.2.1
[20:58:07] [Server thread/INFO]: [AdvancedAchievements-LuckPerms-Hook] Loading AdvancedAchievements-LuckPerms-Hook v1.1.0
[20:58:07] [Server thread/INFO]: [ItemJoin] Loading ItemJoin v5.2.5-RELEASE-b850
[20:58:07] [Server thread/INFO]: [ItemsAdder] Loading ItemsAdder v3.2.5-beta5
[20:58:07] [Server thread/INFO]: [BossShopPro] Loading BossShopPro v2.1.0-SNAPSHOT
[20:58:07] [Server thread/INFO]: [BlockSounds] Loading BlockSounds v1.3
[20:58:07] [Server thread/INFO]: [CustomCrops] Loading CustomCrops v2.1.2
[20:58:07] [Server thread/INFO]: [SCore] Loading SCore v3.9.15
[20:58:07] [Server thread/INFO]: [ExecutableBlocks] Loading ExecutableBlocks v3.9.15
[20:58:07] [Server thread/INFO]: [LuckPerms] Enabling LuckPerms v5.4.58
[20:58:07] [Server thread/WARN]: [LuckPerms] Loaded class net.kyori.adventure.text.Component from SCore v3.9.15 which is not a depend or softdepend of this plugin.
[20:58:08] [Server thread/INFO]:         __    
[20:58:08] [Server thread/INFO]:   |    |__)   LuckPerms v5.4.58
[20:58:08] [Server thread/INFO]:   |___ |      Running on Bukkit - CraftBukkit
[20:58:08] [Server thread/INFO]: 
[20:58:08] [Server thread/INFO]: [LuckPerms] Loading configuration...
[20:58:08] [Server thread/INFO]: [LuckPerms] Loading storage provider... [H2]
[20:58:09] [Server thread/INFO]: [LuckPerms] Loading internal permission managers...
[20:58:09] [Server thread/INFO]: [LuckPerms] Performing initial data load...
[20:58:09] [Server thread/INFO]: [LuckPerms] Successfully enabled. (took 2529ms)
[20:58:09] [Server thread/INFO]: [Vault] Enabling Vault v1.7.3-b131
[20:58:09] [Server thread/WARN]: [Vault] Loaded class com.earth2me.essentials.api.Economy from Essentials v2.19.7 which is not a depend or softdepend of this plugin.
[20:58:09] [Server thread/INFO]: [Vault] [Economy] Essentials Economy found: Waiting
[20:58:10] [Server thread/INFO]: [Vault] [Permission] SuperPermissions loaded as backup permission system.
[20:58:10] [Server thread/INFO]: [Vault] Enabled Version 1.7.3-b131
[20:58:10] [Server thread/INFO]: [LuckPerms] Registered Vault permission & chat hook.
[20:58:10] [Server thread/INFO]: [LoneLibs] Enabling LoneLibs v1.0.21
[20:58:10] [Server thread/INFO]: [ProtocolLib] Enabling ProtocolLib v5.0.0-SNAPSHOT-b600
[20:58:10] [Server thread/INFO]: [ItemJoin] Enabling ItemJoin v5.2.5-RELEASE-b850
[20:58:10] [Server thread/INFO]: [PlaceholderAPI] Enabling PlaceholderAPI v2.11.2
[20:58:10] [Server thread/WARN]: [PlaceholderAPI] Loaded class net.kyori.adventure.text.Component from SCore v3.9.15 which is not a depend or softdepend of this plugin.
[20:58:10] [Server thread/INFO]: [PlaceholderAPI] Fetching available expansion information...
[20:58:10] [Server thread/INFO]: [NametagEdit] Enabling NametagEdit v4.5.14
[20:58:10] [Server thread/INFO]: [NametagEdit] Successfully loaded using bukkit version: v1_19_R1
[20:58:10] [Server thread/INFO]: [NametagEdit] Found LuckPerms! Hooking in.
[20:58:10] [Server thread/INFO]: [Multiverse-Core] Enabling Multiverse-Core v4.3.1-b861
[20:58:10] [Server thread/WARN]: [Multiverse-Core] "Multiverse-Core v4.3.1-b861" has registered a listener for org.bukkit.event.entity.EntityCreatePortalEvent on method "public void com.onarandombox.MultiverseCore.listeners.MVPortalListener.entityPortalCreate(org.bukkit.event.entity.EntityCreatePortalEvent)", but the event is Deprecated. "Server performance will be affected"; please notify the authors [dumptruckman, Rigby, fernferret, lithium3141, main--].
[20:58:10] [Server thread/INFO]: [Multiverse-Core] §aWe are aware of the warning about the deprecated event. There is no alternative that allows us to do what we need to do and performance impact is negligible. It is safe to ignore.
[20:58:10] [Server thread/INFO]: [Multiverse-Core] 4 - World(s) loaded.
[20:58:10] [Server thread/WARN]: [Multiverse-Core] Buscript failed to load! The script command will be disabled! If you would like not to see this message, use `/mv conf enablebuscript false` to disable Buscript from loading.
[20:58:10] [Server thread/INFO]: [Multiverse-Core] Version 4.3.1-b861 (API v24) Enabled - By dumptruckman, Rigby, fernferret, lithium3141 and main--
[20:58:10] [Server thread/INFO]: [AdvancedHelp] Enabling AdvancedHelp v1.12.7
[20:58:10] [Server thread/INFO]: [AdvancedHelp] PlaceholderAPI Hooked!
[20:58:10] [Server thread/INFO]: [AdvancedHelp] Plugin is up to date! -1.12.7
[20:58:10] [Server thread/INFO]: [AdvancedHelp] Successfully Enabled!
[20:58:10] [Server thread/INFO]: [CrazyEnchantments] Enabling CrazyEnchantments v1.9.8
[20:58:10] [Server thread/INFO]: [CrazyEnchantments] Loading the config.yml.
[20:58:10] [Server thread/INFO]: [CrazyEnchantments] Successfully loaded config.yml.
[20:58:10] [Server thread/INFO]: [CrazyEnchantments] Loading the BlockList.yml.
[20:58:10] [Server thread/INFO]: [CrazyEnchantments] Successfully loaded BlockList.yml.
[20:58:10] [Server thread/INFO]: [CrazyEnchantments] Loading the Data.yml.
[20:58:10] [Server thread/INFO]: [CrazyEnchantments] Successfully loaded Data.yml.
[20:58:10] [Server thread/INFO]: [CrazyEnchantments] Loading the Enchantments.yml.
[20:58:10] [Server thread/INFO]: [CrazyEnchantments] Successfully loaded Enchantments.yml.
[20:58:10] [Server thread/INFO]: [CrazyEnchantments] Loading the GKitz.yml.
[20:58:10] [Server thread/INFO]: [CrazyEnchantments] Successfully loaded GKitz.yml.
[20:58:10] [Server thread/INFO]: [CrazyEnchantments] Loading the Messages.yml.
[20:58:10] [Server thread/INFO]: [CrazyEnchantments] Successfully loaded Messages.yml.
[20:58:10] [Server thread/INFO]: [CrazyEnchantments] Loading the Enchantment-Types.yml.
[20:58:10] [Server thread/INFO]: [CrazyEnchantments] Successfully loaded Enchantment-Types.yml.
[20:58:10] [Server thread/INFO]: [CrazyEnchantments] Loading the Tinker.yml.
[20:58:10] [Server thread/INFO]: [CrazyEnchantments] Successfully loaded Tinker.yml.
[20:58:10] [Server thread/INFO]: [CrazyEnchantments] §8§l=== §e§lCrazyEnchantment Hook Status §8§l===
[20:58:10] [Server thread/INFO]: [CrazyEnchantments] §6§lSILK_SPAWNERS_V2 §c§lNOT FOUND
[20:58:10] [Server thread/INFO]: [CrazyEnchantments] §6§lFACTIONS_UUID §c§lNOT FOUND
[20:58:10] [Server thread/INFO]: [CrazyEnchantments] §6§lSILK_SPAWNERS §c§lNOT FOUND
[20:58:10] [Server thread/INFO]: [CrazyEnchantments] §6§lVAULT §a§lFOUND
[20:58:10] [Server thread/INFO]: [CrazyEnchantments] §6§lNO_CHEAT_PLUS §c§lNOT FOUND
[20:58:10] [Server thread/INFO]: [CrazyEnchantments] §6§lGRIEF_PREVENTION §c§lNOT FOUND
[20:58:10] [Server thread/INFO]: [CrazyEnchantments] §6§lTOWNYADVANCED §c§lNOT FOUND
[20:58:10] [Server thread/INFO]: [CrazyEnchantments] §6§lWORLDEDIT §c§lNOT FOUND
[20:58:10] [Server thread/INFO]: [CrazyEnchantments] §6§lPLOT_SQUARED §c§lNOT FOUND
[20:58:10] [Server thread/INFO]: [CrazyEnchantments] §6§lSUPERIORSKYBLOCK §c§lNOT FOUND
[20:58:10] [Server thread/INFO]: [CrazyEnchantments] §6§lWORLDGUARD §c§lNOT FOUND
[20:58:10] [Server thread/INFO]: [CrazyEnchantments] §6§lORAXEN §c§lNOT FOUND
[20:58:10] [Server thread/INFO]: [CrazyEnchantments] §6§lMCMMO §c§lNOT FOUND
[20:58:10] [Server thread/INFO]: [CrazyEnchantments] §6§lSPARTAN §c§lNOT FOUND
[20:58:10] [Server thread/INFO]: [NBTAPI] Found Spigot: v1_19_R1! Trying to find NMS support
[20:58:10] [Server thread/INFO]: [NBTAPI] NMS support 'MC1_19_R1' loaded!
[20:58:10] [Server thread/INFO]: [NBTAPI] Found Gson: class com.google.gson.Gson
[20:58:11] [Server thread/INFO]: [CrazyEnchantments] G-Kitz support is now enabled.
[20:58:11] [Thread-306/INFO]: [NBTAPI] The NBT-API seems to be up-to-date!
[20:58:11] [Server thread/INFO]: [SimpleScore] Enabling SimpleScore v3.12.2
[20:58:11] [Server thread/INFO]: [PlaceholderAPI] Successfully registered expansion: SimpleScore [3.12.2]
[20:58:11] [Server thread/INFO]: [Essentials] Enabling Essentials v2.19.7
[20:58:11] [Server thread/INFO]: You are running a server with limited API functionality. EssentialsX will still work, but certain features may be disabled.
[20:58:11] [Server thread/WARN]: §4Version mismatch! Please update EssentialsChat to the same version.
[20:58:12] [Server thread/INFO]: Attempting to convert old kits in config.yml to new kits.yml
[20:58:12] [Server thread/INFO]: No kits found to migrate.
[20:58:12] [Server thread/INFO]: Loaded 38132 items from items.json.
[20:58:12] [Server thread/INFO]: Using locale fr_FR
[20:58:12] [Server thread/INFO]: ServerListPingEvent: Spigot iterator API
[20:58:12] [Server thread/INFO]: Starting Metrics. Opt-out using the global bStats config.
[20:58:12] [Server thread/INFO]: [Vault] [Economy] Essentials Economy hooked.
[20:58:12] [Server thread/INFO]: Using Vault based permissions (LuckPerms)
[20:58:12] [Server thread/INFO]: [AdvancedAchievements] Enabling AdvancedAchievements v6.2.1
[20:58:13] [Server thread/INFO]: [AdvancedAchievements] Loading and backing up configuration files...
[20:58:13] [Server thread/WARN]: [AdvancedAchievements] Overriding configuration: disabling PetMasterGive and PetMasterReceive categories.
[20:58:13] [Server thread/WARN]: [AdvancedAchievements] Ensure you have placed Pet Master with a minimum version of 1.4 in your plugins folder or add PetMasterGive and PetMasterReceive to the DisabledCategories list in config.yml.
[20:58:13] [Server thread/INFO]: [AdvancedAchievements] Loaded 58 achievements in 48 categories.
[20:58:13] [Server thread/INFO]: [AdvancedAchievements] 3 disabled categories: [PetMasterGive, AdvancementsCompleted, PetMasterReceive]
[20:58:13] [Server thread/INFO]: [AdvancedAchievements] Registering event listeners...
[20:58:13] [Server thread/INFO]: [AdvancedAchievements] Initialising database...
[20:58:14] [Server thread/INFO]: [AdvancedAchievements] Setting up command executor and custom tab completers...
[20:58:14] [Server thread/INFO]: [AdvancedAchievements] Launching scheduled tasks...
[20:58:14] [Server thread/INFO]: [AdvancedAchievements] Registering permissions...
[20:58:14] [Thread-311/INFO]: [AdvancedAchievements] Checking for plugin update...
[20:58:14] [Server thread/INFO]: [PlaceholderAPI] Successfully registered expansion: aach [6.2.1]
[20:58:14] [Server thread/INFO]: [AdvancedAchievements] Plugin has finished loading and is ready to run! Took 1352ms.
[20:58:14] [Server thread/INFO]: [EssentialsChat] Enabling EssentialsChat v2.17.0.0
[20:58:14] [Server thread/WARN]: [EssentialsChat] §4Versions différentes ! Veuillez mettre à jour tous les jars Essentials à la même version.
[20:58:14] [Server thread/ERROR]: Error occurred while enabling EssentialsChat v2.17.0.0 (Is it up to date?)
java.lang.NoClassDefFoundError: com/earth2me/essentials/metrics/Metrics
	at com.earth2me.essentials.chat.EssentialsChat.onEnable(EssentialsChat.java:43) ~[?:?]
	at org.bukkit.plugin.java.JavaPlugin.setEnabled(JavaPlugin.java:264) ~[spigot-api-1.19.2-R0.1-SNAPSHOT.jar:?]
	at org.bukkit.plugin.java.JavaPluginLoader.enablePlugin(JavaPluginLoader.java:342) ~[spigot-api-1.19.2-R0.1-SNAPSHOT.jar:?]
	at org.bukkit.plugin.SimplePluginManager.enablePlugin(SimplePluginManager.java:480) ~[spigot-api-1.19.2-R0.1-SNAPSHOT.jar:?]
	at org.bukkit.craftbukkit.v1_19_R1.CraftServer.enablePlugin(CraftServer.java:525) ~[spigot-1.19.2-R0.1-SNAPSHOT.jar:3610-Spigot-6198b5a-19df23a]
	at org.bukkit.craftbukkit.v1_19_R1.CraftServer.enablePlugins(CraftServer.java:439) ~[spigot-1.19.2-R0.1-SNAPSHOT.jar:3610-Spigot-6198b5a-19df23a]
	at org.bukkit.craftbukkit.v1_19_R1.CraftServer.reload(CraftServer.java:924) ~[spigot-1.19.2-R0.1-SNAPSHOT.jar:3610-Spigot-6198b5a-19df23a]
	at org.bukkit.Bukkit.reload(Bukkit.java:802) ~[spigot-api-1.19.2-R0.1-SNAPSHOT.jar:?]
	at org.bukkit.command.defaults.ReloadCommand.execute(ReloadCommand.java:27) ~[spigot-api-1.19.2-R0.1-SNAPSHOT.jar:?]
	at org.bukkit.command.SimpleCommandMap.dispatch(SimpleCommandMap.java:149) ~[spigot-api-1.19.2-R0.1-SNAPSHOT.jar:?]
	at org.bukkit.craftbukkit.v1_19_R1.CraftServer.dispatchCommand(CraftServer.java:833) ~[spigot-1.19.2-R0.1-SNAPSHOT.jar:3610-Spigot-6198b5a-19df23a]
	at org.bukkit.craftbukkit.v1_19_R1.command.BukkitCommandWrapper.run(BukkitCommandWrapper.java:50) ~[spigot-1.19.2-R0.1-SNAPSHOT.jar:3610-Spigot-6198b5a-19df23a]
	at com.mojang.brigadier.CommandDispatcher.execute(CommandDispatcher.java:264) ~[spigot-1.19.2-R0.1-SNAPSHOT.jar:?]
	at net.minecraft.commands.CommandDispatcher.performCommand(CommandDispatcher.java:298) ~[spigot-1.19.2-R0.1-SNAPSHOT.jar:3610-Spigot-6198b5a-19df23a]
	at net.minecraft.commands.CommandDispatcher.a(CommandDispatcher.java:282) ~[spigot-1.19.2-R0.1-SNAPSHOT.jar:3610-Spigot-6198b5a-19df23a]
	at net.minecraft.server.network.PlayerConnection.b(PlayerConnection.java:1949) ~[spigot-1.19.2-R0.1-SNAPSHOT.jar:3610-Spigot-6198b5a-19df23a]
	at net.minecraft.server.network.PlayerConnection.lambda$18(PlayerConnection.java:1914) ~[spigot-1.19.2-R0.1-SNAPSHOT.jar:3610-Spigot-6198b5a-19df23a]
	at net.minecraft.util.thread.IAsyncTaskHandler.b(SourceFile:68) ~[spigot-1.19.2-R0.1-SNAPSHOT.jar:3610-Spigot-6198b5a-19df23a]
	at java.util.concurrent.CompletableFuture$AsyncSupply.run(CompletableFuture.java:1768) ~[?:?]
	at net.minecraft.server.TickTask.run(SourceFile:18) ~[spigot-1.19.2-R0.1-SNAPSHOT.jar:3610-Spigot-6198b5a-19df23a]
	at net.minecraft.util.thread.IAsyncTaskHandler.d(SourceFile:157) ~[spigot-1.19.2-R0.1-SNAPSHOT.jar:3610-Spigot-6198b5a-19df23a]
	at net.minecraft.util.thread.IAsyncTaskHandlerReentrant.d(SourceFile:23) ~[spigot-1.19.2-R0.1-SNAPSHOT.jar:3610-Spigot-6198b5a-19df23a]
	at net.minecraft.server.MinecraftServer.b(MinecraftServer.java:1150) ~[spigot-1.19.2-R0.1-SNAPSHOT.jar:3610-Spigot-6198b5a-19df23a]
	at net.minecraft.server.MinecraftServer.d(MinecraftServer.java:1) ~[spigot-1.19.2-R0.1-SNAPSHOT.jar:3610-Spigot-6198b5a-19df23a]
	at net.minecraft.util.thread.IAsyncTaskHandler.x(SourceFile:131) ~[spigot-1.19.2-R0.1-SNAPSHOT.jar:3610-Spigot-6198b5a-19df23a]
	at net.minecraft.server.MinecraftServer.bh(MinecraftServer.java:1129) ~[spigot-1.19.2-R0.1-SNAPSHOT.jar:3610-Spigot-6198b5a-19df23a]
	at net.minecraft.server.MinecraftServer.x(MinecraftServer.java:1122) ~[spigot-1.19.2-R0.1-SNAPSHOT.jar:3610-Spigot-6198b5a-19df23a]
	at net.minecraft.util.thread.IAsyncTaskHandler.c(SourceFile:140) ~[spigot-1.19.2-R0.1-SNAPSHOT.jar:3610-Spigot-6198b5a-19df23a]
	at net.minecraft.server.MinecraftServer.w(MinecraftServer.java:1106) ~[spigot-1.19.2-R0.1-SNAPSHOT.jar:3610-Spigot-6198b5a-19df23a]
	at net.minecraft.server.MinecraftServer.v(MinecraftServer.java:1017) ~[spigot-1.19.2-R0.1-SNAPSHOT.jar:3610-Spigot-6198b5a-19df23a]
	at net.minecraft.server.MinecraftServer.lambda$0(MinecraftServer.java:293) ~[spigot-1.19.2-R0.1-SNAPSHOT.jar:3610-Spigot-6198b5a-19df23a]
	at java.lang.Thread.run(Thread.java:833) [?:?]
Caused by: java.lang.ClassNotFoundException: com.earth2me.essentials.metrics.Metrics
	at org.bukkit.plugin.java.PluginClassLoader.loadClass0(PluginClassLoader.java:147) ~[spigot-api-1.19.2-R0.1-SNAPSHOT.jar:?]
	at org.bukkit.plugin.java.PluginClassLoader.loadClass(PluginClassLoader.java:99) ~[spigot-api-1.19.2-R0.1-SNAPSHOT.jar:?]
	at java.lang.ClassLoader.loadClass(ClassLoader.java:520) ~[?:?]
	... 32 more
[20:58:14] [Server thread/INFO]: [TAB] Enabling TAB v3.2.1
[20:58:14] [Server thread/INFO]: [TAB] Server version: 1.19.2 (v1_19_R1)
[20:58:14] [Thread-311/WARN]: [AdvancedAchievements] Update available: v8.0.2! Download at spigotmc.org/resources/advanced-achievements.83466
[20:58:14] [Server thread/INFO]: [TAB] Loaded NMS hook in 20ms
[20:58:14] [Server thread/WARN]: [TAB] Loaded class net.kyori.adventure.text.minimessage.MiniMessage from SCore v3.9.15 which is not a depend or softdepend of this plugin.
[20:58:14] [Server thread/WARN]: [ProtocolLib] Loaded class net.kyori.adventure.text.Component from SCore v3.9.15 which is not a depend or softdepend of this plugin.
[20:58:14] [Server thread/INFO]: [TAB] Enabled in 407ms
[20:58:14] [Server thread/INFO]: [AdvancedAchievements-LuckPerms-Hook] Enabling AdvancedAchievements-LuckPerms-Hook v1.1.0
[20:58:14] [Server thread/INFO]: [AdvancedAchievements-LuckPerms-Hook] Preparing configuration...
[20:58:14] [Server thread/INFO]: [AdvancedAchievements-LuckPerms-Hook] Checking required plugins are installed and enabled, please wait...
[20:58:14] [Server thread/INFO]: [AdvancedAchievements-LuckPerms-Hook] Checking Plugin AdvancedAchievements
[20:58:14] [Server thread/INFO]: [AdvancedAchievements-LuckPerms-Hook] Plugin AdvancedAchievements is ok!
[20:58:14] [Server thread/INFO]: [AdvancedAchievements-LuckPerms-Hook] Checking Plugin LuckPerms
[20:58:14] [Server thread/INFO]: [AdvancedAchievements-LuckPerms-Hook] Plugin LuckPerms is ok!
[20:58:14] [Server thread/ERROR]: Error occurred while enabling AdvancedAchievements-LuckPerms-Hook v1.1.0 (Is it up to date?)
java.lang.NoClassDefFoundError: me/lucko/luckperms/api/LuckPermsApi
	at com.algorithmjunkie.mc.aalphook.AALPHookPlugin$onEnable$2.invoke(AALPHookPlugin.kt:39) ~[?:?]
	at com.algorithmjunkie.mc.aalphook.AALPHookPlugin$onEnable$2.invoke(AALPHookPlugin.kt:14) ~[?:?]
	at com.algorithmjunkie.mc.aalphook.AALPHookPlugin.checkPlugin(AALPHookPlugin.kt:64) ~[?:?]
	at com.algorithmjunkie.mc.aalphook.AALPHookPlugin.onEnable(AALPHookPlugin.kt:38) ~[?:?]
	at org.bukkit.plugin.java.JavaPlugin.setEnabled(JavaPlugin.java:264) ~[spigot-api-1.19.2-R0.1-SNAPSHOT.jar:?]
	at org.bukkit.plugin.java.JavaPluginLoader.enablePlugin(JavaPluginLoader.java:342) ~[spigot-api-1.19.2-R0.1-SNAPSHOT.jar:?]
	at org.bukkit.plugin.SimplePluginManager.enablePlugin(SimplePluginManager.java:480) ~[spigot-api-1.19.2-R0.1-SNAPSHOT.jar:?]
	at org.bukkit.craftbukkit.v1_19_R1.CraftServer.enablePlugin(CraftServer.java:525) ~[spigot-1.19.2-R0.1-SNAPSHOT.jar:3610-Spigot-6198b5a-19df23a]
	at org.bukkit.craftbukkit.v1_19_R1.CraftServer.enablePlugins(CraftServer.java:439) ~[spigot-1.19.2-R0.1-SNAPSHOT.jar:3610-Spigot-6198b5a-19df23a]
	at org.bukkit.craftbukkit.v1_19_R1.CraftServer.reload(CraftServer.java:924) ~[spigot-1.19.2-R0.1-SNAPSHOT.jar:3610-Spigot-6198b5a-19df23a]
	at org.bukkit.Bukkit.reload(Bukkit.java:802) ~[spigot-api-1.19.2-R0.1-SNAPSHOT.jar:?]
	at org.bukkit.command.defaults.ReloadCommand.execute(ReloadCommand.java:27) ~[spigot-api-1.19.2-R0.1-SNAPSHOT.jar:?]
	at org.bukkit.command.SimpleCommandMap.dispatch(SimpleCommandMap.java:149) ~[spigot-api-1.19.2-R0.1-SNAPSHOT.jar:?]
	at org.bukkit.craftbukkit.v1_19_R1.CraftServer.dispatchCommand(CraftServer.java:833) ~[spigot-1.19.2-R0.1-SNAPSHOT.jar:3610-Spigot-6198b5a-19df23a]
	at org.bukkit.craftbukkit.v1_19_R1.command.BukkitCommandWrapper.run(BukkitCommandWrapper.java:50) ~[spigot-1.19.2-R0.1-SNAPSHOT.jar:3610-Spigot-6198b5a-19df23a]
	at com.mojang.brigadier.CommandDispatcher.execute(CommandDispatcher.java:264) ~[spigot-1.19.2-R0.1-SNAPSHOT.jar:?]
	at net.minecraft.commands.CommandDispatcher.performCommand(CommandDispatcher.java:298) ~[spigot-1.19.2-R0.1-SNAPSHOT.jar:3610-Spigot-6198b5a-19df23a]
	at net.minecraft.commands.CommandDispatcher.a(CommandDispatcher.java:282) ~[spigot-1.19.2-R0.1-SNAPSHOT.jar:3610-Spigot-6198b5a-19df23a]
	at net.minecraft.server.network.PlayerConnection.b(PlayerConnection.java:1949) ~[spigot-1.19.2-R0.1-SNAPSHOT.jar:3610-Spigot-6198b5a-19df23a]
	at net.minecraft.server.network.PlayerConnection.lambda$18(PlayerConnection.java:1914) ~[spigot-1.19.2-R0.1-SNAPSHOT.jar:3610-Spigot-6198b5a-19df23a]
	at net.minecraft.util.thread.IAsyncTaskHandler.b(SourceFile:68) ~[spigot-1.19.2-R0.1-SNAPSHOT.jar:3610-Spigot-6198b5a-19df23a]
	at java.util.concurrent.CompletableFuture$AsyncSupply.run(CompletableFuture.java:1768) ~[?:?]
	at net.minecraft.server.TickTask.run(SourceFile:18) ~[spigot-1.19.2-R0.1-SNAPSHOT.jar:3610-Spigot-6198b5a-19df23a]
	at net.minecraft.util.thread.IAsyncTaskHandler.d(SourceFile:157) ~[spigot-1.19.2-R0.1-SNAPSHOT.jar:3610-Spigot-6198b5a-19df23a]
	at net.minecraft.util.thread.IAsyncTaskHandlerReentrant.d(SourceFile:23) ~[spigot-1.19.2-R0.1-SNAPSHOT.jar:3610-Spigot-6198b5a-19df23a]
	at net.minecraft.server.MinecraftServer.b(MinecraftServer.java:1150) ~[spigot-1.19.2-R0.1-SNAPSHOT.jar:3610-Spigot-6198b5a-19df23a]
	at net.minecraft.server.MinecraftServer.d(MinecraftServer.java:1) ~[spigot-1.19.2-R0.1-SNAPSHOT.jar:3610-Spigot-6198b5a-19df23a]
	at net.minecraft.util.thread.IAsyncTaskHandler.x(SourceFile:131) ~[spigot-1.19.2-R0.1-SNAPSHOT.jar:3610-Spigot-6198b5a-19df23a]
	at net.minecraft.server.MinecraftServer.bh(MinecraftServer.java:1129) ~[spigot-1.19.2-R0.1-SNAPSHOT.jar:3610-Spigot-6198b5a-19df23a]
	at net.minecraft.server.MinecraftServer.x(MinecraftServer.java:1122) ~[spigot-1.19.2-R0.1-SNAPSHOT.jar:3610-Spigot-6198b5a-19df23a]
	at net.minecraft.util.thread.IAsyncTaskHandler.c(SourceFile:140) ~[spigot-1.19.2-R0.1-SNAPSHOT.jar:3610-Spigot-6198b5a-19df23a]
	at net.minecraft.server.MinecraftServer.w(MinecraftServer.java:1106) ~[spigot-1.19.2-R0.1-SNAPSHOT.jar:3610-Spigot-6198b5a-19df23a]
	at net.minecraft.server.MinecraftServer.v(MinecraftServer.java:1017) ~[spigot-1.19.2-R0.1-SNAPSHOT.jar:3610-Spigot-6198b5a-19df23a]
	at net.minecraft.server.MinecraftServer.lambda$0(MinecraftServer.java:293) ~[spigot-1.19.2-R0.1-SNAPSHOT.jar:3610-Spigot-6198b5a-19df23a]
	at java.lang.Thread.run(Thread.java:833) [?:?]
Caused by: java.lang.ClassNotFoundException: me.lucko.luckperms.api.LuckPermsApi
	at org.bukkit.plugin.java.PluginClassLoader.loadClass0(PluginClassLoader.java:147) ~[spigot-api-1.19.2-R0.1-SNAPSHOT.jar:?]
	at org.bukkit.plugin.java.PluginClassLoader.loadClass(PluginClassLoader.java:99) ~[spigot-api-1.19.2-R0.1-SNAPSHOT.jar:?]
	at java.lang.ClassLoader.loadClass(ClassLoader.java:520) ~[?:?]
	... 35 more
[20:58:14] [Server thread/INFO]: [ItemsAdder] Enabling ItemsAdder v3.2.5-beta5
[20:58:14] [Server thread/INFO]: [NBTAPI] Found Spigot: v1_19_R1! Trying to find NMS support
[20:58:14] [Server thread/INFO]: [NBTAPI] NMS support 'MC1_19_R1' loaded!
[20:58:14] [Server thread/INFO]: [NBTAPI] Found Gson: class com.google.gson.Gson
[20:58:15] [Server thread/WARN]: [LoneLibs] Loaded class net.kyori.adventure.text.Component from SCore v3.9.15 which is not a depend or softdepend of this plugin.
[20:58:15] [Server thread/INFO]: [ItemsAdder] [0m[38;5;51m
[38;5;51m  ___  ___        __        __   __   ___  __  [38;5;2m    ItemsAdder[38;5;246m 3.2.5-beta5
[38;5;51m|  |  |__   |\/| /__`  /\  |  \ |  \ |__  |__) [38;5;2m    LoneLibs[38;5;246m 1.0.21
[38;5;51m|  |  |___  |  | .__/ /--\ |__/ |__/ |___ |  \ [38;5;8m    CraftBukkit 3610-Spigot-6198b5a-19df23a (MC: 1.19.2)
[38;5;51m                                               [0m
[20:58:15] [Server thread/ERROR]: [ItemsAdder] [0m[38;5;9mYOU RELOADED THE PLUGIN/SERVER, this may cause bugs.[0m
[20:58:15] [Server thread/ERROR]: [ItemsAdder] [0m[38;5;8mPlease use [38;5;51m/iareload[38;5;8m to reload configurations.[0m
[20:58:15] [Server thread/ERROR]: [ItemsAdder] [0m[38;5;8mPlease [38;5;51mrestart the server[38;5;8m if you want to update the plugin jar.

[0m
[20:58:15] [Server thread/INFO]: [ItemsAdder] [0m[38;5;11mLightAPI not installed, please install it to see blocks emitting light: [38;5;51mhttps://a.devs.beer/lightapi-new[0m
[20:58:15] [Server thread/INFO]: [BossShopPro] Enabling BossShopPro v2.1.0-SNAPSHOT
[20:58:15] [Server thread/INFO]: [BossShopPro] Loading data...
[20:58:15] [Server thread/INFO]: [BossShopPro] Hooked into PlaceholderAPI.
[20:58:15] [Server thread/INFO]: [BlockSounds] Enabling BlockSounds v1.3
[20:58:15] [Server thread/INFO]: [CustomCrops] Enabling CustomCrops v2.1.2
[20:58:16] [Server thread/INFO]: [CustomCrops] Running on 3610-Spigot-6198b5a-19df23a (MC: 1.19.2)
[20:58:16] [Server thread/INFO]: [CustomCrops] Custom Item Plugin Platform: ItemsAdder
[20:58:16] [Server thread/INFO]: [CustomCrops] Crop Mode: Tripwire
[20:58:16] [Server thread/INFO]: [CustomCrops] Loaded 13 crops
[20:58:16] [Server thread/INFO]: [CustomCrops] Loaded 15 fertilizers
[20:58:16] [Server thread/INFO]: [CustomCrops] Loaded 3 sprinklers
[20:58:16] [Server thread/INFO]: [CustomCrops] Loaded 4 watering cans
[20:58:16] [Server thread/INFO]: [PlaceholderAPI] Successfully registered expansion: cseason [1.0]
[20:58:16] [Server thread/INFO]: [CustomCrops] Plugin Enabled!
[20:58:16] [Server thread/INFO]: [SCore] Enabling SCore v3.9.15
[20:58:16] [Server thread/INFO]: ================ SCore ================
[20:58:16] [Server thread/INFO]: SCore Version of the server 3610-Spigot-6198b5a-19df23a (MC: 1.19.2) !
[20:58:16] [Server thread/INFO]: SCore ExecutableBlocks hooked !
[20:58:16] [Server thread/INFO]: SCore PlaceholderAPI hooked !
[20:58:16] [Server thread/INFO]: SCore Vault hooked !
[20:58:16] [Server thread/INFO]: SCore Multiverse-Core hooked !
[20:58:16] [Server thread/INFO]: SCore ProtocolLib hooked !
[20:58:16] [Server thread/INFO]: SCore ItemsAdder hooked !
[20:58:16] [Server thread/INFO]: SCore Locale setup: EN
[20:58:16] [Server thread/INFO]: SCore Language setup on EN
[20:58:16] [Server thread/WARN]: [SCore] Loaded class org.h2.Driver from AdvancedAchievements v6.2.1 which is not a depend or softdepend of this plugin.
[20:58:16] [Server thread/INFO]: SCore onnection to the db...
[20:58:16] [Server thread/INFO]: SCore Creating table SecurityOP if not exists...
[20:58:16] [Server thread/INFO]: SCore Creating table Commands if not exists...
[20:58:16] [Server thread/INFO]: SCore Creating table Cooldowns if not exists...
[20:58:16] [Server thread/INFO]: SCore Creating table Commands Player if not exists...
[20:58:16] [Server thread/INFO]: SCore Creating table Commands Entity if not exists...
[20:58:16] [Server thread/INFO]: SCore Creating table Commands Block if not exists...
[20:58:16] [Server thread/INFO]: SCore Creating table UsePerDay if not exists...
[20:58:18] [Server thread/INFO]: SCore SCore loaded 0 delayed commands saved
[20:58:18] [Server thread/INFO]: [PlaceholderAPI] Successfully registered expansion: SCore [1.0.0]
[20:58:18] [Server thread/INFO]: ================ SCore ================
[20:58:18] [Server thread/INFO]: [ExecutableBlocks] Enabling ExecutableBlocks v3.9.15
[20:58:18] [Server thread/INFO]: ================ ExecutableBlocks ================
[20:58:18] [Server thread/INFO]: ExecutableBlocks ItemsAdder hooked !
[20:58:18] [Server thread/INFO]: ExecutableBlocks There are: 3 ExecutableBlock placed configs to load.
[20:58:18] [Server thread/INFO]: ExecutableBlocks 0/3 blocks loaded.
[20:58:18] [Server thread/INFO]: ExecutableBlocks 1/3 blocks loaded.
[20:58:18] [Server thread/INFO]: ExecutableBlocks 2/3 blocks loaded.
[20:58:18] [Server thread/INFO]: ExecutableBlocks 3 ExecutableBlock(s)Placed loaded !
[20:58:18] [Server thread/INFO]: ================ ExecutableBlocks ================
[20:58:18] [Server thread/INFO]: Server permissions file permissions.yml is empty, ignoring it
[20:58:19] [Server thread/INFO]: [PlaceholderAPI] Placeholder expansion registration initializing...
[20:58:19] [Server thread/INFO]: Demy___: Reload complete.
[20:58:19] [Server thread/WARN]: Can't keep up! Is the server overloaded? Running 22704ms or 454 ticks behind
[20:58:19] [Craft Scheduler Thread - 318/INFO]: [ItemJoin] Hooked into { Multiverse-Core, PlaceholderAPI, ProtocolLib, Vault }
[20:58:19] [Craft Scheduler Thread - 318/INFO]: [ItemJoin] 1 Custom item(s) loaded!
[20:58:19] [Craft Scheduler Thread - 318/WARN]: [ItemJoin] Loaded class org.h2.Driver from AdvancedAchievements v6.2.1 which is not a depend or softdepend of this plugin.
[20:58:19] [Server thread/INFO]: Essentials found a compatible payment resolution method: Vault Compatibility Layer (v1.7.3-b131)!
[20:58:19] [Server thread/INFO]: [ItemsAdder] [0m[38;5;51m[Pack] Extracting utility resource_pack assets from .jar[0m
[20:58:19] [Craft Scheduler Thread - 317/INFO]: §6Récupération des informations de version...
[20:58:19] [Craft Scheduler Thread - 322/INFO]: [ItemsAdder] [0m
[0m
[ItemsAdder] [38;5;10mUPDATE available: [38;5;51mhttps://www.spigotmc.org/resources/73355/[0m
[ItemsAdder] [38;5;8mCurrent version: 3.2.5-beta5[38;5;8m | Online version: 3.3.0b-r4
[0m
[20:58:19] [Server thread/INFO]: [ItemsAdder] [0m[38;5;10m[Pack] DONE extracting utility resource_pack assets from .jar[0m
[20:58:19] [Craft Scheduler Thread - 323/INFO]: [ItemJoin] You are up to date!
[20:58:19] [Craft Scheduler Thread - 313/INFO]: [ItemsAdder] [0m[38;5;10m[License] Spigot product licensed to: [38;5;51mluluxe (244044)[0m
[20:58:20] [Server thread/INFO]: [PlaceholderAPI] Successfully registered expansion: Advancements [1.7]
[20:58:20] [Server thread/WARN]: [PlaceholderAPI] Loaded class net.luckperms.api.LuckPerms from LuckPerms v5.4.58 which is not a depend or softdepend of this plugin.
[20:58:20] [Server thread/INFO]: [PlaceholderAPI] Successfully registered expansion: luckperms [5.4-R2]
[20:58:20] [Server thread/INFO]: 2 placeholder hook(s) registered!
[20:58:20] [Craft Scheduler Thread - 323/INFO]: [Vault] Checking for Updates ... 
[20:58:20] [Craft Scheduler Thread - 323/INFO]: [Vault] No new version available
[20:58:20] [Server thread/INFO]: Demy___ issued server command: /difficulty peaceful
[20:58:20] [Server thread/INFO]: [Demy___: The difficulty has been set to Peaceful]
[20:58:20] [Server thread/INFO]: Demy___ issued server command: /difficulty peaceful
[20:58:20] [Server thread/INFO]: Demy___ issued server command: /gm 1
[20:58:21] [Craft Scheduler Thread - 273/INFO]: [ItemsAdder] [0m[38;5;11mLoaded [38;5;51m224[38;5;11m items[0m
[20:58:21] [Craft Scheduler Thread - 273/INFO]: [ItemsAdder] [0m[38;5;11mUsed [38;5;51m20[38;5;11m/[38;5;51m188[38;5;11m REAL block IDs[0m
[20:58:21] [Craft Scheduler Thread - 273/INFO]: [ItemsAdder] [0m[38;5;11mUsed [38;5;51m110[38;5;11m/[38;5;51m750[38;5;11m REAL_NOTE block IDs[0m
[20:58:21] [Craft Scheduler Thread - 273/INFO]: [ItemsAdder] [0m[38;5;11mUsed [38;5;51m52[38;5;11m/[38;5;51m63[38;5;11m REAL_TRANSPARENT block IDs[0m
[20:58:21] [Craft Scheduler Thread - 273/INFO]: [ItemsAdder] [0m[38;5;11mUsed [38;5;51m0[38;5;11m/[38;5;51m127[38;5;11m REAL_WIRE block IDs[0m
[20:58:21] [Craft Scheduler Thread - 273/INFO]: [ItemsAdder] [0m[38;5;11mUsed [38;5;51m0[38;5;11m/[38;5;51m14[38;5;11m FIRE block IDs[0m
[20:58:21] [Craft Scheduler Thread - 273/INFO]: [ItemsAdder] [0m[38;5;11mUsed [38;5;51m5[38;5;11m/[38;5;51m6608[38;5;11m font_images[0m
[20:58:21] [Server thread/INFO]: Demy___ has made the advancement [Change of Sheets]
[20:58:21] [Server thread/INFO]: Demy___ has completed the challenge [Insomniac]
[20:58:22] [Craft Scheduler Thread - 317/INFO]: [BossShopPro] Loaded 5 Shops!
[20:58:22] [Craft Scheduler Thread - 273/INFO]: [ItemsAdder] [0m[38;5;10m[Init] Loaded [38;5;51m3[38;5;11m categories[0m
[20:58:22] [Craft Scheduler Thread - 273/INFO]: [ItemsAdder] [0m[38;5;10m[Init] Loaded [38;5;51m224[38;5;10m items and stuff in [38;5;51m3339ms[0m
[20:58:22] [Craft Scheduler Thread - 273/INFO]: [ItemsAdder] [0m[38;5;51m[Pack] Checking resourcepack url... [0m
[20:58:22] [Craft Scheduler Thread - 322/INFO]: [ItemsAdder] [0m[38;5;10m[Pack] Resourcepack URL (self-host): http://127.0.0.1:8163/pack.zip[0m
[20:58:22] [Server thread/INFO]: [PlaceholderAPI] Successfully registered expansion: img [1.0.1]
[20:58:22] [Server thread/INFO]: [PlaceholderAPI] Successfully registered expansion: iaplayerstat [1.0.1]
[20:58:22] [Server thread/INFO]: [BlockSounds - ItemsAdder] BlockSounds have been enabled!
[21:00:31] [Server thread/INFO]: [NBTAPI] Found Spigot: v1_19_R1! Trying to find NMS support
[21:00:31] [Server thread/INFO]: [NBTAPI] NMS support 'MC1_19_R1' loaded!
[21:00:31] [Server thread/INFO]: [NBTAPI] Found Gson: class com.google.gson.Gson
[21:00:31] [Thread-313/INFO]: [NBTAPI] The NBT-API seems to be up-to-date!
[21:03:52] [Server thread/INFO]: Demy___ issued server command: /function blazeandcave:config
[21:03:52] [Server thread/INFO]: [Demy___: Executed 27 commands from function 'blazeandcave:config']
[21:04:52] [Server thread/INFO]: Demy___ issued server command: /function blazeandcave:config/technical_settings
[21:04:52] [Server thread/INFO]: [Demy___: Executed 15 commands from function 'blazeandcave:config/technical_settings']
[21:05:00] [Server thread/INFO]: Demy___ issued server command: /function blazeandcave:config
[21:05:00] [Server thread/INFO]: [Demy___: Executed 27 commands from function 'blazeandcave:config']
[21:05:29] [Server thread/INFO]: Demy___ issued server command: /function blazeandcave:config/help_menu
[21:05:29] [Server thread/INFO]: [Demy___: Executed 12 commands from function 'blazeandcave:config/help_menu']
[21:09:17] [Server thread/INFO]: Demy___ issued server command: /function blazeandcave:config/help_teams
[21:09:17] [Server thread/INFO]: [Demy___: Executed 10 commands from function 'blazeandcave:config/help_teams']
[21:13:08] [Server thread/INFO]: Demy___ issued server command: /advancement test
[21:14:57] [Server thread/INFO]: Demy___ lost connection: Disconnected
[21:14:58] [Server thread/INFO]: Demy___ left the game
[21:34:30] [User Authenticator #8/INFO]: UUID of player Demy___ is 436d3716-30ec-4e15-b753-d52946ee5739
[21:34:30] [Server thread/INFO]: Demy___ joined the game
[21:34:30] [Server thread/INFO]: Demy___[/127.0.0.1:54224] logged in with entity id 4294 at ([Superflat]30.028409781088246, -60.0, -5.7957286041792)
[21:35:00] [Server thread/INFO]: Demy___ lost connection: Timed out
[21:35:00] [Server thread/INFO]: Demy___ left the game
[21:35:08] [User Authenticator #9/INFO]: UUID of player Demy___ is 436d3716-30ec-4e15-b753-d52946ee5739
[21:35:08] [Server thread/INFO]: Demy___ joined the game
[21:35:08] [Server thread/INFO]: Demy___[/127.0.0.1:54264] logged in with entity id 4305 at ([Superflat]30.028409781088246, -60.0, -5.7957286041792)
[21:35:24] [Server thread/INFO]: Demy___ has made the advancement [Who is Cutting Onions?]
[21:35:24] [Server thread/INFO]: Demy___ has made the advancement [Anchorman]
[21:35:24] [Server thread/INFO]: [AdvancedAchievements] Player Demy___ received the achievement: maxlevel_10 (§4Rookie)
[21:35:38] [Server thread/INFO]: Demy___ issued server command: /clear
[21:35:48] [Server thread/INFO]: Demy___ has made the advancement [The First Night]
[21:38:24] [Server thread/INFO]: Demy___ lost connection: Disconnected
[21:38:24] [Server thread/INFO]: Demy___ left the game
[21:48:14] [Server thread/INFO]: com.mojang.authlib.GameProfile@23045d22[id=<null>,name=Demy___,properties={},legacy=false] (/127.0.0.1:54716) lost connection: Disconnected
[21:51:11] [User Authenticator #10/INFO]: UUID of player Demy___ is 436d3716-30ec-4e15-b753-d52946ee5739
[21:51:11] [Server thread/INFO]: Demy___ joined the game
[21:51:11] [Server thread/INFO]: Demy___[/127.0.0.1:54975] logged in with entity id 4354 at ([Superflat]-31.457385296800656, -56.1875, 38.107059970802915)
[22:07:06] [Server thread/INFO]: Demy___ lost connection: Disconnected
[22:07:06] [Server thread/INFO]: Demy___ left the game
[22:18:58] [User Authenticator #11/INFO]: UUID of player Demy___ is 436d3716-30ec-4e15-b753-d52946ee5739
[22:18:59] [Server thread/INFO]: Demy___ joined the game
[22:18:59] [Server thread/INFO]: Demy___[/127.0.0.1:54824] logged in with entity id 4549 at ([Superflat]-31.457385296800656, -53.892553379885214, 38.107059970802915)
[22:20:00] [Server thread/INFO]: CONSOLE issued server command: /essentials:sudo Demy___ bs
[22:20:00] [Server thread/INFO]: Demy___ a été forcé d’exécuter : /bs
[22:20:00] [Server thread/INFO]: Demy___ issued server command: /bs
[22:46:35] [Server thread/INFO]: Stopping the server
[22:46:35] [Server thread/INFO]: Stopping server
[22:46:35] [Server thread/INFO]: [ExecutableBlocks] Disabling ExecutableBlocks v3.9.15
[22:46:35] [Server thread/INFO]: [CustomCrops] Disabling CustomCrops v2.1.2
[22:46:35] [Server thread/INFO]: [BlockSounds] Disabling BlockSounds v1.3
[22:46:35] [Server thread/INFO]: [BossShopPro] Disabling BossShopPro v2.1.0-SNAPSHOT
[22:46:35] [Server thread/INFO]: [BossShopPro] Disabling... bye!
[22:46:35] [Server thread/INFO]: [ItemsAdder] Disabling ItemsAdder v3.2.5-beta5
[22:46:35] [Craft Scheduler Thread - 321/INFO]: [ItemsAdder] [0m[38;5;51m[Host] Started self-host webserver on port: 8163[0m
[22:46:35] [Server thread/INFO]: [ItemJoin] Disabling ItemJoin v5.2.5-RELEASE-b850
[22:46:35] [Server thread/INFO]: [AdvancedAchievements-LuckPerms-Hook] Disabling AdvancedAchievements-LuckPerms-Hook v1.1.0
[22:46:35] [Server thread/INFO]: [TAB] Disabling TAB v3.2.1
[22:46:35] [Server thread/INFO]: [TAB] Disabled in 11ms
[22:46:35] [Server thread/INFO]: [EssentialsChat] Disabling EssentialsChat v2.17.0.0
[22:46:35] [Server thread/INFO]: [AdvancedAchievements] Disabling AdvancedAchievements v6.2.1
[22:46:35] [Server thread/INFO]: [AdvancedAchievements] Remaining requests sent to the database, plugin successfully disabled.
[22:46:35] [Server thread/INFO]: Disabling Essentials v2.19.7
[22:46:35] [Server thread/INFO]: [Vault] [Economy] Essentials Economy unhooked.
[22:46:35] [Server thread/INFO]: [SimpleScore] Disabling SimpleScore v3.12.2
[22:46:35] [Server thread/INFO]: [CrazyEnchantments] Disabling CrazyEnchantments v1.9.8
[22:46:35] [Server thread/INFO]: [AdvancedHelp] Disabling AdvancedHelp v1.12.7
[22:46:35] [Server thread/INFO]: [ProtocolLib] Disabling ProtocolLib v5.0.0-SNAPSHOT-b600
[22:46:35] [Server thread/INFO]: [Multiverse-Core] Disabling Multiverse-Core v4.3.1-b861
[22:46:35] [Server thread/INFO]: [LoneLibs] Disabling LoneLibs v1.0.21
[22:46:35] [Server thread/INFO]: [Vault] Disabling Vault v1.7.3-b131
[22:46:35] [Server thread/INFO]: [NametagEdit] Disabling NametagEdit v4.5.14
[22:46:35] [Server thread/INFO]: [PlaceholderAPI] Disabling PlaceholderAPI v2.11.2
[22:46:35] [Server thread/INFO]: [LuckPerms] Disabling LuckPerms v5.4.58
[22:46:35] [Server thread/INFO]: [LuckPerms] Starting shutdown process...
[22:46:35] [Server thread/INFO]: [LuckPerms] Closing storage...
[22:46:35] [Server thread/INFO]: [LuckPerms] Goodbye!
[22:46:35] [Server thread/INFO]: Saving players
[22:46:36] [Server thread/INFO]: Demy___ lost connection: Server closed
[22:46:36] [Server thread/INFO]: Demy___ left the game.
[22:46:36] [Server thread/INFO]: Saving worlds
[22:46:47] [Server thread/INFO]: Saving chunks for level 'ServerLevel[world]'/minecraft:overworld
[22:46:47] [Server thread/INFO]: Saving chunks for level 'ServerLevel[world_nether]'/minecraft:the_nether
[22:46:47] [Server thread/INFO]: Saving chunks for level 'ServerLevel[world_the_end]'/minecraft:the_end
[22:46:47] [Server thread/INFO]: Saving chunks for level 'ServerLevel[Superflat]'/minecraft:superflat
[22:46:48] [Server thread/INFO]: ThreadedAnvilChunkStorage (world): All chunks are saved
[22:46:48] [Server thread/INFO]: ThreadedAnvilChunkStorage (DIM-1): All chunks are saved
[22:46:48] [Server thread/INFO]: ThreadedAnvilChunkStorage (DIM1): All chunks are saved
[22:46:48] [Server thread/INFO]: ThreadedAnvilChunkStorage (Superflat): All chunks are saved
[22:46:48] [Server thread/INFO]: ThreadedAnvilChunkStorage: All dimensions are saved
